content,score,thumbsUpCount,reviewCreatedVersion,appVersion,at,cleaned_content
Good,5,0,2.18.0,2.18.0,2025-10-16 15:09:33,good
ok,5,0,2.16.0,2.16.0,2025-10-15 15:47:16,ok
saya ga bisa daftar . salalu gagal,1,0,,Unknown,2025-10-13 17:22:30,tidak daftar salalu gagal
Aplikasi sering eror,2,0,2.18.0,2.18.0,2025-10-13 13:54:38,aplikasi eror
GABISA DI BUKA APK NYA GAJE,1,0,2.18.0,2.18.0,2025-10-12 14:44:45,gabisa buka aplikasi gaje
"aplikasi dan website tidak bisa digunakan sudah berminggu² tapi tidak ada perbaikan. jaman sudah modern, masak mau kembali ke manual lagi beli tiket mesti ke agen.",1,1,2.18.0,2.18.0,2025-10-10 05:10:52,aplikasi website tidak minggu tidak baik jaman modern masak manual beli tiket mesti agen
"pengguna baru & baru aja klik masuk daftar, apk nya mudah untuk daftar acount,langsung terverfikasi semua,mulai dari no hp,email,alamat tinggal dll. hanya belum dicoba pesan tiket,persiapan saja, supaya lebih mudah,tanpa harus jalan ke agen.",5,0,,Unknown,2025-10-09 16:15:29,guna klik daftar aplikasi mudah daftar acountlangsung terverfikasi semuamulai no hpemailalamat tinggal dll coba pesan tiketpersiapan mudahtanpa jalan agen
"Gak bisa login, gak bisa daftar, gak bisa masuk pake cara apapun, stuck di menu login, daftar dan lainnya. Mungkin perlu diperbaiki, uninstall dulu, nunggu ada update",1,0,,Unknown,2025-10-09 06:01:34,tidak login tidak daftar tidak pake apa stuck menu login daftar baik uninstall nunggu update
bis telat & kursi dipindah2,1,0,2.18.0,2.18.0,2025-10-08 12:10:01,bis telat kursi pindah
Bayar Pakai QRIS ternyata ga bisa. Sudah coba hubungi cs kata cs nya QRIS lagi maintenance. Jadi suruh pakai pembayaran lain saja dan harus nunggu 1 jam agar bisa lanjut transaksi.,1,0,,Unknown,2025-10-07 13:12:31,bayar pakai qris tidak coba hubung cs cs qris maintenance suruh pakai bayar nunggu jam transaksi
"Saya naik bus Rosalia Indah nomor lambung 3032 dari Terminal Kalideres ke Bawen. Tanpa saya sadari, charger laptop saya tertinggal di bus, dan baru saya ketahui saat tiba di rumah sekitar pukul 04.00 pagi. Pagi harinya saya menghubungi agen Terminal Bawen, dan sekitar pukul 08.00 saya mendapat kabar dari layanan Rosalia Indah Online bahwa charger saya sudah ditemukan dan akan dikirim ke agen Bawen. Terima kasih atas pelayanan yang cepat, ramah, dan profesional.",5,0,2.18.0,2.18.0,2025-10-07 08:51:36,bus rosalia indah nomor lambung terminal kalideres bawen sadar charger laptop tinggal bus tahu rumah pagi pagi hari hubung agen terminal bawen kabar layan rosalia indah online charger temu kirim agen bawen terima kasih layan cepat ramah profesional
mantap,5,0,2.17.0,2.17.0,2025-10-06 20:34:30,mantap
Excellen aplikasi tiket bus.. Tingkatkan terus untuk menjadi lebih baik..,5,0,2.18.0,2.18.0,2025-10-05 23:05:47,excellen aplikasi tiket bus tingkat
"kenapa sekarang makin susah sekali mau cek harga tiket,",4,0,2.18.0,2.18.0,2025-10-05 12:26:18,susah cek harga tiket
"aplikasi tidak bisa masuk, sudah klik daftar tapi tidak ada progres lanjutan, setelah loading muncul, stuck di bagian daftar tidak ada kelanjutannya",1,22,2.18.0,2.18.0,2025-10-04 00:32:29,aplikasi tidak klik daftar tidak progres lanjut loading muncul stuck daftar tidak lanjut
simpel mudah digunakan sangat membantu ngga perlu repot harus ke agen.,5,0,2.18.0,2.18.0,2025-10-03 18:46:31,simpel mudah bantu ngga repot agen
"beli tiket salah tanggal, chat CS 24 jam dan bukan robot. akhirnya gercep bisa di rescedule.. rekomended",5,0,2.18.0,2.18.0,2025-10-02 23:39:40,beli tiket salah tanggal chat cs jam bukan robot gercep rescedule rekomended
kenapa ada beberapa agen yang ga bisa dibuka?,2,0,2.18.0,2.18.0,2025-10-02 17:27:38,agen tidak buka
"aplikasi error tidak bisa memunculkan asal dari dan tujuan,udah di coba mau buat akun baru ehh malah ga bisa daftar bikin repot ketika sedang ingin berpergian",1,0,,Unknown,2025-10-01 22:25:50,aplikasi error tidak muncul tujuanudah coba akun ehh tidak daftar bikin repot pergi
"Sudah diperbaiki, jadi bisa pakai lagi.. Terima kasih",5,0,2.18.0,2.18.0,2025-10-01 17:14:45,baik pakai terima kasih
"Aplikasi yang sangat membantu dalam pemesanan.. bbrp kali melakukan booking Rosalia Indah selalu sukses.. lancar jaya. Yang perlu diperbaiki pada aplikasi ini.adalah ketika back di menu harus isi ulang data tujuan dan sebagainya.. btw aplikasi sangat bagus. Mantaab ROSALIA INDAH.. 🙏🙏🙏 dan tolong bus2 yang lama yang sudah ""tidak layak"" AKAP diganti bus2 yang baru.",5,1,2.17.0,2.17.0,2025-10-01 14:37:01,aplikasi bantu mesan bbrp booking rosalia indah sukses lancar jaya baik aplikasi iniadalah back menu isi ulang data tuju btw aplikasi bagus mantaab rosalia indah tolong bus tidak layak akap ganti bus
"Ga bisa update, apk nya ga bisa di update",3,0,2.17.0,2.17.0,2025-10-01 14:04:35,tidak update aplikasi tidak update
"katanya suruh update, udah di update masih belum bisa dibuka, ini gimna min?",1,0,2.17.0,2.17.0,2025-10-01 14:03:52,suruh update udah update buka gimna min
muncul pemberitahuan saat msk tp apk sudah diperbarui tetep tidak bisa dibuka parah,1,3,2.17.0,2.17.0,2025-10-01 13:09:45,muncul pemberitahuan msk aplikasi baru tetep tidak buka parah
aplikasi ini tidak bisa di buka setelah pembaharuan...,1,0,2.17.0,2.17.0,2025-10-01 13:00:14,aplikasi tidak buka baharu
mempermudah dalam mencari tiket,5,0,2.17.0,2.17.0,2025-10-01 12:39:34,mudah cari tiket
"apk gak mempermudah, sudah update minta lagi perbaharui versi",3,0,,Unknown,2025-10-01 11:53:59,aplikasi tidak mudah update baharu versi
all nice,5,0,2.17.0,2.17.0,2025-10-01 11:52:50,all nice
jelek ga bisa pesan tiket mau cari lokasi tujuan memuat trs,1,0,2.17.0,2.17.0,2025-09-30 12:55:26,jelek tidak pesan tiket cari lokasi tuju muat trs
Saya belum pernah menggunakan Sarana tranportasi Rosalia Indah..ini tapi tapi mengamati.lewat You Tube.Armada ini.Cukup bagus dan elegan serta sangat ..mantap.jika menggunakan tranportasi Rosalia Indah ..ini..,4,1,2.17.0,2.17.0,2025-09-29 18:31:52,sarana tranportasi rosalia indahini mengamatilewat you tubearmada inicukup bagus elegan mantapjika tranportasi rosalia indah
"sudah dapat redeem 25% tapi menunggu konfirmasi mulu, dapat kode ke email aja nggak lho, mohon diperbaiki bug nya",2,0,2.17.0,2.17.0,2025-09-28 14:23:53,redeem tunggu konfirmasi mulu kode email nggak lho baik bug
"Minta tolong armada yang ke Cimahi dan sekitarnya mungkin bisa di tambah , krn tiap mau pulkam ke solo selalu Full terus gak kebagian",2,0,,Unknown,2025-09-28 09:53:17,tolong armada cimahi pulkam solo full tidak bagi
Kenapa sering error Min?,2,0,2.17.0,2.17.0,2025-09-27 19:03:52,error min
armada yg keren n selalu on time,5,0,2.16.0,2.16.0,2025-09-27 08:22:28,armada keren on time
sangat membantu dan mudah difahami.,5,0,2.17.0,2.17.0,2025-09-27 06:34:29,bantu mudah difahami
"sudah normal seperti semula, sangat membantu. Tinggal dipertahankan 👍🙏",5,0,2.17.0,2.17.0,2025-09-27 06:03:52,normal bantu tinggal tahan
min kok skrng gak bisa bayar pakai spaylater sih,3,0,2.17.0,2.17.0,2025-09-26 21:40:47,admin skrng tidak bayar pakai spaylater sih
kok g bisa login si min?,2,0,2.17.0,2.17.0,2025-09-26 17:13:28,login si min
"gimana ini development, mau log in gabisa.",3,0,2.17.0,2.17.0,2025-09-26 16:11:03,gimana development log in gabisa
perbaiki lagi sistem nya lemottt banget,1,0,2.17.0,2.17.0,2025-09-26 10:21:28,baik sistem lemottt banget
ini apk nya sering banget ga bisa munculin jadwal bus nya padahal di cek sebelumnya ada pas mau di cek lagi tiba tiba ngga ada. tolong dong di perbaiki dan admin nya tolong lebih responsif,2,0,,Unknown,2025-09-24 20:03:41,aplikasi banget tidak munculin jadwal bus cek cek ngga tolong baik admin tolong responsif
pelayanan selalu ok dan bisa diandalkan,5,0,2.16.0,2.16.0,2025-09-24 17:56:06,layan ok andal
Alhamdulillah pengalaman perjalanan menyenangkan,5,0,2.16.0,2.16.0,2025-09-24 17:53:07,alhamdulillah alam jalan senang
"sudah mulai kecewa dengan Rosalia indah, jam karet",2,0,2.17.0,2.17.0,2025-09-24 14:59:02,kecewa rosalia indah jam karet
kenapa gak ada transfer dari bank BNI,5,0,2.17.0,2.17.0,2025-09-24 06:27:52,tidak transfer bank bni
ini aplikasi eror apa ya.gk bsa pesen online,1,0,2.17.0,2.17.0,2025-09-23 23:16:09,aplikasi eror yagk bsa sen online
"Sangat memudahkan bagi saya dan anak2 saya,armadanya bersih,nyaman.Pelayanan kru petugasnya ramah,sopan.Fasiitas utk makanannya enak.Tolong utk pembayaran tiket online ditambah banknya(BNI,ewalletnya jg)",5,3,2.16.0,2.16.0,2025-09-23 14:47:28,mudah anak sayaarmadanya bersihnyamanpelayanan kru tugas ramahsopanfasiitas makan enaktolong bayar tiket online tambah banknyabniewalletnya jg
"apk ini cukup memuaskan 1. menjauhi calo tiket, harga relatif murah ketentuan dari pusat nya di sebelah dgn bus yang tidak memadai di patok harga mahal karena agen nya pun main harga 2. pelayanan kru nya biasa aja kediri to bandung",5,6,2.16.0,2.16.0,2025-09-21 12:59:22,aplikasi muas jauh calo tiket harga relatif murah tentu pusat belah bus tidak pada patok harga mahal agen main harga layan kru diri to bandung
"pihak rosalia indah tidak bertanggung jawab dan menyalahkan pelanggan. dua kali pemesanan via aplikasi tapi malah nomor armadanya ternyata tidak ada, padahal sudah menunggu 1 jam. bila memang tidak siap dengan pemesanan via aplikasi tolong hapus saja atau jangan disediakan. sangat merugikan pelanggan",1,0,,Unknown,2025-09-21 03:14:45,rosalia indah tidak tanggung salah langgan mesan via aplikasi nomor armada tidak tunggu jam tidak mesan via aplikasi tolong hapus jangan sedia rugi langgan
mantap kalo bisa Adain rute Cilegon lasem,5,0,2.13.0,2.13.0,2025-09-18 23:33:47,mantap adain rute cilegon lasem
Aplikasinya bagus. Tapi tolong paging di screen history nya dibenerin dong. saya mau Lihat history lama buat klaim tiket gratis. Kalo udah dibenerin nanti ku kasih bintang 5. Makasih,2,1,2.16.0,2.16.0,2025-09-15 18:01:52,aplikasi bagus tolong paging screen history dibenerin history klaim tiket gratis udah dibenerin ku kasih bintang makasih
"apknya tidak bisa login via nomor telpon,untuk developer segera diperbaiki",3,0,,Unknown,2025-09-14 20:26:29,apknya tidak login via nomor telponuntuk developer baik
"yg kelas eksekutif perlu di perhatikan, sering mengalami trouble. yg parah perjalanan dari jakarta ke arah timur pernah suspensinya keras, di perut sakit terguncang keras, dan waktu tempuh jadi molor. ampun dah",1,0,2.16.0,2.16.0,2025-09-13 06:36:46,kelas eksekutif perhati alami trouble parah jalan jakarta arah timur suspensi keras perut sakit guncang keras waktu tempuh molor ampun dah
pelayanan ramah,5,0,,Unknown,2025-09-12 23:06:18,layan ramah
llllo,5,0,,Unknown,2025-09-12 21:26:17,llllo
"mohon untuk di perbaik lagii untuk app dulu tidak lemottt,,,,kenapa sekarang jadi sering lemottt sekaliiii",1,2,2.16.0,2.16.0,2025-09-10 18:35:12,baik lagi aplikasi tidak lemotttkenapa lemottt sekaliiii
setiap mau cek harga tiket gak pernah muncul ..,1,0,2.16.0,2.16.0,2025-09-10 17:25:39,cek harga tiket tidak muncul
"bis nya bagus,bersih ,nyaman awak bis nya ramah2",5,1,2.16.0,2.16.0,2025-09-10 17:19:49,bis bagusbersih nyaman awak bis ramah
"kenapa untuk Cikopo tidak bisa order via aplikasi lagi, padahal saya sekeluarga ordernya dr Cikopo",1,0,,Unknown,2025-09-10 14:28:49,cikopo tidak order via aplikasi keluarga order dr cikopo
Fasilitas atau service gak sesuai aplikasi dan tiket fisik. service makannya juga kurang enak,3,1,2.16.0,2.16.0,2025-09-10 06:25:02,fasilitas service tidak sesuai aplikasi tiket fisik service makan
agak kurang login,5,0,2.16.0,2.16.0,2025-09-08 16:03:55,login
emang aplikasinya lemot ya? mau daftar gak bisa bisa mau milih jurusan juga lemot banget pokonya apa apa lemot,1,1,2.16.0,2.16.0,2025-09-08 08:43:53,emang aplikasi lot daftar tidak milih jurus lot banget poko lot
maaf pengguna baru ..baru aja download terus pas login ngga bisa masuk sudah berulang ulang dan di ulang ulang hasil tetep sama ngga bisa masuk ke aplikasi,4,11,2.16.0,2.16.0,2025-09-07 21:52:28,maaf guna download login ngga ulang ulang ulang ulang hasil tetep ngga aplikasi
bermasalah terus,3,0,2.16.0,2.16.0,2025-09-07 18:49:58,masalah
untuk pelayanan paket sangat buruk tidak memuaskan untuk pelangan,1,0,2.16.0,2.16.0,2025-09-06 12:25:55,layan paket buruk tidak muas pelang
"sangat membantu dan mudah menggunakannya, saran saja, mungkin bisa ditambah fitur re-schedule dan cancel / re-fund",5,1,2.16.0,2.16.0,2025-09-03 18:22:33,bantu mudah guna saran tambah fitur reschedule cancel refund
Bersama ROSALIA INDAH NYAMAN AMAN dijalan,5,0,2.16.0,2.16.0,2025-09-03 06:12:45,rosalia indah nyaman aman jalan
setelah update malah ga bisa dibuka semua agennya. parahhh.....,1,18,2.16.0,2.16.0,2025-09-02 10:47:22,update tidak buka agen parahhh
banyak bug,1,0,2.16.0,2.16.0,2025-09-01 19:43:55,bug
aplikasi kok eror gak di cek dlu kalo upload,2,0,2.16.0,2.16.0,2025-09-01 09:54:03,aplikasi eror tidak cek dlu upload
bintang 4 karna belum bisa cetak e ticket dari app.,4,0,2.16.0,2.16.0,2025-08-31 21:31:34,bintang karna cetak ticket app
"mudah dan nyaman, perbaiki lagi aplikasinya, setelah update beberapa transaksi tidak masuk riwayat",4,1,2.16.0,2.16.0,2025-08-31 19:32:43,mudah nyaman baik aplikasi update transaksi tidak riwayat
pembayaran e wallet shopee kok gak ada ?? tolong perbaiki lagi..!!,2,0,2.16.0,2.16.0,2025-08-29 22:18:55,bayar wallet shopee tidak tolong baik
mau daftar gak bisa. erorr . tolong di perbaiki,2,0,,Unknown,2025-08-29 14:26:20,daftar tidak erorr tolong baik
"bus double deckernya panas cokk, nyesel bgt naiknya. udah naik PO lain aja yg adem",1,0,2.16.0,2.16.0,2025-08-28 23:04:14,bus double deckernya panas cokk nyesel banget naik udah po adem
kenapa ini tidak bisa memilih dan malah muter terus setelah update,1,1,2.16.0,2.16.0,2025-08-27 00:58:16,tidak pilih muter update
lagi error bukan?,1,0,2.16.0,2.16.0,2025-08-26 15:08:46,error bukan
aplikasi terkadang tidak bisa login dan daftar perjalanannya tidak ada.,2,0,,Unknown,2025-08-26 11:18:21,aplikasi terkadang tidak login daftar jalan tidak
loading terus gk bisa digunain,2,0,2.16.0,2.16.0,2025-08-25 06:57:48,loading tidak digunain
kok ngelag parah sih padahal aplikasi lain normal semua ini doang yang lag tolong diperbaiki🤦‍♂️,1,17,2.16.0,2.16.0,2025-08-24 20:55:50,ngelag parah sih aplikasi normal doang lag tolong baik
gabisa login,1,0,2.16.0,2.16.0,2025-08-24 13:27:13,gabisa login
"aplikasi nya Gk bisa di buka,buat daftar dan beli tiket",4,0,,Unknown,2025-08-23 18:08:48,aplikasi tidak bukabuat daftar beli tiket
cuma daftar ke akun baru di aplikasi Rosalia indah online tidak bisa ke daftar mohon segera mengatasi nya,3,0,2.16.0,2.16.0,2025-08-23 16:23:38,daftar akun aplikasi rosalia indah online tidak daftar atas
mau nyoba naik bis ini tapi blum kesampaian,5,0,2.16.0,2.16.0,2025-08-22 20:07:37,nyoba bis blum
aplikasi mudah di operasionalkan,5,0,2.15.0,2.15.0,2025-08-22 16:48:29,aplikasi mudah operasional
untuk mendaftarkan akun sulit dan banyak kendala,1,1,2.16.0,2.16.0,2025-08-22 10:21:47,daftar akun sulit kendala
"daritadi mau login gakbisa terus, dulu padahal udah punya akun dan sering beli tiket disini.",1,0,,Unknown,2025-08-22 06:48:16,daritadi login gakbisa udah akun beli tiket
"banyak pilihan rute trans java , keberangkatan pasti dan pelayanan okay, good job ROSIN smoga jaya jaya selalu",5,0,2.7.2,2.7.2,2025-08-21 20:51:49,pilih rute trans java berangkat layan okay good job rosin smoga jaya jaya
"apk sebelumnya sudah bagus, kita bisa cek posisi kendaraan meskipun seringnya tidak bergerak, sekarang malah di hilangkan sama sekali. Seharusnya kalau bisa malah ditambahkan seperti maps saat kita dalam perjalanan, jadi tahu kita posisi dimana, pemberhentian selanjutnya dimana.",5,0,,Unknown,2025-08-21 08:55:33,aplikasi bagus cek posisi kendara tidak gerak hilang maps jalan posisi mana henti mana
cukup efektif untuk pemesanan tiketnya,5,1,2.15.0,2.15.0,2025-08-21 00:17:33,efektif mesan tiket
Aplikasi Tidak Responsif,1,0,2.14.0,2.14.0,2025-08-20 18:38:58,aplikasi tidak responsif
"bus paling nyaman mudik dari pemalang lampung bolak balik terus rutin, mantap sangat rekomendasi, restauran nyaman dan bersih terjamin..",5,1,2.15.0,2.15.0,2025-08-20 16:37:38,bus nyaman mudik malang lampung bolak rutin mantap rekomendasi restauran nyaman bersih jamin
semenjak update aplikasi sama sekali tidak berfungsi tolong diperbaiki lebih baik lagi,1,2,2.14.0,2.14.0,2025-08-19 18:31:13,semenjak update aplikasi tidak fungsi tolong baik
pelayananya puas,5,0,2.14.0,2.14.0,2025-08-19 16:44:27,pelayananya puas
udah pake sinyal wifi tetep aja gak bisa masuk login coba lah diperbaiki lagi,1,14,2.14.0,2.14.0,2025-08-17 15:56:37,udah pake sinyal wifi tetep tidak login coba baik
sangat membantu......,4,0,2.13.0,2.13.0,2025-08-17 13:36:47,bantu
"armadanya kok beda2 ya interiornya, trus trakhir naik yg Doble Decker kok kamar mandi nya kuotor parah.",1,0,2.13.0,2.13.0,2025-08-16 01:43:29,armada beda interior trus trakhir doble decker kamar mandi kuotor parah
Informasinya lengkap,5,0,2.13.0,2.13.0,2025-08-15 19:12:24,informasi lengkap
fitur lacak lokasi bus sudah tidak ada,3,0,2.14.0,2.14.0,2025-08-15 18:31:47,fitur lacak lokasi bus tidak
saya klik daftat malah ga ada apa2 udah masukin nomor dan email.. ga ada respon di apk nya gitu2 aja coba di perbaiki lah..,2,16,2.14.0,2.14.0,2025-08-15 17:52:24,klik daftat tidak udah masukin nomor email tidak respon aplikasi gitu coba baik
armadanya suka molor,2,0,2.14.0,2.14.0,2025-08-15 00:13:40,armada suka molor
terimakasih selalu mengantarku Jember - Tegal,5,0,2.13.0,2.13.0,2025-08-13 11:56:35,terimakasih antar jember tegal
titik tujuan nya tidak ada yg sesuai masa saya pilih tujuan jogja nggak muncul sama sekali,1,0,2.14.0,2.14.0,2025-08-13 11:37:32,titik tuju tidak sesuai pilih tuju jogja nggak muncul
kok jadi lemot ya? UI jg pas milik kota jadi mentok bgt diatas ketutupan notch,3,0,2.13.0,2.13.0,2025-08-11 16:02:08,lot ui milik kota mentok banget atas tutup notch
saya buka pesen tiket buat tgl 4 September kok di penyimpanan ngga bisa,5,1,2.13.0,2.13.0,2025-08-10 19:44:25,buka sen tiket tgl september simpan ngga
sangat jelek tidak bisa masuk akun sudah benar juga ttp tidak bisa masuk,1,0,,Unknown,2025-08-07 23:05:40,jelek tidak akun ttp tidak
"beli online , jadwal diubah suka suka ga dikasih tahu",1,0,2.13.0,2.13.0,2025-08-07 12:58:32,beli online jadwal ubah suka suka tidak kasih
apk tdk berguna,1,0,2.13.0,2.13.0,2025-08-06 21:41:24,aplikasi tidak guna
"Pembayaran via va shopeepay malah tau tau kebuka shopee nya, padahal belom isi saldo",1,0,,Unknown,2025-07-30 15:58:30,bayar via va shopeepay tau tau buka shopee bom isi saldo
"mudah utk pesannya tampilan terlalu lebar, jadi susah mengetik rute",3,0,,Unknown,2025-07-29 19:43:06,mudah pesan tampil lebar susah etik rute
aplikasi kusut + error,1,0,2.13.0,2.13.0,2025-07-29 15:24:38,aplikasi kusut error
👍,4,0,2.11.0,2.11.0,2025-07-27 22:52:11,
aplikasinya lemot,1,0,2.13.0,2.13.0,2025-07-27 18:28:14,aplikasi lot
Aplikasi gak guna. dibuat login gak bisa cari jadwal gak bisa,1,2,2.13.0,2.13.0,2025-07-27 05:50:46,aplikasi tidak login tidak cari jadwal tidak
Cepat proses ticketingnya. Ada pilihan rute Jkt kp.rambutan ke Malang pool pada pagi hari jam 7.00 dan tiba pada hari itu juga jam 22.00. Mantapf👍🏽,5,0,,Unknown,2025-07-26 17:40:47,cepat proses ticketingnya pilih rute jkt kprambutan malang pool pagi jam jam mantapf
"nyari tiket ke wonogiri dari jakarta selalu ga tersedia, aplikasi sepertinya tidak selalu update, saran untuk menejemen kalo memang belum sanggup ngelola aplikasi sendiri mendingan juga jualan di aplikasi tiket lainnya lebih memudahkan konsumen dalam memesan tiket, contoh traveloka atau redbus",1,0,,Unknown,2025-07-26 09:07:02,nyari tiket wonogiri jakarta tidak sedia aplikasi tidak update saran menejemen sanggup ngelola aplikasi mending jual aplikasi tiket mudah konsumen mes tiket contoh traveloka redbus
aplikasi tidak bisa di akses,1,0,2.13.0,2.13.0,2025-07-25 19:27:33,aplikasi tidak akses
Sikap dan pelayanan agen menurut saya tidak baik kepada cust.,1,0,,Unknown,2025-07-23 13:00:56,sikap layan agen tidak cust
"kagak bisa masuk, aplikasinya seperti aplikasinya pemerintah sulit diakses dan banyak/sering banget gangguan.",1,7,2.13.0,2.13.0,2025-07-22 05:59:55,kagak aplikasi aplikasi perintah sulit akses banyaksering banget ganggu
pesen tiket gak bs terus,1,0,,Unknown,2025-07-21 13:23:21,sen tiket tidak
PO BANYAK MALING! MANAJEMENNYA GABISA PROFESIONAL!,1,0,2.13.0,2.13.0,2025-07-21 03:31:25,po maling manajemen gabisa profesional
lumayan,2,0,,Unknown,2025-07-20 22:06:05,lumayan
"Aneh setelah di Upgrade, buat pesan tiket malah tidak bisa.... Sudah berkali kali dan sudah di uinstall juga masih tetap saja tidak bisa buat pesen tiket, tolong di perbaiki lagi",1,0,,Unknown,2025-07-19 17:39:41,aneh upgrade pesan tiket tidak kali uinstall tidak sen tiket tolong baik
enggak rekomen,1,0,2.13.0,2.13.0,2025-07-19 15:08:13,rekomen
aplikasi GX jelas mau cari tiket ajj susah & lagi agen yg d rosin Subang d chat d tlfn GX ad respon,1,0,2.13.0,2.13.0,2025-07-18 11:27:32,aplikasi gx cari tiket ajj susah agen rosin subang chat tlfn gx ad respon
bus elite keamanan sulit,1,0,,Unknown,2025-07-16 19:30:55,bus elite aman sulit
ini bus dngn ke amanan barang paling serem.. cctv aja dlm bus kg berfungsi.. gmn ngejamin .. laptop mahasiswi ilang gak bisa di lacak .. serem ah naik bus ini,1,0,2.9.0,2.9.0,2025-07-16 15:24:38,bus dngn aman barang rem cctv bus kg fungsi gmn ngejamin laptop mahasiswi ilang tidak lacak rem ah bus
KEAMANANNYA SANGAT RENTAN. LEPAS TANGGUNG JAWAB JIKA BARANGMU HILANG DI DALAM BUS. SEBAIKNYA CARI OPSI NAIK BUS LAIN,1,1,2.13.0,2.13.0,2025-07-16 06:13:28,aman rentan lepas tanggung barang hilang bus cari opsi bus
jasa transportasi NO!!! Jasa Maling YESS!!!,1,1,,Unknown,2025-07-15 19:18:26,jasa transportasi no jasa maling yess
tolol t4 tunggu yg di luar dikasih spiker biar yg nunggu di luar kedengeran kalao dipanggil,4,0,2.13.0,2.13.0,2025-07-15 17:23:34,tolol tunggu kasih spiker biar nunggu kedengeran kalao panggil
gak bisa log in knp 😢udh di coba gak bisa2 pake nmr suami juga gak bisa,1,0,2.13.0,2.13.0,2025-07-15 16:23:14,tidak log in knp udh coba tidak pake nmr suami tidak
"ini aplikasi tiba tiba eror pas mau chek in, dan dari pihak agent juga kurang membantu, tolong Jangan sering eror seperti ini jadi kita tidak bisa melihat jam dan pembayaran keberangkatan kita tanggal 14 juli, jam 12.40, 2025 hari senin",1,1,2.13.0,2.13.0,2025-07-14 13:42:10,aplikasi eror chek in agent bantu tolong jangan eror tidak jam bayar berangkat tanggal juli jam senin
Rosalia alhamdulillah mantap jaya,5,0,2.13.0,2.13.0,2025-07-14 12:59:46,rosalia alhamdulillah mantap jaya
cacat aplikasinya ga bisa di buka setelah update,1,0,,Unknown,2025-07-14 12:18:58,cacat aplikasi tidak buka update
aplikasi eror,1,0,2.13.0,2.13.0,2025-07-12 12:07:30,aplikasi eror
"dulu bisa di tracking, skrang kok g bisa lg?",3,0,2.13.0,2.13.0,2025-07-12 09:31:10,tracking skrang lg
"di tiket jam 17;30 ,, jam 19:00 masih nunggu belum berangkat,,kacau",1,0,2.13.0,2.13.0,2025-07-11 19:01:40,tiket jam jam nunggu berangkatkacau
Tolong ac d benerin... Berasa mau ke arah antartika🗿 dan tolong bus juga kalau mau jalan d cek dlu biar gk Mogok..,3,0,2.13.0,2.13.0,2025-07-10 21:44:50,tolong ac benerin asa arah antartika tolong bus jalan cek dlu biar tidak mogok
pelayanan buruk Rosalia indah telat 5 menit gak ada tolerannya.tiket gak ada casback na sama sekali .semoga owner-nya baca biar pelayanan na LBH ditingkatkan lagi .,1,0,2.8.4,2.8.4,2025-07-09 10:24:36,layan buruk rosalia indah telat menit tidak tolerannyatiket tidak casback na moga ownernya baca biar layan na lbh tingkat
mantapp,5,0,,Unknown,2025-07-08 19:04:36,mantapp
"dah mngecewakan terus...Bus telat² terus datangnya...telat ½ jam msih ok lah... lha inih 1,5 kdang 2 jam...😡",1,1,2.13.0,2.13.0,2025-07-07 16:46:00,dah mngecewakan terusbus telat datangnyatelat jam msih ok lha inih kdang jam
mau cari lokasi titik keberangkatan dan tujuan susaaaaaah,1,0,2.13.0,2.13.0,2025-07-05 21:01:37,cari lokasi titik berangkat tuju susaaaaaah
gak bisa dipake...eror,1,0,2.13.0,2.13.0,2025-07-04 22:35:32,tidak dipakeeror
"Saya sangat suka ada aplikasi seperti ini untuk memudahkan pemesanan tiket dan kontrol perjalanan, tapi sayangnya tidak support lagi android 9 ke bawah, padahal di info aplikasi ditulis masih mendukung android versi 7 ke atas..hmmm...",5,6,2.13.0,2.13.0,2025-07-04 18:29:52,suka aplikasi mudah mesan tiket kontrol jalan sayang tidak support android info aplikasi tulis dukung android versi atashmmm
kenapa cari tiket gak ada terus? tolong jawab,3,0,2.13.0,2.13.0,2025-07-04 15:28:55,cari tiket tidak tolong
setelah update menu lacak bus kok jadi tidak ada,5,1,2.13.0,2.13.0,2025-07-03 10:59:44,update menu lacak bus tidak
"armada nyaman, berangkat dan sampai tepat waktu",5,0,2.13.0,2.13.0,2025-07-02 19:10:17,armada nyaman berangkat waktu
saya pelanggan setia Rosin...tapi kali ini saya sangat kecewa dengan PRAMUGARA bernama RENDRA... anak kemarin sore bentak bentak penumpang... jurusan Bogor Jogja sebaliknya nomer lambung 125 BO.1402...tolong di training ulang atau di pecat crew PRAMUGARA bernama RENDRA... jangan sampai penumpang semua kecewa dengan pelayanan muka gak enak dan marah marah ke penumpang karena telat 3 menit... nanti ulasannya saya akan tayangkan di youtube... supaya kapok dan tidak mengulangi prilaku buruknya,1,3,2.13.0,2.13.0,2025-07-02 17:46:38,langgan setia rosintapi kecewa pramugara nama rendra anak kemarin sore bentak bentak tumpang jurus bogor jogja nomer lambung botolong training ulang pecat crew pramugara nama rendra jangan tumpang kecewa layan muka tidak marah marah tumpang telat menit ulas tayang youtube kapok tidak ulang prilaku buruk
"sejauh ini bis ini yang paling nyaman sopir gas gasan lembut, namun begitu masuk tol baru wus. mantap",5,0,,Unknown,2025-07-01 16:54:28,bis nyaman sopir gas gas lembut tol wus mantap
penguna setia rosin tp apk nya dodol tenan 👎,1,0,,Unknown,2025-07-01 15:39:52,penguna setia rosin aplikasi dodol tenan
saya pelanggan setia Rosalia Indah pengalaman selama menggunakan Bus Rosin dan menjadi Member service excellent : 1. Bus bagus dan nyaman 2. Service makan juga enak 3. Setiap Ulang Tahun selalu mendapatkan discount tiket 4. Service excellent tgl 29 juni 2025 saya ketinggalan Hand Bag di Resto Rosin Subang dan pramugari langsung memberi tahu dan membantu untuk pengiriman barang tsb ke pool Saya terakhir turun di Bekasi barang aman tidak ada yang hilang. Terima Kasih Rosin Memang TOP BGT,5,1,2.13.0,2.13.0,2025-06-30 22:42:34,langgan setia rosalia indah alam bus rosin member service excellent bus bagus nyaman service makan ulang tahun discount tiket service excellent tgl juni tinggal hand bag resto rosin subang pramugari bantu kirim barang tsb pool turun bekas barang aman tidak hilang terima kasih rosin top banget
memudahkan melihat jadwal perjalanan ke semua tujuan,4,0,2.13.0,2.13.0,2025-06-30 22:31:05,mudah jadwal jalan tuju
Alhamdulillah bagus aplikasiny,5,0,2.13.0,2.13.0,2025-06-30 20:40:59,alhamdulillah bagus aplikasiny
"setelah update malah beberapa titik agen tidak tersedia seperti sokaraja dan purwokerto, sekalinya ada dari banyumas (depan rs. siaga medika) tujuan karawang, malah rute tidak tersedia.",1,27,2.13.0,2.13.0,2025-06-28 21:44:37,update titik agen tidak sedia sokaraja purwokerto sekali banyumas rs siaga medika tuju karawang rute tidak sedia
kenapa mau masuk aplikasi susah saat ini,1,0,,Unknown,2025-06-28 15:30:34,aplikasi susah
bagus,5,0,2.11.0,2.11.0,2025-06-28 03:45:17,bagus
luar biasa mantul,5,0,2.13.0,2.13.0,2025-06-27 14:06:09,mantul
good,5,0,2.8.7,2.8.7,2025-06-26 22:38:30,good
skip.. dibawa muter dah sampai cikarang balik lagi ke karawang 🫠,1,0,2.13.0,2.13.0,2025-06-26 16:27:00,skip bawa muter dah cikarang karawang
"tidak cocok untuk kaum pekerja yang ingin cepat sampai tujuan, karena terlalu banyak keluar tol untuk jemput & turunin penumpang. selisih waktu tempuhnya jauh sama PO Bus lain yg full toll transjawa tanpa ngecer penumpang.",3,0,,Unknown,2025-06-26 12:11:05,tidak cocok kaum kerja cepat tuju tol jemput turunin tumpang selisih waktu tempuh po bus full toll transjawa ngecer tumpang
pelayanan baik dan memberi kesan yang baik,5,0,2.9.0,2.9.0,2025-06-26 01:10:55,layan kesan
"sudah langganan naik RI dari th 2000..busnya nyaman pelayanan oke,apalagi semenjak ada aplikasi setiap tgl ulang tahun selalu ada promo potongan 50%..minusnya disini kenapa waktu penjemputan penumpang mesti selalu molor sejam an lebih?!",5,9,2.13.0,2.13.0,2025-06-26 00:41:25,langgan ri th bus nyaman layan okeapalagi semenjak aplikasi tgl ulang tahun promo potong minus waktu jemput tumpang mesti molor jam an
gass top,5,0,2.11.0,2.11.0,2025-06-24 14:12:36,gass top
Kenapa versi update terbaru menyebabkan fitur pencarian rute susah di klik?..versi sebelumnya sekali klik langsung muncul daftar agen asal atau tujuan,4,1,,Unknown,2025-06-24 12:31:55,versi update baru sebab fitur cari rute susah klikversi klik muncul daftar agen tuju
"saya yang sudah 15 tahun setia naik bus ini sebulan bisa 2 kali saja sangat kecewa dengan pelayanan sekarang,bukanya semakin baik malah merosot tajam,awal dari leci hingga besar,sepertinya bakal kecil lagi bahkan hilang karena kelakuan kru nya...",1,4,2.13.0,2.13.0,2025-06-23 17:50:35,tahun setia bus bulan kecewa layan sekarangbukanya merosot tajamawal leci besarsepertinya hilang laku kru
delay lebih dari 4jam sekelas Rosalia indah bikin kecewa,1,0,2.13.0,2.13.0,2025-06-21 18:52:55,delay jam kelas rosalia indah bikin kecewa
Ini aplikasi rosin apa aplikasi pemerintah sih kok gak guna gini aneh gak berfungsi niat gak sih rosin,1,0,,Unknown,2025-06-20 20:33:57,aplikasi rosin aplikasi perintah sih tidak gin aneh tidak fungsi niat tidak sih rosin
ok,5,0,2.11.0,2.11.0,2025-06-19 10:15:41,ok
"Senang perjalanan dengan ROSALIA INDAH aman &nyaman dengan layanan yang ramah saya sangat puas , semoga Rosalia indah tetap jaya 👍",5,0,2.9.0,2.9.0,2025-06-18 19:06:30,senang jalan rosalia indah aman nyaman layan ramah puas moga rosalia indah jaya
Nyaman Bis nya,5,0,,Unknown,2025-06-18 13:31:48,nyaman bis
Alhamdulillah lebih baik lagi,4,2,2.13.0,2.13.0,2025-06-18 11:51:53,alhamdulillah
pelayanan cukum baik,5,0,2.13.0,2.13.0,2025-06-18 10:05:51,layan cukum
Aplikasi nya eror ya masa tujuan ciputat baru jember ga ada tapi pas dateng ke agen ada,1,0,,Unknown,2025-06-18 09:10:55,aplikasi eror tuju ciputat jember tidak dateng agen
sqngat buruk,1,0,2.13.0,2.13.0,2025-06-17 22:21:21,sqngat buruk
simple cepat & mudah,5,0,2.11.0,2.11.0,2025-06-17 15:00:17,simple cepat mudah
good,5,0,2.11.0,2.11.0,2025-06-16 22:10:01,good
"setelah update banyak bug, tolong diperbaiki",1,2,2.13.0,2.13.0,2025-06-16 20:03:05,update bug tolong baik
sangat bermanfaat,5,0,2.11.0,2.11.0,2025-06-16 18:10:10,manfaat
bagus👍,5,0,2.11.0,2.11.0,2025-06-16 12:33:53,bagus
Recommended,5,0,,Unknown,2025-06-15 21:04:40,recommended
"Harusnya bisa pemesanan online di aplikasi secara transit seperti pesawat terbang. Misal rute Blitar-Cileungsi yg langsung kan tidak ada, adanya rute Ponorogo-Cileungsi. Harusnya ada pilihan transit di Solo. Jadi rutenya Blitar-Solo, transit/oper bus Solo-Cileungsi (oper ke bus yg dari ponorogo)",4,0,,Unknown,2025-06-14 03:53:13,mesan online aplikasi transit pesawat terbang rute blitarcileungsi tidak rute ponorogocileungsi pilih transit solo rute blitarsolo transitoper bus solocileungsi oper bus ponorogo
Kenapa sekarang pembayaran melalui QRIS tidak ada ya?,4,0,2.11.0,2.11.0,2025-06-13 05:06:54,bayar qris tidak
"bus nya sering mogok terus, tidak ada perbaikan sama sekali",1,1,2.11.0,2.11.0,2025-06-12 20:08:52,bus mogok tidak baik
"Saya pengguna baru. Saat mau daftr ada keterangan email tidak valid, saya coba pakai 2 sampai 3 email lain tetap tidak valid. Mohon bagi rosalia untuk perhatikan penggunaan apps. Nama baik rosalia tidak di bangun dalam waktu satu malam. Banyak komen dan rating jelek tidak di tanggapi",2,8,2.11.0,2.11.0,2025-06-12 17:06:06,guna daftr terang email tidak valid coba pakai email tidak valid rosalia perhati guna apps nama rosalia tidak bangun waktu malam komen rating jelek tidak tanggap
the best,5,0,2.9.0,2.9.0,2025-06-12 13:31:45,the best
layanan ok,5,0,2.9.0,2.9.0,2025-06-11 15:49:28,layan ok
"Sudah bagus, cuma mau kasih saran tolong di dalam my trip nya sesudah chek in dikasih gps armadanya biar bisa di cek sudah sampai dimana armadanya, jadi bisa dipantau dari aplikasinya juga. terima kasih",5,31,2.11.0,2.11.0,2025-06-11 09:31:00,bagus kasih saran tolong my trip chek in kasih gps armada biar cek mana armada pantau aplikasi terima kasih
"Fitur cek posisi armada masih belum bisa realtime, supaya mempermudah pelanggan mengetahui posisi armada agar penumpang tidak berjubel terutama di agen dengan ruang tunggu terbatas",4,3,2.11.0,2.11.0,2025-06-09 15:51:43,fitur cek posisi armada realtime mudah langgan posisi armada tumpang tidak jubel agen ruang tunggu batas
"Percuma instal nih, aplikasi ini, cek harga tiket tidak muncul mau tujuannya kmn saja tdk ada hrg tiket nya, mau tanya, aplikasi ini dibikin dibuat apa ya 😏????",2,7,2.11.0,2.11.0,2025-06-09 07:59:21,instal nih aplikasi cek harga tiket tidak muncul tuju kmn tidak hrg tiket aplikasi bikin
saya mau beli kokegabisa knp ya kak,2,0,2.11.0,2.11.0,2025-06-08 18:19:09,beli kokegabisa knp kak
"Tidak bisa pilih tempat berangkat dan tempat tujuan, loading terus. Padahal pake wi-fi 150 kbps.",1,3,2.11.0,2.11.0,2025-06-08 15:09:30,tidak pilih berangkat tuju loading pake wifi kbps
top,5,0,2.9.0,2.9.0,2025-06-07 15:33:33,top
Memudahkan jika ingin pesenan tiket online kapan saja😍,5,0,,Unknown,2025-06-07 07:47:26,mudah sen tiket online
mempermudah pemesanan tiket,5,0,2.9.0,2.9.0,2025-06-06 09:28:35,mudah mesan tiket
selalu belum tersedia klu mau pesan tiket,1,3,2.11.0,2.11.0,2025-06-05 10:05:07,sedia klu pesan tiket
sangat membantu untuk pencarian tiket bus,5,0,2.9.0,2.9.0,2025-06-03 20:13:45,bantu cari tiket bus
bagus,5,0,,Unknown,2025-06-03 19:42:17,bagus
daftar akun aja soulit nya....,1,1,2.11.0,2.11.0,2025-06-03 15:32:35,daftar akun soulit
"Alhamdulillah Bus nya Nyaman, tepat waktu. yg paling ku suka tempat istirahat nya di Subang maupun di Pemalang bagus, bersih. Keren Poool Rosalia",5,3,2.11.0,2.11.0,2025-06-02 02:08:09,alhamdulillah bus nyaman waktu ku suka istirahat subang malang bagus bersih keren poool rosalia
Good,5,0,2.11.0,2.11.0,2025-06-01 21:25:48,good
MEMUDAHKAN SAYA DALAM PEMBELIAN TIKET TANPA BERPANAS2AN MENGANTRI UNTJK MNDAPATKAN TIKET❤️❤️❤️❤️❤️❤️❤️❤️❤️❤️❤️❤️❤️,5,0,2.11.0,2.11.0,2025-06-01 17:26:17,mudah beli tiket panas antri untjk mndapatkan tiket
kecewa karna di oper bus dan tempat duduk gak sesuai dengan tiket yg saya pesan,1,0,2.11.0,2.11.0,2025-05-30 11:28:44,kecewa karna oper bus duduk tidak sesuai tiket pesan
cs nya lama respon. skalinya respon ngasih solusi agak ngasal kaya ga training.,1,2,2.11.0,2.11.0,2025-05-29 12:07:11,cs respon skalinya respon ngasih solusi ngasal kaya tidak training
"udh bagus, cuma pas tracking armada sampe mana gk gerak, padahal armadanya udh jalan. semoga bisa tracking live armadanya sampe mana",5,0,,Unknown,2025-05-28 13:40:54,bagus tracking armada sampe tidak gerak armada jalan moga tracking live armada sampe
ini gmna app nya? mau ngeklik pilih rute aja ga bisa bisa. perbaiki lagi app nya. sediakan nomer wa untuk tiap agen supaya lebih gampang pemesanannya,1,4,,Unknown,2025-05-28 10:40:24,gmna aplikasi ngeklik pilih rute tidak baik aplikasi sedia nomer wa agen gampang mesan
ok nga pake ribet,5,0,2.7.2,2.7.2,2025-05-27 20:58:15,ok nga pake ribet
APLIKASINYA SANGAT BURUK,1,2,2.11.0,2.11.0,2025-05-27 05:31:09,aplikasi buruk
poin RI plus tidak bisa digunakan stok habis selalu. poin sampai hangus.,1,1,2.11.0,2.11.0,2025-05-26 00:05:07,poin ri plus tidak stok habis poin hangus
aplikasi gak jelas. mau login aja susah bener,1,1,2.11.0,2.11.0,2025-05-25 13:44:28,aplikasi tidak login susah bener
Aplikasi tidak bisa digunakan.,1,1,2.11.0,2.11.0,2025-05-24 17:59:47,aplikasi tidak
"bagus,ramah",5,0,,Unknown,2025-05-23 10:12:08,bagusramah
nyaman,5,0,2.10.0,2.10.0,2025-05-23 09:53:50,nyaman
aplikasi sangat membantu 👍,5,0,2.11.0,2.11.0,2025-05-23 04:37:42,aplikasi bantu
pokoknya menyenangkan,5,0,2.10.0,2.10.0,2025-05-21 22:47:54,pokok senang
log in g bisa pesen tiket jg g bisa😅,4,1,2.9.0,2.9.0,2025-05-21 12:31:00,log in sen tiket
Sangat membantu apk rosin Untuk pemesanan tiket,5,0,2.9.0,2.9.0,2025-05-20 05:18:31,bantu aplikasi rosin mesan tiket
armadanya bagus,5,0,2.9.0,2.9.0,2025-05-18 17:53:19,armada bagus
jos,5,0,2.11.0,2.11.0,2025-05-18 13:27:26,jos
sangat membantu,5,0,,Unknown,2025-05-18 06:31:44,bantu
naik bis jd lebih mudwh,4,0,2.10.0,2.10.0,2025-05-17 11:52:41,bis mudwh
baguss dan rama,5,0,2.10.0,2.10.0,2025-05-16 20:41:15,baguss rama
"Beli tiket mudah,aman, pelayanan baik, makasih rosalia",5,0,2.11.0,2.11.0,2025-05-16 16:14:23,beli tiket mudahaman layan makasih rosalia
best,5,0,2.10.0,2.10.0,2025-05-16 08:48:25,best
terbaik dari po yg lain,5,0,2.9.0,2.9.0,2025-05-15 20:16:41,baik po
"kenyamanan,keselamatan,harga tiket mantap,pertahankan dan tingkatkan",5,0,2.9.0,2.9.0,2025-05-15 17:45:26,kenyamanankeselamatanharga tiket mantappertahankan tingkat
aplikasi sering update terus,3,0,2.10.0,2.10.0,2025-05-15 05:07:01,aplikasi update
Kenapa tambah dak bisa di pakek,5,0,2.11.0,2.11.0,2025-05-14 21:46:13,dak pakek
Saya kecewa sama rute Madiun Merak yg keberangkatan jam 11 siang dari Madiun. Bukan kecewa sama crew bus atau armadanya. Tapi sama penjemputan penumpang dimulai dari Madiun nyeser keluar tol sampe Pekalongan. Baru kali ini sy naik Rosin nyeser sampe sejauh ini. kapok gak mau lagi. Yg harusnya jam 8 sudah sampe Cirebon nah jam 8 baru selesai service makan di Pemalang. Tau gitu mending sy ambil yg berangkat jam 3 dari Madiun. mau sampai Merak jam brp ini. Baru kali ini sy kecewa berat.,1,39,2.11.0,2.11.0,2025-05-14 20:13:07,kecewa rute madiun merak berangkat jam siang madiun bukan kecewa crew bus armada jemput tumpang madiun nyeser tol sampe kalong sy rosin nyeser sampe kapok tidak jam sampe cirebon jam selesai service makan malang tau gitu mending sy ambil berangkat jam madiun merak jam brp sy kecewa berat
on time dan pelayanan nya bagus,5,0,2.11.0,2.11.0,2025-05-14 19:54:53,on time layan bagus
sangat menyenangkan...nyaman...krunya ramah,5,0,,Unknown,2025-05-14 14:23:57,menyenangkannyamankrunya ramah
"Nyaman,TOP",5,0,2.10.0,2.10.0,2025-05-13 09:37:13,nyamantop
ga bisa login pdhl udh pernah bikin akun... tolong dong perbaiki lagi🙏🙏,3,0,,Unknown,2025-05-12 11:33:53,tidak login pdhl bikin akun tolong baik
"(+) : memudahkan pemesanan tiket (-) : aplikasi lemmmoottt poll,,login akun selalu gagal krn sama sekali tidak ada sms/email verifikasi yg masuk,contact center no solusi. parah 👎 ---- sudah normal kembali aplikasinya,login langsung masuk verifikasi emailnya,,semoga selalu ada perbaikan dalam layanan aplikasi ini.",5,41,2.10.0,2.10.0,2025-05-12 09:38:48,mudah mesan tiket aplikasi lemmmoottt polllogin akun gagal tidak smsemail verifikasi masukcontact center no solusi parah normal aplikasinyalogin verifikasi emailnyasemoga baik layan aplikasi
"akun abal abal, masa mau login g bisa2 dari sebelum lebaran , masih belum di perbaiki , parah ni IT nya",1,5,2.10.0,2.10.0,2025-05-12 05:36:30,akun abal abal login lebaran baik parah ni it
payahhhh mogok tengah jalan lama penanganannya nunggu sampe 4 jam kagak di tangani 😵‍💫,1,0,,Unknown,2025-05-10 23:21:39,payahhhh mogok tengah jalan tangan nunggu sampe jam kagak tangan
"aplikasi toIoI, mesan agada yg muncul apa apa, buat aplikasi yg bener donk",1,0,,Unknown,2025-05-10 13:02:48,aplikasi toioi mesan agada muncul aplikasi bener donk
ok,5,0,2.9.0,2.9.0,2025-05-09 12:39:38,ok
"Selama pakai rosalia indah, alhamdulilah nyaman dan seru. untuk restonya sekarang sepertinya kurang terurus, mohon ditingkatkan lagi ya bosku. Rosin tetap terbaik",5,6,2.10.0,2.10.0,2025-05-09 11:37:07,pakai rosalia indah alhamdulilah nyaman seru restonya urus tingkat bos rosin baik
Aplikasi yg sangat membantu 👍👍,5,0,,Unknown,2025-05-09 07:21:24,aplikasi bantu
"pelayanan buruk, bus mogok mogok, penumpang di turunkan sembarangan, bahkan di exit tol. kecewa banget.",1,0,2.10.0,2.10.0,2025-05-08 14:35:09,layan buruk bus mogok mogok tumpang turun sembarang exit tol kecewa banget
tidak bisa login,1,0,2.10.0,2.10.0,2025-05-08 11:01:48,tidak login
"rosalia emang ok,",5,0,2.9.0,2.9.0,2025-05-08 09:52:09,rosalia emang ok
sangat memuaskan pelayanan bagus,5,0,2.9.0,2.9.0,2025-05-08 07:06:23,muas layan bagus
masih belum bisa login,2,0,2.10.0,2.10.0,2025-05-07 23:54:55,login
"service oke, tiketing oke, armada oke, pramugara ramah. puasss bgt dgn pelayanan rosalia indah. pertahankan 👍👍",5,0,2.9.0,2.9.0,2025-05-07 20:33:48,service oke tiketing oke armada oke pramugara ramah puasss banget layan rosalia indah tahan
tingkatkan kualitas pelayanan,4,0,2.10.0,2.10.0,2025-05-07 11:53:15,tingkat kualitas layan
"kernet nya arogan pindah langganan, harapan kaya atau gunung harta",1,0,2.8.3,2.8.3,2025-05-07 02:26:54,kernet arogan pindah langgan harap kaya gunung harta
"selamat siang,kepada YTH.PO. ROSALIA INDAH kenapa aplikasi pemesanan tiket setelah di update tidak dapat di gunakan?saya berharap dari pihak Manajemen PO. ROSALIA INDAH segera memperbaiki sistem aplikasinya terima kasih banyak🙏",1,9,2.10.0,2.10.0,2025-05-06 13:29:04,selamat siangkepada ythpo rosalia indah aplikasi mesan tiket update tidak gunakansaya harap manajemen po rosalia indah baik sistem aplikasi terima kasih
singkat saja bug update min ku.,1,0,2.10.0,2.10.0,2025-05-06 13:13:00,singkat bug update admin ku
angong apk nya baru didownload disuruh update padahal gaada update apa2 gaje.,2,1,2.10.0,2.10.0,2025-05-06 12:51:11,angong aplikasi didownload suruh update gaada update gaje
"menu cek posisi armada sering tidak bisa dilihat update nya, dan CS di whatsapp lama sekali merespons pertanyaan",2,0,2.9.0,2.9.0,2025-05-04 19:17:20,menu cek posisi armada tidak update cs whatsapp respons
"pelayanan kurang respon, kurang memuaskan, untuk armada pwt-jbr dikasih armada baru dong, jangan dikasih armada bekas Sumatera yg udah kyk bus bobrok cuman dipoles biar kinclong wkwk🤣",1,0,,Unknown,2025-05-03 15:00:15,layan respon muas armada pwtjbr kasih armada jangan kasih armada bekas sumatera udah bus bobrok cuman poles biar kinclong wkwk
sangat nyaman.dan memuaskan dalam pelayanan,5,0,2.9.0,2.9.0,2025-05-02 18:11:37,nyamandan muas layan
kereen,5,0,2.9.0,2.9.0,2025-04-29 19:00:35,kereen
jelek,1,0,,Unknown,2025-04-28 17:59:13,jelek
"tgl 27 April 2025, pengalaman sy menggunakan jasa bus executive plus dri Rosalia Indah jur. Kotabumi -Mantingan hrg tiket 575rb, sungguh sangat mengecewakan, tiket mahal tapi gak sesuai dg yg didapat, blm apa2 bus udh mogok di tol kota baru, setelah menunggu lama diservice oleh mekanik dri way Halim tapi gak bisa juga, akhirnya ganti armada yg gak nyaman juga, toiletnya jorok dan gak ada airnya, sampai di Salatiga skitar jam 7 pagi sarapan disana dan menunya gak enak, lauk ayamnya sdh mau basi",1,0,2.9.0,2.9.0,2025-04-28 14:39:42,tgl april alam sy jasa bus executive plus dri rosalia indah jur kotabumi mantingan hrg tiket rb sungguh kecewa tiket mahal tidak sesuai dg blm bus mogok tol kota tunggu diservice mekanik dri way halim tidak ganti armada tidak nyaman toilet jorok tidak air salatiga skitar jam pagi sarap sana menu tidak lauk ayam sdh basi
mantap,5,0,,Unknown,2025-04-26 18:28:35,mantap
GAK DI WEBSITENYA & GAK DI APLIKASINYA MAU DAFTAR AJA KODE VERIFIKASINYA GAK MAU MUNCUL DI SMS & DI EMAIL GIMANA MAU BISA DAFTAR & LOG IN SEDANGKAN KODENYA GAK MUNCUL PAYAH,1,0,2.9.0,2.9.0,2025-04-26 15:36:47,tidak websitenya tidak aplikasi daftar kode verifikasi tidak muncul sms email gimana daftar log in kode tidak muncul payah
cukup sekali nyoba expedisi rosalia.....kesimpulannya GA AKAN PERNAH LG PKE EXPEDISI INI...MENDING PKE JNT YG JELAS UDAH BERPENGALAMAN,1,0,2.9.0,2.9.0,2025-04-26 08:52:40,nyoba expedisi rosaliakesimpulannya tidak pke expedisi inimending pke jnt udah alam
"gak bisa msuk ke akun saya padahal mau login, saat pemesanan juga gak bisa ngeliat list agen... tolong perbaiki dong",1,0,,Unknown,2025-04-25 21:40:09,tidak msuk akun login mesan tidak ngeliat list agen tolong baik
bangga dan berterima kasih banget,5,0,2.9.0,2.9.0,2025-04-25 20:14:05,bangga terima kasih banget
"saya rsakan layanan prima dari Rosalia Indah, terimaksih",5,0,2.9.0,2.9.0,2025-04-25 14:29:00,rsakan layan prima rosalia indah terimaksih
aplikasi tidak responsif...,5,0,2.9.0,2.9.0,2025-04-24 13:27:16,aplikasi tidak responsif
"saya aplikasi ini bisa di gunakan,saya coba buat nyari tilet ternyata ga bisa ,saya sudah ganti² tgl dan kuga kelas nya masih ga bisa ,cuma ada keterangan ups tiket belum tersedia.",1,3,2.9.0,2.9.0,2025-04-22 15:24:37,aplikasi gunakansaya coba nyari tilet tidak ganti tgl kuga kelas tidak terang ups tiket sedia
gabisa dibuat login,1,0,2.9.0,2.9.0,2025-04-20 15:36:41,gabisa login
"saya pelanggan rosin. tapi apklikasi kurang bagus, dan kalo beli tiket di agen atau kantor pelayanan kurang ramah dimana2. kalo crew bus nya semua ramah dan baik2",1,0,2.9.0,2.9.0,2025-04-20 15:12:25,langgan rosin apklikasi bagus beli tiket agen kantor layan ramah mana crew bus ramah
aplikasi buruk. sangat lambat di buka baik ios maupun android.,1,0,2.9.0,2.9.0,2025-04-20 13:40:05,aplikasi buruk lambat buka ios android
"Duit masuk agen menghilang. Jangan coba2 pake aplikasi ini, CS RI nya juga ilang gak mau bales lagi.",1,0,2.9.0,2.9.0,2025-04-20 12:48:07,duit agen hilang jangan coba pake aplikasi cs ri ilang tidak bales
"sering reconecting, tulisan nga ada internet padahal lancar",3,0,2.9.0,2.9.0,2025-04-20 11:44:56,reconecting tulis nga internet lancar
aplikasi tidak bisa digunakan,1,0,2.9.0,2.9.0,2025-04-20 11:19:32,aplikasi tidak
baru awal buka menu awal aja loadingnya lama bgt. bikin KZL,1,0,2.9.0,2.9.0,2025-04-20 10:38:30,buka menu loadingnya bgt bikin kzl
"Aplikasi nya kok malah menguji kesabaran saat mau pesen tiket 🙈🙈 , please mau pesen aja apk nya g bisa di gunakan , padahal sdh install dan uninstall juga sama . Alhasil ke agen nya juga pesen nya 🤭🤭",3,1,2.9.0,2.9.0,2025-04-20 10:28:07,aplikasi uji sabar sen tiket please sen aplikasi sdh install uninstall alhasil agen sen
aplikasi sering error,1,0,2.9.0,2.9.0,2025-04-20 08:49:11,aplikasi error
lagi ada bug ya? kok engga bisa buka aplikasi?,1,0,2.9.0,2.9.0,2025-04-20 07:52:25,bug engga buka aplikasi
"aplikasinya gak bisa di buka. tulisannnya gak ada koneksi internet, padahal jaringan dan sinyal stabil jaya. pindah ke website juga sama aja gak ke buka. saya coba buka aps lain dan website lain lancar2 aja. emang lagi eror apa gimana ya?",3,1,2.9.0,2.9.0,2025-04-20 01:59:39,aplikasi tidak buka tulisannnya tidak koneksi internet jaring sinyal stabil jaya pindah website tidak buka coba buka aps website lancar aja emang eror gimana
"simple, satset , lengkap, jelas aktual sekali",4,0,2.9.0,2.9.0,2025-04-20 00:30:06,simple satset lengkap aktual
aplikasi sangat lemot,2,0,2.9.0,2.9.0,2025-04-19 23:19:28,aplikasi lot
"mohon diperbaiki lg perihal pemesanan etiket terutama lewat online di web dan aplikasi, terlalu sering gangguan kadang2 dan respon agak lma,terimakasih",5,4,2.9.0,2.9.0,2025-04-19 18:31:53,baik perihal mesan etiket online web aplikasi ganggu kadang respon lmaterimakasih
"top top super top, per per sleeper top, ex ex eksekutif joss",5,0,,Unknown,2025-04-18 10:33:14,top top super top sleeper top ex ex eksekutif joss
"mending dihapus saja,apk tidak berguna",1,0,2.9.0,2.9.0,2025-04-16 20:49:03,mending hapus sajaapk tidak guna
"hampir setahun ini ga bisa login via aplikasi. ada info yg di FB, android versi 9 sudah TDK support. yg jadi pertanyaan android versi berapa yg support aplikasi rosin?",3,0,2.9.0,2.9.0,2025-04-15 17:09:27,tahun tidak login via aplikasi info fb android versi tidak support android versi support aplikasi rosin
daftar/masuk gabisa udah 3 hari belakangan ini.,2,0,2.9.0,2.9.0,2025-04-14 20:38:32,daftarmasuk gabisa udah
"Aplikasi gak guna, dicari tiket biasnya gak pernah ada",1,0,2.9.0,2.9.0,2025-04-13 19:43:02,aplikasi tidak cari tiket bias tidak
tolong dong PT.rosalia indah Adain rute klaten-sukabumi... soalnya sering pp,3,0,2.9.0,2.9.0,2025-04-12 18:04:38,tolong ptrosalia indah adain rute klatensukabumi pp
"tolong perbaiki yang bagian profil, karena saya baru download tidak bisa merubah tanggal lahir, udh by sistem dan gabisa kerubah, kalau seperti itu sama aja bohong ada promo hari ulang tahun. udh berkali2 mencoba yg via website tapi tidak bisa tersimpan, tolong diperbaiki, terima kasih",3,19,2.9.0,2.9.0,2025-04-12 09:06:21,tolong baik profil download tidak rubah tanggal lahir by sistem gabisa rubah bohong promo ulang tahun kali coba via website tidak simpan tolong baik terima kasih
sangat bagus harga pun terjangkau 👍👍,5,0,,Unknown,2025-04-11 14:57:03,bagus harga jangkau
tidak bisa login aplikasi eror mohon diperbaiki utk IT.,1,0,2.9.0,2.9.0,2025-04-11 13:25:05,tidak login aplikasi eror baik it
"aplikasinya tidak membantu, nggak bisa lihat jadwal, tetap aja harus WA ke agen",1,0,2.9.0,2.9.0,2025-04-11 12:41:56,aplikasi tidak bantu nggak jadwal wa agen
ini yaa tolong dong jangan delai terlalu lama sampe satu setengah jam untuk armadanya si nyaman yang gak bikin nyaman delay nya itu terlalu lama,2,0,2.9.0,2.9.0,2025-04-09 14:30:31,yaa tolong jangan dai sampe jam armada si nyaman tidak bikin nyaman delay
"Keterangannya dapet snack, tapi cuma air minum.. keterangannya ada selimut, tp selimut cm dikasih pas malam aja, diwajibkan buka ac.. belum lagi pelayanan makan di palur sangat buruk, amburadul...",1,1,2.9.0,2.9.0,2025-04-09 00:03:35,terang dapet snack air minum terang selimut selimut cm kasih malam aja wajib buka ac layan makan palur buruk amburadul
"aplikasi cacat, gabisa di gunakan",2,0,2.9.0,2.9.0,2025-04-08 06:45:39,aplikasi cacat gabisa
tetap transportasi andalan saya...,5,0,2.9.0,2.9.0,2025-04-06 21:43:09,transportasi andal
"pesen bus sat set sat. Tapi management bus dan pelayanan bus gak becus, bisa bisanya udah pesan jauh jauh hari, pas hari H keberangkatan harusnya jam 3 diundur jam 9 malam. udah nunggu dari jam 8. pas jam 9 dikabarin bus baru keluar dari pull jam 10 nanti. ini mah sudah keterlaluan, bilang aja bukan diundur tapi bus gue ditukar karna kalian jual kursi bus gue yang asli!!!!! Pelayanan kaya gini, sampah",1,0,2.9.0,2.9.0,2025-04-06 21:40:39,sen bus sat set sat management bus layan bus tidak becus bisa udah pesan berangkat jam undur jam malam udah nunggu jam jam dikabarin bus pull jam mah bilang bukan undur bus gue tukar karna jual kursi bus gue asli layan kaya gin sampah
"2x pesan sejauh ini oke.. mulai dari pesan tiket, check in online, lacak posisi armada, dan pelayanan sejauh ini gak mengecewakan",5,0,,Unknown,2025-04-06 11:11:19,pesan oke pesan tiket check in online lacak posisi armada layan tidak kecewa
tidak bisa daftar,1,0,2.9.0,2.9.0,2025-04-06 06:52:40,tidak daftar
"mf min, saya bolak balik login ga bisa2",1,0,2.9.0,2.9.0,2025-04-05 21:02:00,mf min bolak login tidak
"Busnya ngaret lama bgt, dari yang seharusnya jam 14.45, mundur ke jam 8 malam, sudah diiyain, malah mundur lagi ke jam 10 malam. gila aja. ngga ada info apa² dari rosalia indahnya. tidak ada pemberitahuan, rumah sudah jauh, tidak ada kendaraan, bayar mahal malah kena scam kaya gini",1,2,2.9.0,2.9.0,2025-04-05 19:05:52,bus ngaret bgt jam mundur jam malam diiyain mundur jam malam gila aja ngga info rosalia indah tidak pemberitahuan rumah tidak kendara bayar mahal scam kaya gin
"kecewa pertama kali naik Rosalia diturunin sembarangan,bis tujuan Jogja Bitung saya naik kebumen niat turun kalideres ehh taunya ngga lewat kalideres saya diturunin di Cikokol pokoknya pertama kali naik ini langsung nyesel karna ngga tanggung jawab,kalo ngga lewat kalideres ngga usah diambil atuh rute kalideres kalo gitu kan harus keluar ongkos lagi payah cukup kali ini naik bus ini, padahal saya pesen Rosalia tapi kenapa dijemput pake blue star,BS 03",1,0,2.9.0,2.9.0,2025-04-05 14:34:41,kecewa rosalia diturunin sembaranganbis tuju jogja bitung kebumen niat turun kalideres ehh tau ngga kalideres diturunin cikokol pokok nyesel karna ngga tanggung jawabkalo ngga kalideres ngga ambil atuh rute kalideres gitu ongkos payah bus sen rosalia jemput pake blue starbs
tidak bisa mendaftar,1,0,2.9.0,2.9.0,2025-04-05 08:52:18,tidak daftar
gk masuk masuk kode otp pendaftarannya,2,0,2.9.0,2.9.0,2025-04-05 06:39:03,tidak kode otp daftar
"tolong dong segera perbaiki, gabisa login, pencarian ga muncul. lengkap sekali ahhh",1,1,2.9.0,2.9.0,2025-04-05 01:56:55,tolong baik gabisa login cari tidak muncul lengkap ahhh
"buset dah, susah bener log in , tinggal ngirim kode verifikasi susah beneh dah",1,0,2.9.0,2.9.0,2025-04-04 15:00:53,buset dah susah bener log in tinggal ngirim kode verifikasi susah beneh dah
"telat 15 menit doang tinggal anjirr. udh kayak jam"" an aja kalau 1 jam gak masalah di tinggal 15 menit lo bahkan kurang dari 15 menit. Giliran bisnya yg telat harus sabar ngertiin",1,0,,Unknown,2025-04-03 07:56:20,telat menit doang tinggal anjirr kayak jam an jam tidak tinggal menit lo menit gilir bis telat sabar ngertiin
kecewa naik Rosalia indah,1,0,2.9.0,2.9.0,2025-04-02 17:53:54,kecewa rosalia indah
saya selalu beli tiket online rute dari malang ke belitang oku. tp sekarang tidak bisa dengan alasan rute tidak tersedia. jadi bukannya tambah bagus tapi malah jelek,1,0,2.9.0,2.9.0,2025-04-02 05:43:58,beli tiket online rute malang belitang oku tidak alas rute tidak sedia bagus jelek
ngebug mulu aplikasinya,3,0,2.9.0,2.9.0,2025-04-01 22:51:51,ngebug mulu aplikasi
aplikasi gak bisa di pakai sama sekali... setiap cek tiket selalu habis... klo GK...jadwal blm ada...,1,0,2.9.0,2.9.0,2025-03-31 18:25:43,aplikasi tidak pakai cek tiket habis gkjadwal blm
"otp tdk bs sy terima, coba bbrapa kalo masih gk terima",5,0,,Unknown,2025-03-30 09:13:15,otp tidak sy terima coba bbrapa tidak terima
akun keluar sendiri... coba login kode OTP tidak pernah dikirim. aplikasi masih banyak bug nya,2,1,2.9.0,2.9.0,2025-03-29 06:39:10,akun coba login kode otp tidak kirim aplikasi bug
"taun kedua berturut mudik armada mogok dijln 😌 tolonglah dengan harga yg bagus pelayanan kualitas armadanya ditingkatkan, dapat bus mogok terus tiap mudik 😌",3,0,2.9.0,2.9.0,2025-03-29 03:29:07,taun mudik armada mogok dijln tolong harga bagus layan kualitas armada tingkat bus mogok mudik
apk nya koq di saya gx bs nyanyi beroperasi... mohon impo nya,1,0,,Unknown,2025-03-28 02:44:24,aplikasi koq gx nyanyi operasi impo
susah buat login,3,0,,Unknown,2025-03-25 16:15:57,susah login
"maaf bgt tp sekelas rosalia indah, app nya lemot bgt. ngelagg parah.",2,0,2.9.0,2.9.0,2025-03-24 23:12:47,maaf banget kelas rosalia indah aplikasi lot bgt ngelagg parah
transportasi bagus kondektor ramah,5,0,2.9.0,2.9.0,2025-03-24 17:21:02,transportasi bagus kondektor ramah
aplikasi burik,1,0,,Unknown,2025-03-24 16:18:05,aplikasi burik
jadwal tidak jelas. bus terlambat tanpa ada kompensasi dan penjelasan.,1,0,2.9.0,2.9.0,2025-03-23 16:54:58,jadwal tidak bus lambat kompensasi jelas
aplikasi nya lemot gak bisa daftar akun mohon diperbaiki,1,0,,Unknown,2025-03-23 04:34:23,aplikasi lot tidak daftar akun baik
fixed bug apaan mau daftar aja gak bisa cuman loading terus diem pencet daftar lalu loading lagi diem apalah mana titik awal gak mau tampil di cari gak bisa padahal udh jelas terminal apalah aplikasi GK jelas klo gak niat usah bikin aplikasi ngntd apk isinya bintang 1 semua yang manusia yang b5 rata rata buzzer ato bot rating doang,1,11,2.9.0,2.9.0,2025-03-23 00:10:13,fixed bug daftar tidak cuman loading diem pencet daftar loading diem apa titik tidak tampil cari tidak terminal apa aplikasi tidak tidak niat bikin aplikasi ngntd aplikasi isi bintang manusia rata rata buzzer ato bot rating doang
"kalo blum bayar trus kita pilih kursi lagi masi bug kursi tersebut gabisa dipilih kembali, sangat rugi buat kursi"" yg lain penuh🙏🏻😌",3,0,2.9.0,2.9.0,2025-03-22 17:28:54,blum bayar trus pilih kursi mas bug kursi gabisa pilih rugi kursi penuh
"Ayo dong Point reedeem nya dari saya awal order sampe sekarang jadi member clasic,,ga pernah ready kosong terus,,yg ada malah puzzle sekarang,,🥹🥹",3,0,2.9.0,2.9.0,2025-03-22 15:03:25,ayo point reedeem order sampe member clasicga ready kosong terusyg puzzle
ini kenapa gabisa login,5,0,,Unknown,2025-03-21 20:25:26,gabisa login
mau login doang susahh bangettt padahal sinyal wifi lancar,2,0,2.9.0,2.9.0,2025-03-21 10:53:46,login doang susahh bangettt sinyal wifi lancar
gabisa login kacauuu,1,0,,Unknown,2025-03-18 04:01:26,gabisa login kacauuu
Aplikasi nya ngapain deh gak bisa di buka ngisi alamat tujuan aja gak bisa,1,0,2.9.0,2.9.0,2025-03-17 13:27:02,aplikasi ngapain deh tidak buka ngisi alamat tuju tidak
"Tidak daat digunakan sama sekali, semua menu not found",1,0,2.9.0,2.9.0,2025-03-17 12:02:29,tidak daat menu not found
Aplikasi tdk bisa login login,1,0,2.9.0,2.9.0,2025-03-17 09:58:55,aplikasi tidak login login
mau daftar gk bisa,1,0,2.9.0,2.9.0,2025-03-16 23:55:50,daftar tidak
aplikasi gak bisa dibuka sama sekali,1,0,2.9.0,2.9.0,2025-03-16 09:00:30,aplikasi tidak buka
"buruuuuuuk, mau login katanya blm terdaftar, mau daftar eh katanya udh terdaftar. Masih bobrok gini mending gausah buat aplikasi. Org nyari gampang malah tambah ribet",1,4,2.9.0,2.9.0,2025-03-14 08:35:50,buruuuuuuk login blm daftar daftar eh daftar bobrok gin mending gausah aplikasi org nyari gampang ribet
Gak bisa verifikasi,2,0,2.9.0,2.9.0,2025-03-14 08:13:55,tidak verifikasi
"Mohon untuk diperbaiki fitur jadwal tiketnya, keberangkatan bus jarang terlihat masa harus nyari keberangkatan H+7",3,0,2.9.0,2.9.0,2025-03-14 05:42:37,baik fitur jadwal tiket berangkat bus jarang nyari berangkat
Tolong buat perusahaan rosalia tolong kalo cari supir tes lagi jangan kejadian kecelakaan lagi,1,0,2.9.0,2.9.0,2025-03-13 03:05:15,tolong usaha rosalia tolong cari supir tes jangan jadi celaka
"ini ko aplikasi nya eror teruss? tolonglah perbaiki, kalo beli ke tempat makan waktu bulak balik, beli online agar bisa lebih mudah, tp udah instal unistal masih aja eror, yg kasih ulasan bgini jg ga cm 1/2 orang, tp rata2, tolonglah di perbaiki, sekelas Rosalia lo, sy pelanggan Rosalia dari kecil smpe umur 22th skrng, kalo mudik selalu pake Rosalia, tp kesel sm aplikasi nya, jgn bikin saya beralih ke bus lain, udah nyaman sm Rosalia 🥺😌🙏🏼",1,0,,Unknown,2025-03-12 11:02:59,ko aplikasi eror teruss tolong baik beli makan waktu bulak beli online mudah udah instal unistal eror kasih ulas bgini tidak cm rata tolong baik kelas rosalia lo sy langgan rosalia smpe umur th skrng mudik pake rosalia kesel sm aplikasi jgn bikin alih bus udah nyaman sm rosalia
"Lumayan membantu yg jauh dari agen...busnya jg bagus...tp proses refund terlalu lama , sedikit kecewa di service makan...PP yg di Sumedang sama di Pemalang",4,0,2.9.0,2.9.0,2025-03-11 10:14:57,lumayan bantu agenbusnya bagustp proses refund kecewa service makanpp sumedang malang
Aplikasinya tidak bisa digunakan jdi sulit untuk memesa,2,0,,Unknown,2025-03-10 13:14:44,aplikasi tidak jdi sulit mesa
Daftar sampe 1 minggu gak ada OTP masuk juga Di ulang sehari sampe 5x tetap aja zonk,1,0,2.9.0,2.9.0,2025-03-10 03:08:57,daftar sampe minggu tidak otp ulang hari sampe zonk
"Aplikasi nya ngga jelas,,login tp ngga bisa masuk pake Gmail dan no telp ga bisa jga",1,1,,Unknown,2025-03-09 23:51:41,aplikasi ngga jelaslogin ngga pake gmail no telp tidak jga
Sekelas perusahaan bus besar tapi bikin aplikasi aja seperti kek cuma sekedarnya aja Padahal diera modern seperti saat ini sangat penting aplikasi seperti ini utk memudahkan pesan tiket online nya,1,2,2.9.0,2.9.0,2025-03-09 18:04:32,kelas usaha bus bikin aplikasi kek dar era modern aplikasi mudah pesan tiket online
"Aplikasi mobile sm web nya jelek banget. Aplikasi mobile nya gabisa login dan cari tiket, di web nya juga selalu down server. Tim IT nya masih magang atau gimna ni?",1,0,,Unknown,2025-03-09 15:28:46,aplikasi mobile sm web jelek banget aplikasi mobile gabisa login cari tiket web down server tim it magang gimna ni
"Service di pusatnya Bagus. disaat perjalanan juga bagus. armadanya juga recomend, tapi aplikasi ini *Sangat Sangat Tidak Membantu* saya sudah mencoba dowload 4 kali ternyata sistem nya juga belum di perbaiki sampai. hari ini. mendingan klo nggak niat buat aplikasi lebih baik di hapuskan ajja, mengurangi kekecewaan konsumen.",1,2,,Unknown,2025-03-08 08:27:12,service pusat bagus saat jalan bagus armada recomend aplikasi tidak bantu coba dowload sistem baik mending nggak niat aplikasi hapus ajja kurang kecewa konsumen
Halo KA bisa bantu saya daptar di sini suatu saat saya butuh playanan di sini,4,0,2.9.0,2.9.0,2025-03-07 09:43:48,ka bantu daptar butuh playanan
"Tidak bisa login ke dalam aplikasi, sedangkan diweb bisa login dan bisa transaksi, susah untuk menghubungi contact center. terimakasih.",1,3,2.9.0,2.9.0,2025-03-06 05:15:30,tidak login aplikasi diweb login transaksi susah hubung contact center terimakasih
Maaf ini kenapa kode OTPNYA udah 3 kali gak masuk masuk iya??,3,0,2.9.0,2.9.0,2025-03-05 23:07:07,maaf kode otpnya udah tidak iya
Bug. Tiket bus yang dibeli tidak ada rute/random.,2,0,,Unknown,2025-03-05 15:54:24,bug tiket bus beli tidak ruterandom
Aplikasi busuk! Contact servis tidak merespon pelayanan macam apa!,1,0,2.9.0,2.9.0,2025-03-05 12:50:07,aplikasi busuk contact servis tidak merespon layan
"Akun keluar sendiri padahal saya ga log out,,",1,9,2.9.0,2.9.0,2025-03-05 05:08:11,akun tidak log out
masuk akun gak bisa,1,0,2.9.0,2.9.0,2025-03-04 21:09:22,akun tidak
"saya akuin bus nya enakk, cuman DELAY NYA GA KIRA² BUSETTT, berjam² boyy. BUANG² WAKTU , buat geram plss",3,0,2.9.0,2.9.0,2025-03-04 16:03:43,akuin bus enakk cuman delay tidak busettt jam boyy buang waktu geram plss
Mau pesen tiket lewat aplikasi. Ga bisa.. sdh register tp ga bisa. Hp udah di on off in msh juga.. Mau pesen tiket..jd kendala. Apa pesen tpt lain aja ya .? Aplikasi pesen online nya trouble. Syg pdhl info teman2 saya Bus nya bagus. Aplikasi nya error . Semoga cpt diperbaiki. Mau musim mudik soale. Syg peak season tar pelanggan ke armada lain. Gara2 case pemesanan aplikasi online nya,2,15,2.9.0,2.9.0,2025-03-04 13:32:13,sen tiket aplikasi tidak sdh register tidak hp udah on off in msh sen tiketjd kendala sen tpt aplikasi sen online trouble syg pdhl info teman bus bagus aplikasi error moga cpt baik musim mudik soale syg peak season tar langgan armada gara case mesan aplikasi online
Sangat membantu,5,0,2.8.7,2.8.7,2025-03-04 07:55:38,bantu
"Aplikasi busuk,, gk bsa dibuka",1,0,2.9.0,2.9.0,2025-03-04 07:06:23,aplikasi busuk tidak bsa buka
otp tidak terkirim kirim,5,0,2.9.0,2.9.0,2025-03-02 00:02:39,otp tidak kirim kirim
"Rosalia lg knp ni...? Mau masuk kok g bisa.. padhl jaringn bgus, nmor ID bnr Bukannya mkin bgus, mlh mkin bobrok..dah gitu g ad prbaikan.. Bangkrut aj deh...",1,0,2.9.0,2.9.0,2025-03-01 23:19:50,rosalia knp ni padhl jaringn bgus nmor id bnr mkin bgus mlh mkin bobrokdah gitu ad prbaikan bangkrut aj deh
Lebih mudah dan terbantu,5,0,,Unknown,2025-02-28 23:23:27,mudah bantu
"woy rosalia, bikin apk apaan sii ? nyari tiket buat 1 hari kedepan ga bisa, terus fungsinya apk buat apa ? kenapa di bikin apk kalo ga bisa di gunain",1,0,2.9.0,2.9.0,2025-02-28 14:06:51,woy rosalia bikin aplikasi sii nyari tiket depan tidak fungsi aplikasi bikin aplikasi tidak gunain
kenapa tidak bisa daftar???,1,0,2.9.0,2.9.0,2025-02-27 16:59:08,tidak daftar
"call centernya sangat gercep dan helpfull, perkara pesen tiket tapi lupa log in aplikasi sehingga gabisa cek e-tiket, langsung hubungi call center via wa, gssampe 5 menit e-tiket sudah terkirim di wa dan email, terimakasii admin call center",5,1,2.9.0,2.9.0,2025-02-27 10:57:16,call centernya gercep helpfull perkara sen tiket lupa log in aplikasi gabisa cek etiket hubung call center via wa gssampe menit etiket kirim wa email terimakasii admin call center
Ngga bisa login,3,0,2.9.0,2.9.0,2025-02-26 07:30:27,ngga login
rebet harus login terus,1,1,2.9.0,2.9.0,2025-02-25 22:30:54,rebet login
Saya sudah mencoba berapa x login konfirmasi otp nya tak muncul² di Gmail kodenya,1,1,2.9.0,2.9.0,2025-02-25 07:38:36,coba login konfirmasi otp muncul gmail kode
Alhamdulillah aplikasinya sangat mendukung sekali,5,0,,Unknown,2025-02-24 07:05:06,alhamdulillah aplikasi dukung
Maun sign up susah bgt. KodeOTP gk pernah didapatkan😡,1,1,2.9.0,2.9.0,2025-02-23 07:40:38,maun sign up susah bgt kodeotp tidak dapat
Kenapa sekarang tidak bisa login apa ada perbaikan aplikasi,1,0,,Unknown,2025-02-23 06:24:59,tidak login baik aplikasi
Pelayanan costumer servir lambat,2,0,,Unknown,2025-02-21 21:32:56,layan costumer servir lambat
saat login minta kode tapi di email ga ada yang masuk aneh banget sepertinya ada error di backendnya,2,0,2.5.7,2.5.7,2025-02-21 05:42:44,login kode email tidak aneh banget error backendnya
Sekarang jadi gak bisa di pakai !!!! Tolong diperbaiki lagi,1,0,2.9.0,2.9.0,2025-02-20 20:20:55,tidak pakai tolong baik
Susah bikin datanya,5,0,2.9.0,2.9.0,2025-02-20 11:13:08,susah bikin data
"Aplikasi Rosalia eror,ngg bsa psen tiket,ngg bsa login jga ,,kacau",1,0,2.9.0,2.9.0,2025-02-20 09:34:43,aplikasi rosalia erorngg bsa psen tiketngg bsa login jga kacau
Minta kode verifikasi aja lelet!,1,1,2.9.0,2.9.0,2025-02-20 07:30:10,kode verifikasi lelet
masih belum bisa log in dan pesan tiket,1,1,2.8.4,2.8.4,2025-02-20 07:07:40,log in pesan tiket
Nyaman dan aman kualitas ok,5,0,,Unknown,2025-02-19 00:45:09,nyaman aman kualitas ok
"Akses mudah, tanpa harus ke agen, sudah lengkap fasilitas armada di aplikasi",5,42,2.9.0,2.9.0,2025-02-18 12:07:35,akses mudah agen lengkap fasilitas armada aplikasi
Aplikasi nya ngga bisa di klik sama sekali,1,0,2.9.0,2.9.0,2025-02-18 09:08:19,aplikasi ngga klik
Ok,5,0,2.9.0,2.9.0,2025-02-18 05:37:38,ok
pelayanan yang cukup baek,5,0,2.9.0,2.9.0,2025-02-17 18:20:59,layan baek
Ga bisa login,1,1,2.9.0,2.9.0,2025-02-17 15:09:10,tidak login
Setiap beli tiket melalui aplikasi dan sudah dibayar lunas Tiket selalu tidak muncul di aplikasi (pesanan saya) Harus konfirmasi ke contact center mulu Ini sudah selalu teejadi dari 1 tahun yang lalu Dri pihak rosalia tidak pernah diperbaiki apa emang sengaja tidak diperbaiki pelayanan dri aplikasi inii,3,38,2.9.0,2.9.0,2025-02-17 12:13:19,beli tiket aplikasi bayar lunas tiket tidak muncul aplikasi pesan konfirmasi contact center mulu teejadi tahun dri rosalia tidak baik emang sengaja tidak baik layan dri aplikasi ini
Aplikasi belum di perbaiki .. ada beberapa ulasan pelanggan ygvtidak bisa log in atau pesan tiket lewat aplikasi.. tidak bisa melihat rute tujuan . Tolong PT rosalia indah yg terhormat segera di atasi Karna kesetiaan pelanggan adalah jalanmu . Terimakasih,1,134,2.9.0,2.9.0,2025-02-17 11:01:12,aplikasi baik ulas langgan ygvtidak log in pesan tiket aplikasi tidak rute tuju tolong pt rosalia indah hormat atas karna setia langgan jalan terimakasih
"Serius kenapa sih kalau kerja itu, bikin aplikasi abal abal",1,0,,Unknown,2025-02-17 08:41:51,serius sih bikin aplikasi abal abal
Kenapa aplikasi sampai sekarang masih eror tdk bisa login ya?,3,1,2.9.0,2.9.0,2025-02-17 05:12:20,aplikasi eror tidak login
"Developmentnya ngga pernah mantau kendala aplikasi. Sekelas perusahaan besar aplikasinya eror tapi tidak ada langkah cepat, login ngga bisa daftar akun baru ngga bisa, nyari tiket apalagi. Mohon kedepannya diperbaiki lagi, pemesanan tiket berbasis aplikasi harusnya mempermudah bukan mempersulit user",1,28,2.9.0,2.9.0,2025-02-16 23:45:10,developmentnya ngga mantau kendala aplikasi kelas usaha aplikasi eror tidak langkah cepat login ngga daftar akun ngga nyari tiket depan baik mesan tiket bas aplikasi mudah bukan sulit user
"Overall bagus! Cuman bug nya coba sedikit di betulkan. DAN! Histori pembelian kenapa hilang? Saya sudah berkali-kali beli tiket dgn apk ini, tapi histori pembelian sebelumnya selalu hilang.",4,0,,Unknown,2025-02-16 19:07:54,overall bagus cuman bug coba betul histori beli hilang berkalikali beli tiket aplikasi histori beli hilang
"OTP gak masuk email, ditunggu2 gak juga masuk....jadinya uninstal.....",1,0,2.9.0,2.9.0,2025-02-16 11:08:53,otp tidak email tunggu tidak masukjadinya uninstal
"Tidak bisa daftar, kode Verifikasi tidak terkirim ke email Dipertimbangkan untuk mengirim kode Verifikasi melalui nomor HP atau WA",3,0,2.9.0,2.9.0,2025-02-16 10:03:35,tidak daftar kode verifikasi tidak kirim email timbang kirim kode verifikasi nomor hp wa
Sediakan juga pengiriman kode otp melalui SMS atau Wa...tidak hanya melalui gmail...merepotkan,2,0,,Unknown,2025-02-16 07:23:37,sedia kirim kode otp sms watidak gmailmerepotkan
Pelayanan pas.saat butuh armada AKAP.,5,0,,Unknown,2025-02-15 23:53:56,layan passaat butuh armada akap
Login pun jadi susah sekali,1,0,2.9.0,2.9.0,2025-02-15 09:21:04,login susah
Saranku mending diberikan OPSI LIST RUTE PEMBERANGKATAN & PENURUNAN PENUMPANG daripada saya klik berangkat dari jalan A dan turun di jalan B tidak bisa terus (oops tiket tidak tersedia) jadi tidak flexible tiketing online model begini. Ujung ujungnya beli tiket ke agen lagi dan si agen kordinasi dengan driver/co driver bus...,2,0,,Unknown,2025-02-15 09:08:50,saran mending opsi list rute berangkat turun tumpang klik berangkat jalan turun jalan tidak oops tiket tidak sedia tidak flexible tiketing online model ujung ujung beli tiket agen si agen kordinasi driverco driver bus
"gak bisa login, gak bisa pilih lokasi, gak bisa daftar akun, payah",1,0,2.9.0,2.9.0,2025-02-15 07:40:46,tidak login tidak pilih lokasi tidak daftar akun payah
G bisa dipake👎👎👎,1,0,2.9.0,2.9.0,2025-02-14 20:16:36,dipake
Tim IT kemana kah engkau berada? Berbulan-bulan app trouble 😂,1,0,,Unknown,2025-02-14 16:34:56,tim it mana kah engkau berbulanbulan aplikasi trouble
gak bisa digunakan payah gak usah di download,1,0,2.9.0,2.9.0,2025-02-13 14:22:17,tidak payah tidak download
Aplikasi gak bisa login,1,0,,Unknown,2025-02-13 08:45:59,aplikasi tidak login
Ini kenapa sih kok gak bisa login/masuk,3,0,2.9.0,2.9.0,2025-02-12 19:02:06,sih tidak loginmasuk
"Sebagai pelanggan Rosalia Indah, aplikasi ini keren banget. Gak usah jauh-jauh ke agen buat beli tiket Tapi udah hampir 3 bulan aplikasinya gak bisa jalan",5,9,2.9.0,2.9.0,2025-02-11 22:58:39,langgan rosalia indah aplikasi keren banget tidak jauhjauh agen beli tiket udah aplikasi tidak jalan
"Paket kendaraan lama, pelayanan kurang baik, staff solo dan palur mohon ditindaklanjuti judes ngomong gak sesuai yang diomongin. Shift 1 dan 2 tgl 11 feb 2025",1,1,2.9.0,2.9.0,2025-02-11 16:32:38,paket kendara layan staff solo palur ditindaklanjuti judes ngomong tidak sesuai diomongin shift tgl feb
"2 x mengalami kejadian diturunkan tidak sesuai tiket, sdh komplain tpi tdk ada tindak lanjut. Pelayanan sangat buruk...",1,0,2.9.0,2.9.0,2025-02-08 17:54:53,alami jadi turun tidak sesuai tiket sdh komplain tpi tidak tindak layan buruk
"detik ini pun, semua terminal tidak dapat di cek dan di beli tiket, tetap semangat ygy",1,0,2.9.0,2.9.0,2025-02-06 22:47:33,detik terminal tidak cek beli tiket semangat ygy
"Halo developer, kenapa saya tidak bisa login maupun daftar akun baru ya? Sudah coba dari kemarin tidak bisa juga, bahkan saya sudah install dan uninstall aplikasi nya. Tolong di perbaiki, terima kasih",3,40,2.9.0,2.9.0,2025-02-06 19:59:54,developer tidak login daftar akun coba kemarin tidak install uninstall aplikasi tolong baik terima kasih
"Login gak bisa-bisa, lewat nomor ponsel gak bisa, lewat member id juga gak bisa, tolonglah diperbaiki",1,0,,Unknown,2025-02-06 16:26:24,login tidak bisabisa nomor ponsel tidak member id tidak tolong baik
ok,5,0,2.9.0,2.9.0,2025-02-05 15:39:58,ok
"Kenapa gak bisa pesan di hari ini si ?? Kenapa harus -1 baru bisa pesan . Misalnya hari ini hari Rabu pagi , mau pesen tiket buat nanti siang pasti gak bisa, yg bisa malah buat besok Repot klo harus ke agen dulu bulak balik makan waktu",1,7,2.9.0,2.9.0,2025-02-05 08:07:52,tidak pesan si pesan rabu pagi sen tiket siang tidak besok repot agen bulak makan waktu
Sangat nyaman sekali,5,0,,Unknown,2025-02-04 16:56:49,nyaman
"Daftar, masuk, mesan atau pilih lokasi masih belum bisa, kapan mau dibenahi sistem nya..",1,0,,Unknown,2025-02-02 17:12:43,daftar mesan pilih lokasi benah sistem
Tolong team IT ini kenapa saya tidak bisa login dan browsing tiket. Padahal saya sudah update dan instal ulang. Coba hubungi call center via wa juga tidak ada respond. Dari awal bulan januari sampai akhir bulan tidak ada perubahan. Sayang sekelas ROSIN team IT-nya tidak melakukan apa2....😭😭,1,42,2.9.0,2.9.0,2025-02-01 19:23:12,tolong team it tidak login browsing tiket update instal ulang coba hubung call center via wa tidak respond januari tidak ubah sayang kelas rosin team itnya tidak
Gak bisa dipakai,1,0,2.9.0,2.9.0,2025-02-01 19:06:42,tidak pakai
Service baik,5,0,2.9.0,2.9.0,2025-01-31 09:42:52,service
dari bulan november 2024 sampe mau feb 2025 gak bisa login apk nya... ini perusahaan gede gak punya team IT yg canggih apa? ayolah dibenerin apk nya... malu ama jumlah org yg sudah donlot apk nya,2,1,,Unknown,2025-01-31 09:02:38,november sampe feb tidak login aplikasi usaha gede tidak team it canggih ayo dibenerin aplikasi malu ama org donlot aplikasi
Kalau berangkat dari arah timur nggak pernah dapat minum apa memang nggak dapat?,2,0,2.9.0,2.9.0,2025-01-30 22:11:45,berangkat arah timur nggak minum nggak
Fiturnya berkurang. Ga bisa re scedule tiket lewat aplikasi. Ga ada penilaian perjalanan lagi.,2,0,2.9.0,2.9.0,2025-01-30 18:54:52,fiturnya kurang tidak re scedule tiket aplikasi tidak nilai jalan
Buka aplikasi 1 jam,1,0,2.9.0,2.9.0,2025-01-30 13:02:42,buka aplikasi jam
"Bus super ngaret, nyampe 4 jam dri estimasi",1,0,2.9.0,2.9.0,2025-01-30 03:13:43,bus super ngaret nyampe jam dri estimasi
"Awal nya gak bisa cari dari kemana mau kmna Trus tak cba install ulang, malah gak bisa masuk akun Payah...kok bs aplikasi Bus yg udh bnyak orng cri malah kyak gni",1,5,2.9.0,2.9.0,2025-01-29 23:26:43,tidak cari mana kmna trus cba install ulang tidak akun payahkok aplikasi bus bnyak orng cri kyak gni
"Aplikasi belum siap untuk digunakan Tapi saya sebagai customer sangat membutuhkan aplikasi ini, mohon segera di selesaikan untuk aplikasinya dan jangan di promosikan sampai aplikasi siap digunakan",1,0,2.9.0,2.9.0,2025-01-29 18:19:37,aplikasi customer butuh aplikasi selesai aplikasi jangan promosi aplikasi
"Tiket koq bisa di refund pihak lain, di hari keberangkatan. Hati hati pesen tiket lewat aplikasi.",1,0,,Unknown,2025-01-28 22:32:45,tiket koq refund berangkat hati hati sen tiket aplikasi
"Tiket dari Jogja Gamping ke Lampung Way Halim berakhir dengan komplain. Tiket tidak sesuai dengan permintaan, padahal sudah dari 23 Januari. Saya berangkat tgl 28 Januari. Mestinya 5 A- 5D di ganti jadi 6C, 6 D dan 8 A,B,C,D. BAGIAN BELAKANG.....",1,0,2.9.0,2.9.0,2025-01-28 15:20:15,tiket jogja gamping lampung way halim komplain tiket tidak sesuai minta januari berangkat tgl januari mesti ganti abcd
Kenapa akhir2 ini tepatnya awal tahun 2025 jadi ngak bisa d bukaaaaaaa,4,2,2.9.0,2.9.0,2025-01-27 21:30:45,tepat tahun ngak bukaaaaaaa
"Mau cek harga tiket bus tapi mau ketik kota asal dan tujuannya aja ga bisa terus dari kemarin 😅, help...",2,0,2.9.0,2.9.0,2025-01-27 10:35:28,cek harga tiket bus ketik kota tuju tidak kemarin help
Pelayanan sampah bisa double tiket,1,0,,Unknown,2025-01-26 13:14:37,layan sampah double tiket
Gak bisa dipakai aplikasinya,1,0,,Unknown,2025-01-26 09:00:10,tidak pakai aplikasi
Ini knp saya gabisa daftar???? Coba login akun sblmnya jg gabisa terus Giliran urgent mau dipake kaya gini Bikin kecewa aja👎,1,1,2.9.0,2.9.0,2025-01-24 18:37:09,knp gabisa daftar coba login akun sblmnya gabisa gilir urgent dipake kaya gin bikin kecewa aja
masalah yang saya hadapi beberapa kali login kok gak bisa dan susah banget pakai aplikasi ini,1,0,,Unknown,2025-01-23 22:16:15,hadap login tidak susah banget pakai aplikasi
Aplikasi bobrok di pakai.pesen tiket gk bisa.dftr gak bisa masuk gak bisa.,1,1,2.9.0,2.9.0,2025-01-23 15:12:24,aplikasi bobrok pakaipesen tiket tidak bisadftr tidak tidak
Lagi butuh bgt pesen tiket diaplikasi ini kok malah ga bisa si. Tolong dong diperbaiki sistemnya bug nih,2,0,,Unknown,2025-01-22 19:44:45,butuh banget sen tiket aplikasi tidak si tolong baik sistem bug nih
"Pesan bus jadi sat set sat set, pesan hari ini besok berangkat, simple dan gak ribet. Banyak cara pembayaran secara online. Mudah mudahan pelayanannya sangat memuaskan. Perdana naik bus.",5,15,2.9.0,2.9.0,2025-01-22 12:48:56,pesan bus sat set sat set pesan besok berangkat simple tidak ribet bayar online mudah mudah layan muas perdana bus
Aplikasinya masih banyak masalah dan sepertinya dibiarkan berlarut-larut. Problem log in saja berminggu2 gak beres.,2,4,2.9.0,2.9.0,2025-01-22 08:34:19,aplikasi biar berlarutlarut problem log in minggu tidak beres
"Bus yang bersih, layanannya ramah dg servis penumpang cukup memuaskan",5,0,2.9.0,2.9.0,2025-01-21 06:43:28,bus bersih layan ramah dg servis tumpang muas
Udah update malah gak bisa login & pesan tiket. Payah sekali 👎,1,1,2.9.0,2.9.0,2025-01-19 16:09:06,udah update tidak login pesan tiket payah
"Tiba tiba akun rosalia saya keluar sendiri dan eror mohon di optimalkan aplikasinya saya tidak mau terulang lagi untuk ke dua kalinya rugi 300k itu lumayan bukan kecil uang segitu, terpaksa saya pesen di po damri lewat traveloka",1,0,,Unknown,2025-01-19 13:37:26,akun rosalia eror optimal aplikasi tidak ulang kali rugi lumayan bukan uang segitu paksa sen po damri traveloka
"bes gak layak pakai masih di pakek, macet sampe 2 kali gara gara naik bes ini saya sampai telat kerja !!!",1,1,2.9.0,2.9.0,2025-01-19 03:47:06,bes tidak layak pakai pakek macet sampe gara gara bes telat
aplikasi tidak bisa digunakan etdah mau pesen tiket aj g bsa mohon diperbaiki lg aplikasi y,3,0,,Unknown,2025-01-18 19:50:32,aplikasi tidak etdah sen tiket aj bsa baik aplikasi
"Susah login nya, ujung² nya lari loket juga 😂🤣 apk nya layu",1,1,2.9.0,2.9.0,2025-01-18 12:54:39,susah login ujung lari loket aplikasi layu
"Pilih lokasi keberangkatan & lokasi tiba, gabisa bisa muncul, ayolaah bug nya di selesaikan tim IT udah kelamaan ini bug nya ga solve😅. Ayo Lead IT Rosin pecut terus team backend nya biar cepet beres bug nya wkwkwk",1,96,2.9.0,2.9.0,2025-01-18 05:11:40,pilih lokasi berangkat lokasi gabisa muncul ayolaah bug selesai tim it udah bug tidak solve ayo lead it rosin pecut team backend biar cepet beres bug wkwkwk
"Gak jelas ini app, nyoba login berapa x di waktu yg beda2 masih aja tetep gak bisa aneh lu",1,2,2.9.0,2.9.0,2025-01-16 21:26:00,tidak app nyoba login waktu beda tetep tidak aneh lu
Mengecewakan... Masa update aplikasi terbaru spek android minimal versi 9... Bagaimana dengan nasib android² jadul.... KECEWA BERAT,1,1,,Unknown,2025-01-15 19:45:16,kecewa update aplikasi baru spek android minimal versi nasib android jadul kecewa berat
Mantap DD yg jalur mgl tp sayang aplikasi susah utk bokking tiket,4,0,2.9.0,2.9.0,2025-01-14 09:28:28,mantap dd jalur mgl sayang aplikasi susah bokking tiket
"Permisi utk pelayanan dari segi bis ontime, wangi, cepat dr kompetitor izin masukan utk segi armada rosin arah Wonosobo ko masih pakai JB 2 izin peremajaan, utk servis makan sayur sop-nya tdk ada isian tetelan, utk kamar mandi di bus kadang tidak ada kunci dalam jadi ketika pipis was was terbuka. Semoga rosin semakin meningkat pelayanan, tks",5,0,2.9.0,2.9.0,2025-01-13 20:38:29,permisi layan segi bis ontime wangi cepat dr kompetitor izin masuk segi armada rosin arah wonosobo ko pakai jb izin remaja servis makan sayur sop tidak isi tetelan kamar mandi bus kadang tidak kunci pipis was was buka moga rosin tingkat layan tks
"Sudah download ,pesan tiket tidak bisa,aplikasi eror apa gmn sih ini.",1,1,2.9.0,2.9.0,2025-01-13 16:03:05,download pesan tiket tidak bisaaplikasi eror gmn sih
Selesai update malah gk bisa login,1,1,2.9.0,2.9.0,2025-01-13 16:00:04,selesai update tidak login
Kok apk eror ya Gak bisa buat akun,1,1,2.9.0,2.9.0,2025-01-12 19:58:28,aplikasi eror tidak akun
"Aplikasi gak guna, sampah...",1,0,2.9.0,2.9.0,2025-01-12 09:02:04,aplikasi tidak sampah
Gimana ceritanya disemua tanggal ga muncul jadwalnya? Tolong yg niat kalo bikin apps.,2,1,2.9.0,2.9.0,2025-01-12 01:19:34,gimana cerita semua tanggal tidak muncul jadwal tolong niat bikin apps
"Pak ROSO TOLONG tu manager Rosalia indah Ciputat BU RATNA. Masa gaji saya tidak dibayarkan sama bu Ratna. Saya perlu uang nya buat keperluan anak anak saya pak. Pak ROSO, tolong bantu saya pak, biar gaji saya dibayarkan. Tolong pihak pusat yang baca, tolong bantu saya masalah gaji saya biar dibayarkan ke saya.",1,0,2.9.0,2.9.0,2025-01-10 21:58:08,roso tolong tu manager rosalia indah ciputat bu ratna gaji tidak bayar bu ratna uang perlu anak anak roso tolong bantu biar gaji bayar tolong pusat baca tolong bantu gaji biar bayar
Gak bs login g bs pilih lokasi keberangkatan dan kepulangan,1,0,2.9.0,2.9.0,2025-01-10 16:05:00,tidak login pilih lokasi berangkat pulang
"Saya salah satu customer rutin Bus Pengguna Rosalia Indah Sumatra - Jawa, untuk pemesanan tiket online di aplikasi kerap kali mengalami bug/OTP tidak terkirim/Sulit Login ke akun. Salah satu solusinya untuk customer lain yang bisa dilakukan adalah dengan Login akun melalui website/Google Chrome karena lebih mudah dan responsif dibandingkan dengan aplikasi. Semoga selalu ada perbaikan untuk Rosalia Indah. Terimakasih",4,0,,Unknown,2025-01-10 07:44:36,salah customer rutin bus guna rosalia indah sumatra jawa mesan tiket online aplikasi kerap alami bugotp tidak terkirimsulit login akun salah solusi customer login akun websitegoogle chrome mudah responsif banding aplikasi moga baik rosalia indah terimakasih
Apk y tidak bisa digunakan pilih agen keberangkatan tidak bisa trus 😁,3,0,2.9.0,2.9.0,2025-01-08 14:28:19,aplikasi tidak pilih agen berangkat tidak trus
"Aplikasi yang sangat membantu dalam berburu tiket bis,mudah,simple dalam penggunaannya",5,0,2.9.0,2.9.0,2025-01-07 22:16:29,aplikasi bantu buru tiket bismudahsimple guna
Ok...sippp...membantu sekali...,5,0,2.9.0,2.9.0,2025-01-07 09:53:36,oksipppmembantu
APLIKASI INI RESMI ATAU TIDAK YA ??? TOLONG INFO NYA 🤦,1,0,2.9.0,2.9.0,2025-01-05 21:58:04,aplikasi resmi tidak tolong info
Aplikasinya ga bisa masuk,1,0,2.9.0,2.9.0,2025-01-05 12:00:45,aplikasi tidak
Simple dan praktis,5,0,2.9.0,2.9.0,2025-01-04 19:49:30,simple praktis
Menyenangkan ke luar kota dgn RoSin...tepat waktu plyann bagus,5,0,2.8.7,2.8.7,2025-01-04 14:47:15,senang kota rosintepat waktu plyann bagus
Bagus dan Praktis,5,0,2.8.7,2.8.7,2025-01-04 11:32:04,bagus praktis
kode otp ga masuk masuk ke email,1,0,2.9.0,2.9.0,2025-01-04 09:43:31,kode otp tidak email
Sudah 1 Minggu ni aplikasi ga bisa digunakan...pencarian kota asal dan tujuan ga bisa di gunakan hanya tanggal saja yang masih bisa digunakan...ada apa ini Rosalia indah makin sini makin ga jelas ni aplikasi...di update bukannya makin bagus malah makin kacau gini,1,1,,Unknown,2025-01-03 17:46:40,minggu ni aplikasi tidak digunakanpencarian kota tuju tidak tanggal digunakanada rosalia indah tidak ni aplikasidi update bagus kacau gin
Tolong dong WC di setiap full itu free bagian dari fasiltas penumpang..,3,4,2.9.0,2.9.0,2025-01-03 15:12:37,tolong wc full free fasiltas tumpang
Tolong perbaiki Bug waktu login. Karna kode OTP nya tidak di kirim2 ke email. Terimakasih.,2,0,,Unknown,2025-01-03 07:19:50,tolong baik bug waktu login karna kode otp tidak kirim email terimakasih
Kode OTP ga kekirim sama sekali ke email👎🏻👎🏻👎🏻,1,0,2.9.0,2.9.0,2025-01-03 06:10:21,kode otp tidak kirim email
Ini kenapa ya kok ga bisa pesan tiket lewat aplikasi? Bug kah?,1,2,2.9.0,2.9.0,2025-01-02 18:47:40,tidak pesan tiket aplikasi bug kah
tidak bisa login setelah di update...harus pakai browser,1,3,2.9.0,2.9.0,2025-01-02 12:29:32,tidak login updateharus pakai browser
"Otp telat, bis juga telat mulu",1,0,,Unknown,2025-01-02 12:07:18,otp telat bis telat mulu
Memasuki 2025 Akunku tidak bisa masuk ... Pencarian agen juga zonk,2,0,,Unknown,2025-01-02 10:36:40,pasuk akun tidak cari agen zonk
aplikasi cacad... ga bisa login,1,0,2.9.0,2.9.0,2025-01-01 18:01:06,aplikasi cacad tidak login
Rosali indah ribet banget kurang bagus suha kalo mau cek tiket harus buka gemile terus ponay ribet,1,0,,Unknown,2024-12-31 17:09:05,rosali indah ribet banget bagus suha cek tiket buka gemile ponay ribet
"sudah di download berkali kali tp tetep aja gk bisa di buka apk nya, pdhal mau di gunain.. 🙄",1,3,2.9.0,2.9.0,2024-12-30 16:14:53,download kali tetep tidak buka aplikasi pdhal gunain
tidak mengirim OTP di email. website pun sepertinya tidak.bisa. terlalu menyulitkan calon penumpang.. uninstall saja,1,7,2.9.0,2.9.0,2024-12-27 13:11:51,tidak kirim otp email website tidakbisa sulit calon tumpang uninstall
"Sangat bagus dan sangat membantu,dalam pembelian tiket.",5,0,,Unknown,2024-12-25 23:47:24,bagus membantudalam beli tiket
terpecaya dan mantap,5,0,2.9.0,2.9.0,2024-12-25 21:52:18,terpecaya mantap
Kode OTP tidak terkirim-kirim,1,0,2.9.0,2.9.0,2024-12-24 21:44:51,kode otp tidak terkirimkirim
Login berkali2 notifikasi dari email ga ada yg masuk. Tolong segera diperbaiki,1,25,2.9.0,2.9.0,2024-12-24 04:21:03,login kali notifikasi email tidak tolong baik
"Dari tampilan luar mmg bagus, naik bus ini lumayan sering, tp pas 2x terakhir kok ya bisnya mogok. 1. km 56 sekitar karawang mogok di toll, gara² ini kepalaku kejedot pilar ac lumayan kenceng. pengen marah tp sm siapa? 2. pas malam ini, bus transit dr Gemolong jam 3 sore, nunggu di pool Kartasuro jam di tiket tercetak jm 20.00, begitu datang busnya jam 21.15 (telat lebih dr 1 jam). udah naik pas di Boyolali bus nya mogok nunggu lg sampai jam 23.40 hadeww... telat jadi gak bisa ngejar jualan.",1,11,2.9.0,2.9.0,2024-12-24 03:45:58,tampil mmg bagus bus lumayan bis mogok km karawang mogok toll gara kepala jedot pilar ac lumayan kenceng ken marah sm malam bus transit dr golong jam sore nunggu pool kartasuro jam tiket cetak jm bus jam telat dr jam udah boyolali bus mogok nunggu jam hadeww telat tidak ngejar jual
sangat nyaman,5,0,,Unknown,2024-12-23 09:26:00,nyaman
Sekarang rute tanjung enim blitar apa memang sdh tdk ada,4,0,2.9.0,2.9.0,2024-12-23 08:14:17,rute tanjung enim blitar sdh tidak
"Aplikasi gak berguna,mau pesan tiket gak pernah tersedia,malah di suruh ke kantor,mempersulit pelanggan,😈😈😈😈😈😈😈😈😈😈😈😈😈😈",1,2,2.9.0,2.9.0,2024-12-22 21:25:50,aplikasi tidak bergunamau pesan tiket tidak ama suruh kantormempersulit langgan
mantap,5,0,2.8.3,2.8.3,2024-12-21 20:59:33,mantap
"Untuk armada dan pelayanan sangat memuaskan, cuma untuk aplikasi sering error ini saya cek untuk pemesanan tiket tidak bisa.",1,7,2.9.0,2.9.0,2024-12-21 17:57:15,armada layan muas aplikasi error cek mesan tiket tidak
"Otp ga masuk email udah berkali kali, Sering keluar akun hmmmmm",1,1,2.9.0,2.9.0,2024-12-20 22:31:27,otp tidak email udah kali akun hmmmmm
"OTP email tidak kunjung dikirimkan. tidak bisa log.in, tidak bisa pesan. saya kecewa sebagai pelanggan setia !",1,7,2.9.0,2.9.0,2024-12-20 19:37:40,otp email tidak kunjung kirim tidak login tidak pesan kecewa langgan setia
padahal udah bagus..knapa bnyk yg komen negative ya? buat pesan tiket gak perlu log in bisa koq.. gak perlu verif otp2.. langsung pesen aja bisa lho..,5,0,,Unknown,2024-12-19 18:55:34,udah bagusknapa bnyk komen negative pesan tiket tidak log in koq tidak verif otp sen lho
Teman mudik dan luar kota yang nyaman,5,0,2.8.7,2.8.7,2024-12-19 16:42:13,teman mudik kota nyaman
Bagus,5,0,2.8.7,2.8.7,2024-12-19 08:29:10,bagus
Pokok e siiipp trevel Rosalia,5,0,2.9.0,2.9.0,2024-12-18 21:29:07,pokok siiipp trevel rosalia
Satu penumpang siap dilayani. Top bgttt,5,0,,Unknown,2024-12-18 19:27:15,tumpang layan top bgttt
"Konfirmasi otp gak masuk masuk ke email, sering keluar sendiri hadeeeeh padahal sebelum di update aplikasi masih bagus, setelah di update malah error, tolong ndok segera di perbaiki",1,23,2.9.0,2.9.0,2024-12-18 19:14:37,konfirmasi otp tidak email hadeeeeh update aplikasi bagus update error tolong ndok baik
CUKUP KASIH BINTANG 1 AJA....INI LAYANAN TIKET ONLINE TP DI SEMUA TANGGAL TIDAK TERSEDIA...BUAT YG SUDAH DOWNLOAD MENDING UNINSTAL AJA ..MENDING CARI ARMADA LAIN YG TIDAK RUMIT BUAT CARI TIKET ONLINE.,1,2,2.9.0,2.9.0,2024-12-18 18:35:17,kasih bintang ajaini layan tiket online tanggal tidak tersediabuat download mending uninstal mending cari armada tidak rumit cari tiket online
"Login,masukin nomor HP. Nunggu kode OTP by Email kagak masuk2...",1,1,2.9.0,2.9.0,2024-12-17 20:12:05,loginmasukin nomor hp nunggu kode otp by email kagak
"Aplikasi cacat, 6x mau login, kode otp ga ada yg masuk sama sekali ke email.",1,6,2.9.0,2.9.0,2024-12-17 19:30:23,aplikasi cacat login kode otp tidak email
gakbisa login setelah login,1,1,2.9.0,2.9.0,2024-12-17 08:50:22,gakbisa login login
Sejak update terbaru untuk login harus memasukkan no ponsel tapi kode verifikasi dikirim via email dan sudah 2 hari tidak pernah dapat kode verifikasi. Seharusnya diberikan opsi untuk pengiriman kode verifikasi dikirim via SMS/WA/email.,2,0,,Unknown,2024-12-17 04:41:27,update baru login masuk no ponsel kode verifikasi kirim via email tidak kode verifikasi opsi kirim kode verifikasi kirim via smswaemail
Setiap mau cari tiket online kenapa harus login kembali? Hal ini menyulitkan. Ada juga bbrp bug pada penanggalan kedatangan. Sebaiknya developer memperbaiki kekurangan2 ini agar lebih baik ke depan.,1,9,2.9.0,2.9.0,2024-12-17 02:01:21,cari tiket online login sulit bbrp bug tanggal datang developer baik kurang
"Aplikasi yang nyelametin saya ketika butuh bus yang capable dan nyaman buat jalan di hari itu. Selalu tingkatin pelayanan, termasuk kode OTP yang susah masuk. Ditambah payment Faspay yang kadang suka error. Terimakasih",5,21,2.8.7,2.8.7,2024-12-16 21:29:59,aplikasi nyelametin butuh bus capable nyaman jalan tingkatin layan kode otp susah tambah payment faspay kadang suka error terimakasih
"RI Jos kandos kotos kotos pokok e, hollo bis ayo numpak bis sam.",5,0,2.9.0,2.9.0,2024-12-16 15:58:10,ri jos kandos kotos kotos pokok hollo bis ayo numpak bis sam
"The best bngt pelayanan nya, selama perjalanan Lampung Cikarang asyik dan nyaman banget, untuk yg bawa bus nya enak bngt gak nyat nyut dalam ngerem Pkonya nyaman bngt, enjoyyy",5,1,2.8.7,2.8.7,2024-12-15 23:28:37,the best bngt layan jalan lampung cikarang asyik nyaman banget bawa bus bngt tidak nyat nyut ngerem pkonya nyaman bngt enjoyyy
Sangat membantu,3,0,2.8.7,2.8.7,2024-12-14 13:29:55,bantu
Selalu setia dengan Rosalia Indah sejak tahun 2011,5,0,2.8.7,2.8.7,2024-12-14 08:31:36,setia rosalia indah tahun
Call center dipingpong lambat respon,2,0,2.8.7,2.8.7,2024-12-13 10:48:21,call center pingpong lambat respon
Gk guna,1,0,2.8.7,2.8.7,2024-12-10 22:08:43,tidak
gimana ini udah pesen tiket tapi mau lihat pesanan tikwtnya harus login dan pas login dimintai kode atp tapi ga masuk2 ke email padahal sudah benar,2,2,2.8.7,2.8.7,2024-12-07 13:39:15,gimana udah sen tiket pesan tikwtnya login login kode atp tidak email
Password bener keterangan salah id pun sudah benar.. pake no hp otp lama bgttt.. ayok donk berbenah yg lain makin bagus Rosin mlhn makin ksini... Huhuhu,1,0,2.8.7,2.8.7,2024-12-06 14:13:11,password bener terang salah id pake no hp otp bgttt ayok donk benah bagus rosin mlhn ksini huhuhu
Mau ganti nomor di apk ga di kirim2 otp nya kak 🙏,3,0,2.8.7,2.8.7,2024-12-05 12:33:01,ganti nomor aplikasi tidak kirim otp kak
"MODA TRASPORTASI YANG AMAN dan NYAMAN ,",5,0,2.8.7,2.8.7,2024-12-05 11:47:20,moda trasportasi aman nyaman
"Daftar ga bisa, kode otp nya ga muncul"" di email padahal emailnya bener di coba ber ulang kali pake email yg lain juga ga muncul"" kode otp nya",2,4,2.8.7,2.8.7,2024-12-05 10:12:54,daftar tidak kode otp tidak muncul email email bener coba ber ulang pake email tidak muncul kode otp
Susah mendapatkan kode otp lewat email.ganti hp pun tetap tidak bisa. Mohon diperbaiki,3,0,,Unknown,2024-12-05 09:30:54,susah kode otp emailganti hp tidak baik
Pembayaran VIA QRIS TOLONG DI UPGRADE BOS. TIKET SISA 1 DISURUH ORDER ULANG DIKIRA GAMPANG REBUTAN. SOLUSI KOSONG DIBERIKAN CS. KECEWA BOS BIASA LANGGANAN PELAYANAN SEKARANG MENURUN,1,0,2.8.7,2.8.7,2024-12-04 22:55:40,bayar via qris tolong upgrade bos tiket sisa suruh order ulang gampang rebut solusi kosong cs kecewa bos langgan layan turun
"Kalau ada update lagi, semoga pembelian tiket online masih bisa dilakukan pada hari H keberangkatan, paling tidak H-1 jam sebelum keberangkatan masih bisa diakses calon penumpang.",4,1,2.8.7,2.8.7,2024-12-01 18:26:52,update moga beli tiket online berangkat tidak jam berangkat akses calon tumpang
Tujuan buat aplikasi ini buat apa ?? Di download di buka di cari hasil nya tidak tersedia selalu gitu Ngabisin kuota aja,1,0,2.8.7,2.8.7,2024-11-30 22:35:41,tuju aplikasi download buka cari hasil tidak sedia gitu ngabisin kuota
Tiket tidak tersedia selama sebulan. KOCAK KOCAK,1,0,2.8.7,2.8.7,2024-11-30 10:06:13,tiket tidak sedia bulan kocak kocak
"Naik yg super top double decker surabaya - jakarta serasa naik angkot. Suspensi keras, kabinnya berisik, susah buat istirahat. Transit di solo, numpang BAK di toilet yg bau & kotor WAJIB bayar 2rb, sama juga pas di subang.",1,1,,Unknown,2024-11-25 12:17:33,super top double decker surabaya jakarta serasa angkot suspensi keras kabin berisik susah istirahat transit solo numpang bak toilet bau kotor wajib bayar rb subang
Kenapa ngefreez ya apknya?,1,0,,Unknown,2024-11-23 09:58:49,ngefreez apknya
Aplikasi perlu pengembangan developer untuk masuk sering banget lola dan aplikasi sering gk bisa dibuka,1,1,2.8.7,2.8.7,2024-11-23 08:35:09,aplikasi kembang developer banget lola aplikasi tidak buka
Layanan bsgus,5,0,2.8.7,2.8.7,2024-11-23 07:34:27,layan bsgus
"Hanya beli tiket Rosalia Indah yg susah sec online. Kudu ke lokasi kantor. Traveloka gak tersedia, redbus tidak ada, situs rosalia indah juga gak bisa bahkan install aplikasi dinplay store, tetap dibilang tidak ada tiket sampai 1 bulan kedepan. Klo kantor nya. Tiket tersedia.",1,21,2.8.7,2.8.7,2024-11-14 07:08:57,beli tiket rosalia indah susah sec online kudu lokasi kantor traveloka tidak sedia redbus tidak situs rosalia indah tidak install aplikasi dinplay store bilang tidak tiket depan kantor tiket sedia
Aplikasi gk guna kata w mah ngadain jurusan lampung tpi tdk bisa pesan online aneh bikin aplikasi tpi gk guna kalo hrs dateng ke loket nya mah sm aja bodol seharus nya semakin lma semakin berkembang,1,5,2.8.7,2.8.7,2024-11-11 18:32:56,aplikasi tidak mah ngadain jurus lampung tpi tidak pesan online aneh bikin aplikasi tpi tidak hrs dateng loket mah sm bodol harus lma kembang
Jam keberangkatan telat 1jam😅,2,0,,Unknown,2024-11-11 08:59:50,jam berangkat telat jam
"Ada tiket makan cuma kapten bisnya ga ngrahin makan atau apa. Saya ga tau dong, akhirnya saya ga dapet makan. Ditambah da fasilitas air putih katanya di aplikasi, tp malah ga dapet juga. Ditambah call center wa ga bisa di scan, ga bisa dihubungi juga yang barcode di tiket",1,10,2.8.7,2.8.7,2024-11-10 20:57:24,tiket makan kapten bis tidak ngrahin makan tidak tau tidak dapet makan tambah da fasilitas air putih aplikasi tidak dapet tambah call center wa tidak scan tidak hubung barcode tiket
Aman dan nyaman dalam perjalanan,5,0,2.8.7,2.8.7,2024-11-05 15:43:23,aman nyaman jalan
"Sindikat penadah, jangan ada lagi yang mau naik bus ini. BOIKOT aja",1,0,2.8.7,2.8.7,2024-11-05 11:12:04,sindikat tadah jangan bus boikot
"Saya gak mau judge yang gimana², tapi cuma saran aja buat PO Rosalia sendiri 1. Mohon untuk bus yang akan dioperasikan dicek secara menyeluruh baik dari mesin, AC, ban maupun bahan bakar 2. Kalau bisa bus yang kiranya sudah benar² tua mbok ya dipensiunkan dari pada pas dijalan bermasalah Kalau dari pengalaman saya dan keluarga yang udah dengan setia bersama armada Rosalia lebih dari 15 tahun, masalah utama yang harus ada perbaikan besar adalah dari bus itu sendiri, sekarang login gak bisa😂😂😂",2,1,,Unknown,2024-11-04 08:51:45,tidak judge gimana saran po rosalia bus operasi cek mesin ac ban bahan bakar bus tua mbok pensiun jalan masalah alam keluarga udah setia armada rosalia tahun utama baik bus login tidak
Oke,5,0,2.8.7,2.8.7,2024-11-02 09:10:25,oke
Sangat membantu untuk membeli tiket.,5,0,,Unknown,2024-11-01 23:49:39,bantu beli tiket
Bintang satu karena rosin express nabrak mobil kru tvOne sampai 3 orang meninggal,1,0,,Unknown,2024-11-01 13:46:09,bintang rosin express nabrak mobil kru tvone tinggal
Tidak membantu apapun,3,0,2.8.7,2.8.7,2024-10-31 14:03:53,tidak bantu apa
Pesan tiket sll gak bs pakai aplikasi ini dgn info tiket kosong semua tanggal lah jd yg mau di pesen apa ya hahahhahaha tlg min...di perbaikin aplikasi nya biar gak jauh2 harus ke full nya,3,0,,Unknown,2024-10-28 09:16:00,pesan tiket sll tidak pakai aplikasi info tiket kosong tanggal sen hahahhahaha tlg mindi perbaikin aplikasi biar tidak full
"Sebenarnya bagus semuanya,tapi kenapa berenti2 terus ya 😵‍💫",3,0,2.8.7,2.8.7,2024-10-28 09:03:29,bagus semuanyatapi renti
Tak kasih tips kalo mau daftar lewat google trus kalo udah jadi baru login di appnya di usahakan jam kerja biar gampang dan lebih cepat..,5,1,2.8.7,2.8.7,2024-10-26 10:19:08,kasih tips daftar google trus udah login appnya usaha jam biar gampang cepat
Luar Biasa,5,0,2.8.7,2.8.7,2024-10-26 02:30:36,
"Pelayanan ga ontime Bus Dateng telat 1 jam dari JKT ke Solo Terus dari Solo ke JKT juga telat. Klu kita telat 10 menit kita di tinggal,klu bus yg telat ga ada kebijakan atau kompensasi. Semakin kemari semakin buruk pelayanan nya Cukup terakhir naik Rosalia Indah",1,1,,Unknown,2024-10-24 15:45:46,layan tidak ontime bus dateng telat jam jkt solo solo jkt telat klu telat menit tinggalklu bus telat tidak bijak kompensasi kemari buruk layan rosalia indah
Pelayanannya kurang memuaskan,1,0,2.8.7,2.8.7,2024-10-20 14:09:45,layan muas
"Boss, kode otp tolong ke whatsapp/sms saja, jangan ke email lah. Yang naik bis kamu itu bukan cuma gen z saja banyak orang tua dan sepuh yang naik. Dan orang tua gak semua paham email. Menyusahkan..",1,3,2.8.7,2.8.7,2024-10-15 12:54:20,boss kode otp tolong whatsappsms jangan email bis bukan gen tua sepuh tua tidak paham email susah
"Gak akan lagi naik Rosalia indah, pelayanan tidak ramah, menegur dengan cara marah2. Cukup sekali dan terakhir aja",1,0,2.8.7,2.8.7,2024-10-13 15:56:24,tidak rosalia indah layan tidak ramah tegur marah
Bagus.. MANTAP,5,0,2.8.7,2.8.7,2024-10-12 14:28:11,bagus mantap
"perjalanan sy dr probolinggo - solo menggunakan armada Rosin sungguh mengecewakan. Bagian quality control bus tdk dilakukan dgn baik. Sdh bus datang tdk ontime, kemudian armada bus tdk proper, sempat saya dan penumpang lain dioper ke bus lain, akan tetapi apa? ternyata bus yang dijadikan operan pun juga mengalami kerusakan.. saya bertanya ke crew terkait, ternyata usut punya usut bus yg kami tumpangi adalah ""bus cadangan"". sungguh mengecewakan. Kalau bus tdk layak, ya jangan diberangkatkan!",1,3,,Unknown,2024-10-11 23:49:52,jalan sy dr probolinggo solo armada rosin sungguh kecewa quality control bus tidak sdh bus tidak ontime armada bus tidak proper tumpang oper bus bus jadi oper alami rusa crew kait usut usut bus tumpang bus cadang sungguh kecewa bus tidak layak jangan berangkat
Kecewa polll sih apk nya GK bisa buat cari tiket dari asal dan tujuan armadanya GK muncul pilihan nya,3,0,2.8.7,2.8.7,2024-10-10 13:14:51,kecewa polll sih aplikasi tidak cari tiket tuju armada tidak muncul pilih
Aplikasi ini bisa di gunakan ga sih?,5,0,2.8.7,2.8.7,2024-10-07 23:28:29,aplikasi tidak sih
Tolong perbaiki lagi dong aplikasi nya . Susah banget beli tiket online d sini . Sgla arah jemput GK bisa dan GK keditek SMA aplikasinya,1,0,2.8.7,2.8.7,2024-10-04 12:25:17,tolong baik aplikasi susah banget beli tiket online sgla arah jemput tidak tidak keditek sma aplikasi
"Perjalan dari blitar arah semarang naik executive, transit di po solo, ganti executive plus, kalau ke arah Banyumanik harus turun tol lewat bawah, katanya ijin kordinasi atasan, turun di Banyumanik ditarik lagi seikhlasnya, ...........",4,0,,Unknown,2024-10-03 12:15:14,jalan blitar arah semarang executive transit po solo ganti executive plus arah banyumanik turun tol ijin kordinasi atas turun banyumanik tarik ikhlas
PT Rosalia indah sangat jujur. Ceritanya. Barang saya tertinggal di kabin atas bus. Dalam jangka beberapa hari barangnya sudah kembali pada saya.,5,0,2.8.7,2.8.7,2024-10-01 19:14:33,pt rosalia indah jujur cerita barang tinggal kabin bus jangka barang
Servicenya mantap,5,0,,Unknown,2024-10-01 16:22:33,servicenya mantap
Database ni app ga lengkap,1,0,2.8.7,2.8.7,2024-09-30 17:54:14,database ni aplikasi tidak lengkap
"Tak bisa berkata kata, muantap poll",5,0,2.8.6,2.8.6,2024-09-28 08:20:12,muantap poll
Aplikasi udah bagus. Terus berkembang rosalia,5,5,2.4.9,2.4.9,2024-09-28 07:51:59,aplikasi udah bagus kembang rosalia
Masalah OTP tolong segera diperbaiki,1,0,2.8.7,2.8.7,2024-09-26 05:54:13,otp tolong baik
Pelayanan kurang memuaskan.. Kusus pool agen ciputat.. Pegawai agen kurang sopan sama pelanggan.. Apalagi sebagai kepala pool.. Harusnya lebih menghargai kami sebagai pelanggan..,1,0,,Unknown,2024-09-23 21:04:35,layan muas sus pool agen ciputat pegawai agen sopan langgan kepala pool harga langgan
"Aplikasi ok, tapi bus kebanyakan mampir. Isi bensin di Karanganyar lama hampir setengah jam ga gerak. Makan harus keluar tol ke Caruban. Ayo dong berbenah. Harga naik terus tapi tidak diimbangi dengan layanan yang sat set. Sering telat juga di pool.",1,12,2.8.6,2.8.6,2024-09-17 23:52:49,aplikasi ok bus banyak mampir isi bensin karanganyar jam tidak gerak makan tol caruban ayo benah harga tidak imbang layan sat set telat pool
"Login via aplikasi OTP nya tidak masuk ke email ataupun sms, sudah ditunggu cukup lama. Padahal login via web berhasil langsung dapat OTP. Mohon diperbaiki.",1,20,2.8.6,2.8.6,2024-09-13 10:18:40,login via aplikasi otp tidak email sms tunggu login via web hasil otp baik
"Aplikasinya overall bagus, bus selalu dibersihkan, tapi kenapa banyak kecoa kecil ya? Itu sangat mengganggu. Tolong lebih diperhatikan lagi ya terkait hal tsb",3,12,2.8.6,2.8.6,2024-09-10 19:33:35,aplikasi overall bagus bus bersih kecoa ganggu tolong perhati kait tsb
"Tidak Ontime, Delay bisa lebih dari 2 Jam. Mampos gak tuhh lumutan nunggu di Pool,",1,0,,Unknown,2024-09-09 14:50:06,tidak ontime delay jam mampos tidak tuhh lumut nunggu pool
"Ameh pesen tiket , keterangan e Tidak Tersedia terus. Pie to kihh.",2,0,2.8.6,2.8.6,2024-09-08 13:34:05,ameh sen tiket terang tidak sedia pie to kihh
Terima kasih,5,0,2.8.6,2.8.6,2024-09-05 18:46:32,terima kasih
"masalah waktu login dibenerin lah, masa tiap Mau login kode Verifikasi ga pernah masuk, udh ditungguin berjam jam ttp aja gamasuk, sinyal bagus padahal",2,0,,Unknown,2024-09-05 12:42:16,waktu login dibenerin login kode verifikasi tidak ditungguin jam jam ttp gamasuk sinyal bagus
"Wahh parah, masa supir nya ngerokok si, sepanjang jalan bau rokok.PARAH!!!",1,1,2.8.6,2.8.6,2024-09-04 14:01:24,wahh parah supir ngerokok si jalan bau rokokparah
"Aman, nyaman, dan terpercaya",4,0,2.8.6,2.8.6,2024-09-03 18:32:21,aman nyaman percaya
"Mau login ngga bisa terus, kode verifikasinya ngga dikirim kirim",4,0,,Unknown,2024-09-02 14:24:21,login ngga kode verifikasi ngga kirim kirim
memudahkan perjalanan,5,0,2.8.4,2.8.4,2024-09-01 15:53:25,mudah jalan
"Udah bayar tiket bus cukup mahal, masa masuk toilet masih bayar lagi. Payah",1,0,,Unknown,2024-08-31 14:59:15,udah bayar tiket bus mahal toilet bayar payah
"masa turun di tempat berbeda gaboleh, padahal masih satu kota yg sama",1,0,2.8.4,2.8.4,2024-08-29 08:56:02,turun beda gaboleh kota
Good,5,0,2.8.4,2.8.4,2024-08-27 23:15:06,good
"Tolong ketika ingin melakukan pembayaran, agar bisa menampilkan kode Qris, karna jika tanpa Qris akan sulit jika ingin bayar via online",1,3,2.8.5,2.8.5,2024-08-26 17:59:40,tolong bayar tampil kode qris karna qris sulit bayar via online
ANEH MASUK LEWAT APP HP GAK BISA NGIRIM KODE OTP VIA SMS ATAUPUN EMAIL GAK ADA YANG MASUK,1,0,2.8.5,2.8.5,2024-08-26 04:52:07,aneh aplikasi hp tidak ngirim kode otp via sms email tidak
Sipp sangat membantu sekali,5,0,2.8.5,2.8.5,2024-08-25 22:55:28,sipp bantu
"Gw kasih bintang 1 buat Rosalia karna staff kantornya yg gak punya adap dan buat gw malu. Tpi tetep gw apresiasi buat supir, kenek dan grup agennya yg udah kasih pelayanan bagus buat customer",1,0,2.8.5,2.8.5,2024-08-25 21:14:52,gw kasih bintang rosalia karna staff kantor tidak adap gw malu tpi tetep gw apresiasi supir kenek grup agen udah kasih layan bagus customer
Semakin baik,5,0,2.8.5,2.8.5,2024-08-25 17:39:54,
Walau susah login tapi bagus aplikasi nya,5,0,,Unknown,2024-08-25 10:44:41,susah login bagus aplikasi
"Secara pelayanan ok, cuman secara apk suka keluar sendiri dan kalau log in kembali lama",2,0,2.8.5,2.8.5,2024-08-25 08:27:32,layan ok cuman aplikasi suka log in
"aplikasi rusak,nyuruh masukin kode saat daftar,di tunggu sampe 5 kali percobaan gk ada satu pun kode yang masuk ke email atau nomor hp,auto uninstal",1,0,2.8.5,2.8.5,2024-08-24 22:11:37,aplikasi rusaknyuruh masukin kode daftardi tunggu sampe coba tidak kode email nomor hpauto uninstal
"sudah punya akun tp logout sendiri, masuk lg tdk menerima kode masuk, aplikasi gatel...",1,0,2.8.5,2.8.5,2024-08-24 07:13:03,akun logout tidak terima kode aplikasi gatel
Teman setia pulang kampung.. nyaman sekali.. . dan servis makan memuaskan.,5,0,2.8.5,2.8.5,2024-08-24 06:29:16,teman setia pulang kampung nyaman servis makan muas
ga ada sms setelah update,3,0,2.8.5,2.8.5,2024-08-23 22:52:40,tidak sms update
Tolong dong kode vrefikasi ea d percepat masa berjam2 gk masuk2 sih kode ea,1,0,2.8.5,2.8.5,2024-08-23 18:51:44,tolong kode vrefikasi ea cepat jam tidak sih kode ea
Setelah di update saya tidak bisa masuk ke apk dengan keterangan silakan update terlebih dahulu padahal saya sudah update namun tetap tidak bisa masuk.. Tolong tingkatkan kemudahan aksesnya bagi kami yang ingin memesan tiket online,1,0,,Unknown,2024-08-23 09:05:39,update tidak aplikasi terang sila update update tidak tolong tingkat mudah akses mes tiket online
Ok,5,0,2.8.5,2.8.5,2024-08-23 08:49:57,ok
masuk di branda Mintak Di Upgrade tapi sesudah masuk di play store gak ada yang bisa di upgrade. di tingkatkan lagi aplikasinya bos,1,2,2.8.5,2.8.5,2024-08-23 08:32:48,branda mintak upgrade play store tidak upgrade tingkat aplikasi bos
Aplikasi rusak,1,0,,Unknown,2024-08-23 07:42:49,aplikasi rusak
Update mulu,3,0,2.8.5,2.8.5,2024-08-23 07:40:36,update mulu
"Baru install,klo bagus nambah lagi bintang nya",3,0,2.8.5,2.8.5,2024-08-23 07:38:17,installklo bagus nambah bintang
Good job... Nyaman trip dengan Rosalia Indah,5,0,2.8.5,2.8.5,2024-08-23 06:12:23,good job nyaman trip rosalia indah
"Baru saja di download, tapi di suruh update",3,0,,Unknown,2024-08-23 05:00:24,download suruh update
Mantap,5,0,2.8.5,2.8.5,2024-08-23 03:49:13,mantap
Ajib pisan,5,0,2.8.5,2.8.5,2024-08-23 03:38:04,ajib pis
update terus tapi gabisa,1,0,2.8.5,2.8.5,2024-08-23 02:30:46,update gabisa
gk bs di update,1,0,2.8.5,2.8.5,2024-08-22 23:09:59,tidak update
Cari tiket bisa d bantu,5,0,2.8.5,2.8.5,2024-08-22 22:57:05,cari tiket bantu
"Baru instal aplikasi kok minta update, tp tdk ada pilihan update aplikasi... Error...",3,0,2.8.5,2.8.5,2024-08-22 22:41:20,instal aplikasi update tidak pilih update aplikasi error
Setelah klik update berulang² permintaan update aplikasi lagi seterus begitu,2,0,2.8.5,2.8.5,2024-08-22 22:16:48,klik update ulang minta update aplikasi terus
Tidak bisa kebuka aplikasinya,1,0,2.8.5,2.8.5,2024-08-22 21:47:07,tidak buka aplikasi
"Armadanya ok, tapi aplikasinya gak bagus. Minta update tetapi gak ada yg di-update, terus lambat, pokoknya perlu pembaruan deh di apk ini",2,12,2.8.5,2.8.5,2024-08-22 21:30:20,armada ok aplikasi tidak bagus update tidak diupdate lambat pokok baru deh aplikasi
Sudah di update di suruh update lagi ngebut kaya nya,2,0,2.8.5,2.8.5,2024-08-22 20:33:21,update suruh update ngebut kaya
Sudah update tetep gak bisa dipake,1,0,2.8.5,2.8.5,2024-08-22 20:16:45,update tetep tidak dipake
Sangat mudah dan gak ribet,4,0,2.8.5,2.8.5,2024-08-22 20:03:30,mudah tidak ribet
Minta update tapi susah,5,0,2.8.5,2.8.5,2024-08-22 19:53:12,update susah
"min, diupdate malah gk bsa log in",3,0,2.8.5,2.8.5,2024-08-22 19:44:57,min diupdate tidak bsa log in
"Setelah di update malah gak bisa di buka, lucu y",5,0,2.8.5,2.8.5,2024-08-22 19:41:23,update tidak buka lucu
Transportasi yang msh menjadi andalan keluarga untuk perjalanan ke daerah Jawa Tengah dan Yogyakarta,5,0,2.8.5,2.8.5,2024-08-22 19:04:53,transportasi msh andal keluarga jalan daerah jawa tengah yogyakarta
Dibuka tertulis update...tapi tidak bisa diupdate,3,0,,Unknown,2024-08-22 17:51:24,buka tulis updatetapi tidak diupdate
"Sering kluar aplikasi sendiri,",3,0,2.8.5,2.8.5,2024-08-22 17:33:18,kluar aplikasi
"Baru download sudah update, dan menu update tidak ada",1,0,2.8.5,2.8.5,2024-08-22 17:30:25,download update menu update tidak
Ini aplikasi nya kenapa ya? Masuk aplikasi ada notif update aplikasi tapi saat di playstore tidak ada update. Sementara saya kasih bintang 2. Sebelumnya gak pernah ada masalah sama aplikasi ini,2,2,2.8.5,2.8.5,2024-08-22 17:23:58,aplikasi aplikasi notif update aplikasi playstore tidak update kasih bintang tidak aplikasi
"Udah di Update tapi ga bisa masuk, malah ada pemberitahuan Update aplikasi🗿",4,1,2.8.5,2.8.5,2024-08-22 17:15:39,udah update tidak pemberitahuan update aplikasi
Gak jadi 70555. Minta update kog malah gak bisa dibuka. ...70974 TIMUR,3,0,2.8.5,2.8.5,2024-08-22 16:55:51,tidak update kog tidak buka timur
Ribet bgt sih mau masuk utk mencari tiket aja hrs update terus aja drtd,1,0,2.8.5,2.8.5,2024-08-22 16:47:22,ribet banget sih cari tiket hrs update drtd
Kog susah masuk ya skrg. Mohon diperbaiki sgra,5,0,,Unknown,2024-08-22 16:28:03,kog susah skrg baik sgra
Mitra setia perjalanan darat,5,0,2.8.5,2.8.5,2024-08-22 16:27:46,mitra setia jalan darat
"Aplikasinya aneh, minta update tapi di playstore gak ada permintaan update",1,0,,Unknown,2024-08-22 16:06:40,aplikasi aneh update playstore tidak minta update
Fateh Khaakaa,5,0,2.8.5,2.8.5,2024-08-22 16:01:18,fateh khaakaa
Sistemnya kenapa suka nge log out in akun ya 😭 kedeannha bole di update berkala dong buat aplikasinya,2,2,2.8.5,2.8.5,2024-08-22 15:57:28,sistem suka nge log out in akun kedeannha bole update kala aplikasi
"Sudah ada fitur bantuan awak bus, mungkin bisa ditambahkan aplikasi live tracking yang diintegrasikan dgn gps bus pada aplikasi langsung agar bisa pantau lokasi bus utk jemput maupun jika mau berangkat. Tidak terlalu menunggu lama di pul/agen krn bis telat datang",5,47,2.8.5,2.8.5,2024-08-22 15:09:52,fitur bantu awak bus aplikasi live tracking integrasi gps bus aplikasi pantau lokasi bus jemput berangkat tidak tunggu pulagen bis telat
tolong dong aplikasinya dibenahi masak setiap update aplikasi akun nya keluar mana pas masuk kode Verifikasi nya keluarnya lama,1,0,2.8.5,2.8.5,2024-08-22 12:38:43,tolong aplikasi benah masak update aplikasi akun kode verifikasi keluar
baik,1,0,2.8.4,2.8.4,2024-08-19 01:54:10,
Mau Pesan tiket online pas tanggal 18 gak bisa dan disuruh order tanggal 19. Tapi ketika pesan tiket datang langsung ke agen pas tanggal 18 malah bisa. Seharusnya walaupun belum ganti tanggal / sudah ganti tanggal seharusnya bisa di order. Kalo bisanya di agen kenapa harus ada online ?,4,1,,Unknown,2024-08-18 16:42:08,pesan tiket online tanggal tidak suruh order tanggal pesan tiket agen tanggal ganti tanggal ganti tanggal order bisa agen online
👍👍👍👍👍,5,0,,Unknown,2024-08-17 21:31:51,
Reservasi tiket langsung chat admin Rosalia Indah,5,0,,Unknown,2024-08-17 21:29:23,reservasi tiket chat admin rosalia indah
Banyak penipu Rosalia indah,1,0,,Unknown,2024-08-12 15:25:24,tipu rosalia indah
Aplikasinya tidak bisa menampilkan daftar lagi,1,0,2.8.4,2.8.4,2024-08-11 15:06:47,aplikasi tidak tampil daftar
"Tolong ditegur, kalau psen online suka marah2, kenapa ga psen offline katanya. Buat apa ada aplikasi",1,0,,Unknown,2024-08-10 12:27:50,tolong tegur psen online suka marah tidak psen offline aplikasi
Udah pesen udah bayar tapi tiket tidak muncul di aplikasi,1,0,2.8.4,2.8.4,2024-08-09 16:01:43,udah sen udah bayar tiket tidak muncul aplikasi
"Aplikasinya bagus, tapi sayang sering sekali setiap mau pakai diminta untuk update",4,1,,Unknown,2024-08-08 09:43:04,aplikasi bagus sayang pakai update
Good,5,0,,Unknown,2024-08-08 08:06:33,good
Jangan bikin apk kalo cari bus ya susah bgt,1,0,2.8.4,2.8.4,2024-07-31 20:18:09,jangan bikin aplikasi cari bus susah banget
"Pelayanannya nyaman tapi sayang tiketnya sekarang pake barkot ya? G bisa di cek makan dimana aja. Saya pernah mau makan di Subang tapi ditolak sama penjaganya, bilangnya sih ini barkotnya makan di way halim, tapi pas di way halim juga ditolak katanya makan di Subang. Lah maksutnya apa? Seperti di kibulin saya. Minta tolong diperbarui lagi ya tiket makannya, minimal yg mau makan tau makan dimana aja biar g ada acara ditolak kek gitu. MERASA DIRUGIKAN SAYA!!!!",1,1,,Unknown,2024-07-31 11:48:15,layan nyaman sayang tiket pake barkot cek makan mana aja makan subang tolak jaga bilang sih barkotnya makan way halim way halim tolak makan subang maksutnya kibulin tolong baru tiket makan minimal makan tau makan mana biar acara tolak kek gitu rugi
proses registrasi ribet... masukin kode otp kembali ke awal lagi...,1,0,,Unknown,2024-07-28 00:23:47,proses registrasi ribet masukin kode otp
Tidak bisa login. Kode verifikasi nyasar entah kemana.,1,0,2.8.4,2.8.4,2024-07-22 16:59:12,tidak login kode verifikasi nyasar mana
"KOPER TERTUKAR KESALAHAN PRAMUGARI DAN KITA YG HARUS KELUAR UANG UTK ONGKOS OJEK,BOLAK BALIK PULA DARI RUMAH KE TERMINAL👎👎👎👎👎👎",1,0,2.8.4,2.8.4,2024-07-19 06:42:24,koper tukar salah pramugari uang ongkos ojekbolak rumah terminal
Supir ugal2 an,1,0,2.8.4,2.8.4,2024-07-19 04:26:17,supir ugal an
"Supirnya ugal ugalan, nyalip kendaraan lain padahal marka garis gak putus putus, pokoknya nyesel naik bus satu ini.",1,1,2.8.4,2.8.4,2024-07-19 01:45:29,supirnya ugal ugalan nyalip kendara marka garis tidak putus putus pokok nyesel bus
"Rosalia executive plus rasa exe biasa, pengamen & tukang jajanan bisa masuk bus hedeeehh Tolong pihak manajemen bisa ditertibkan demi kenyamanan penumpang",1,0,2.8.4,2.8.4,2024-07-14 17:16:37,rosalia executive plus exe amen tukang jajan bus hedeeehh tolong manajemen tertib nyaman tumpang
"Pool nyaman, pelayanan the best, driver jossht🔥🔥🔥 Tetap konsisten memberikan service terbaik,🙌",5,0,2.8.4,2.8.4,2024-07-14 09:11:59,pool nyaman layan the best driver jossht konsisten service baik
Bagus,1,0,,Unknown,2024-07-12 09:46:09,bagus
Mantap,5,0,,Unknown,2024-07-10 06:25:27,mantap
Maaf saya kasih bintang satu. Ini saya mau daftar ke aplikasinya. Kenapa lama sekali menerima kode verifikasinya. udah cek sms atau email pun tidak ada. Sampai ganti nomor lain juga tidak muncul.,1,49,2.8.4,2.8.4,2024-07-09 06:11:23,maaf kasih bintang daftar aplikasi terima kode verifikasi udah cek sms email tidak ganti nomor tidak muncul
"Beberapa kali pesan tiket via online semua lancar, hanya masukan utk pengembang apk klo bisa setiap area pemberangkatan di sertakan lokasi maps nya, jadi kita bisa langsung otw menggunakan panduan maps, karna utk daerah baru kita tdk tau lokasi pemberangkatan yg di maksut ada di mana.",5,38,2.8.4,2.8.4,2024-07-09 02:20:47,pesan tiket via online lancar masuk kembang aplikasi area berangkat serta lokasi maps otw pandu maps karna daerah tidak tau lokasi berangkat maksut
Percuma gabisa login.,1,0,2.8.4,2.8.4,2024-07-07 22:42:28,gabisa login
Kenaapa susah untuk masuk ada apa denganmu rosalia,1,0,,Unknown,2024-07-07 12:29:22,kenaapa susah dengan rosalia
Sangat membantu dan efisien 👍👍,5,0,2.8.3,2.8.3,2024-07-07 07:55:30,bantu efisien
Mitra perjalanan yg praktis dan aman..dgn aplikasi rosin sangat mudah pesenan tiket nya,5,1,2.8.3,2.8.3,2024-07-06 21:59:27,mitra jalan praktis amandgn aplikasi rosin mudah sen tiket
"Untuk pelayanan dari agen atau pool nya sudah bagus,tinggal update aplikasi aja kurang",4,0,,Unknown,2024-07-06 07:54:40,layan agen pool bagustinggal update aplikasi
"Aplikasi bagus sebenarnya. Tapi untuk loginnya sangat tidak praktis, sulit harus ngapalin no. Member, udah gt oake otp sms dan email sering error gak masuk2 OTP nya, sayang sekali",3,34,2.8.4,2.8.4,2024-07-05 23:09:07,aplikasi bagus loginnya tidak praktis sulit ngapalin no member udah gt oake otp sms email error tidak otp sayang
"tolong perbaiki lagi akses untuk login ke apknya, terlalu slow respon banget",3,2,2.8.4,2.8.4,2024-07-05 22:16:00,tolong baik akses login apknya slow respon banget
"Setiap update aplikasi harus login ulang, waktu minta kode verifikasi lama banget",1,3,2.8.4,2.8.4,2024-07-05 21:36:55,update aplikasi login ulang waktu kode verifikasi banget
"Aplikasi sangat membantu dalam memilih armada dan mudah digunakan,tapi sayangnya setiap kali update aplikasi harus login lagi. Ribet jadinya. Tolong dibenahi. Makasih.",3,2,2.8.4,2.8.4,2024-07-05 08:47:36,aplikasi bantu pilih armada mudah digunakantapi sayang update aplikasi login ribet tolong benah makasih
"Asal jelas, tujuan jelas tapi dipilih tanggal berapapun, tiket selalu tidak tersedia.",1,0,,Unknown,2024-07-05 03:37:36,tuju pilih tanggal tiket tidak sedia
Kode verifikasi SMS nya susah tidak mau masuk,3,0,2.8.4,2.8.4,2024-07-04 20:46:13,kode verifikasi sms susah tidak
Ok,5,0,,Unknown,2024-07-04 19:18:34,ok
Nggk bisa buat boking tiket ya?????,1,0,2.8.4,2.8.4,2024-07-03 11:10:53,nggk boking tiket
Rosalia sangat nyaman untuk perjalanan saya sekeluarga,5,0,2.8.3,2.8.3,2024-07-03 10:50:11,rosalia nyaman jalan keluarga
Kode verifikasi nya GK dapat2 gmn sie ?,2,0,2.8.4,2.8.4,2024-07-02 22:09:15,kode verifikasi tidak gmn sie
"Paling enak pesen bus rosin, gampang n lncr",5,0,2.8.3,2.8.3,2024-07-02 20:10:09,sen bus rosin gampang lncr
Habis update mau login kode verifikasi ga muncul muncul,1,0,2.8.4,2.8.4,2024-07-02 18:30:27,habis update login kode verifikasi tidak muncul muncul
"Pelayanan cukup ramah, dan sedikit kasih masukan dari saya, untuk daerah jakarta barat khusus jembatan gantung untuk diberikan agen dijembatan gantung agar memudahkan para penumpang setia RI(Rosalia Indah) kasian yg rumahnya jauh dari terminal x deres maupun grogol mereka harus ke terminal terlebih dahulu untuk melakukan pemesanan tiket RI Tolong di baca untuk pengurus Rosalia indah 🙏 terimkasih",5,7,2.8.3,2.8.3,2024-07-02 11:04:23,layan ramah kasih masuk daerah jakarta barat jembatan gantung agen jembatan gantung mudah tumpang setia rirosalia indah kasi rumah terminal deres grogol terminal mesan tiket ri tolong baca urus rosalia indah terimkasih
Kenapa saya daftar kok tidak dapat kode verifikasi yah susah banget kodenya,1,0,2.8.3,2.8.3,2024-06-30 09:24:14,daftar tidak kode verifikasi yah susah banget kode
Baik,5,0,,Unknown,2024-06-28 17:46:54,
Perjalanan dari serang ke semarang....naik kelas super top double dekker....memang luar biasa.....gak terasa capek....pagi langsung masuk kerja....mantap banget.....suka banget perjalanan bersama rosalia indah.....palagi double dekker SR3.....BY karoseri laksana....pokoknya no 1,5,2,2.8.3,2.8.3,2024-06-28 17:21:53,jalan serang semarangnaik kelas super top double dekkermemang biasagak capekpagi kerjamantap bangetsuka banget jalan rosalia indahpalagi double dekker srby karoseri laksanapokoknya no
Tidak bisa untuk daftar aplikasi buruk.. lebih baik langsung ko loket saja,1,0,2.8.3,2.8.3,2024-06-27 07:31:32,tidak daftar aplikasi buruk ko loket
"MAHAL DOANG, PELAYANAN & FASILITAS BURUK.... Gak Lagi Lagi Naik Rosalia Indah",1,0,2.8.3,2.8.3,2024-06-26 22:49:14,mahal doang layan fasilitas buruk tidak rosalia indah
"Perlakuan staff agen daerah ke penumpang yang beli tiket online via app, sangat buruk, dikira gak bayar kali ya, apa karena kalo beli online, agen daerah gak dapat tambahan fee? Manajemen koreksi lah sistem bagi hasilnya ke agen, training agen daerah tentang pelayanan. Jangan penumpang yg dapat imbas perlakuan judes staff agen yg di daerah. Kalo agen / pool yang di kota besar mah udah bagus.",1,13,2.8.3,2.8.3,2024-06-26 10:17:52,laku staff agen daerah tumpang beli tiket online via app buruk tidak bayar beli online agen daerah tidak tambah fee manajemen koreksi sistem hasil agen training agen daerah layan jangan tumpang imbas laku judes staff agen daerah agen pool kota mah udah bagus
"Parah banget ini aplikasi, loading terus gak selesai. Mohon di benahi, jngan bisnya aja yg di benahi.",1,0,2.8.3,2.8.3,2024-06-25 13:25:47,parah banget aplikasi loading tidak selesai benah jngan bis benah
Aplikasi gmna sih. Masak dipencet lama bnget loadingnya. Mau cari kota tujuan sama asal juga susah bnget,2,0,,Unknown,2024-06-25 13:08:01,aplikasi gmna sih masak pencet bnget loadingnya cari kota tuju susah bnget
Ini applikasi dari tadi abis diupdate malah error white screen,2,0,2.8.3,2.8.3,2024-06-25 12:12:51,applikasi abis diupdate error white screen
Aplikasi tidak dpt di akses.,1,0,2.8.3,2.8.3,2024-06-25 11:27:02,aplikasi tidak dpt akses
"Di perbaiki lah ini aplikasinya, lemot sekali, buat login sulit. Apa nggak bisa hire yang lebih bagus pengembangnya.",1,1,2.8.3,2.8.3,2024-06-25 11:06:43,baik aplikasi lot login sulit nggak hire bagus kembang
Pelayanan bagus,5,0,2.8.3,2.8.3,2024-06-25 10:19:31,layan bagus
"Susah verifikasi buat daftar,. Masa bolak-balik kirim ulang kode sampai sejam setengah ga ada kode masuk juga... Makin ga jelas aja.",1,0,2.8.3,2.8.3,2024-06-24 04:04:22,susah verifikasi daftar bolakbalik kirim ulang kode jam tidak kode tidak aja
kocak gabisa daftar gaada yg masuk kode nya,1,0,2.8.3,2.8.3,2024-06-23 09:00:06,kocak gabisa daftar gaada kode
"Aplikasinya simpel dan mudah dimengerti, tapi sayang akhir² ini susah diakses. Dari tgl 12 - 20 juni 2024 masih aman lancar² saja. Tapi mulai musim liburan tgl 21-22(sekarang) juni 2024 sangat susah diakses, kadang aplikasi malah hank... Coba uinstal lalu instal lagi malah gk bisa login, bahkan sudah di instal di 3 hp berbeda tapi kendalanya tetap sama.ini hanya berlaku untuk akun saya saja, apa yang lain juga begitu...",4,0,2.8.3,2.8.3,2024-06-22 19:06:00,aplikasi simpel mudah erti sayang susah akses tgl juni aman lancar musim libur tgl juni susah akses kadang aplikasi hank coba uinstal instal tidak login instal hp beda kendala samaini laku akun
"Aplikasi ny praktis bisa check in tanpa di agen dan bisa tanpa cetak tiket, juga pembayaran muda tinggal salin norek VA dari rosin selesai",5,0,2.8.3,2.8.3,2024-06-21 23:37:40,aplikasi ny praktis check in agen cetak tiket bayar muda tinggal salin norek va rosin selesai
"Ga bisa daftar, kode otp ga masuk",1,0,2.8.3,2.8.3,2024-06-20 23:25:22,tidak daftar kode otp tidak
"Aplikasinya lemot dan sering eror,begitu pun buka web nya?? Padahal harusnya membantu dan mempermudah dengan adanya tiket online,tapi ini kok malah jadi tambah emosi...😡😡",1,0,2.7.7,2.7.7,2024-06-19 22:27:42,aplikasi lot erorbegitu buka web bantu mudah tiket onlinetapi emosi
Estimasi kedatangan tidak pernah tepat molor sejam ma gkpp molor kok smpe 3 jam trs,2,0,2.8.3,2.8.3,2024-06-19 15:43:49,estimasi datang tidak molor jam ma gkpp molor smpe jam trs
"Untuk layanan digital nggak bgt deh, daftar aja susah ga msk2 Mnding beli langsung atau lewat web Rosin",1,0,2.8.3,2.8.3,2024-06-19 08:11:10,layan digital nggak banget deh daftar susah tidak msk mnding beli web rosin
Ga bisa daftar akun. Kode verifikasinya ga dikirim kirim,1,0,2.8.3,2.8.3,2024-06-18 23:35:51,tidak daftar akun kode verifikasi tidak kirim kirim
ga ush di download apk ga jelas.apa lagi pelayanan nya miris di undur jadwal dan di cansel ga bisa alesan blablabla,1,0,,Unknown,2024-06-17 14:11:54,tidak ush download aplikasi tidak jelasapa layan miris undur jadwal cansel tidak alesan blablabla
"sangat buruk, tolong di blokir aja apk nya ga guna soal nya. ga bisa dapetin kode otp",1,0,2.8.3,2.8.3,2024-06-16 08:42:54,buruk tolong blokir aplikasi tidak tidak dapetin kode otp
Ga bisa login padahal mau beli!!!!!!,1,0,2.8.3,2.8.3,2024-06-16 06:09:05,tidak login beli
"VARAH AMAT APLIKASINYA.. PENGEMBANG APLIKASI SEPERTINYA GRADE C.. TAMBAH DUIT,CARI YANG KOMPETENS",1,0,2.8.3,2.8.3,2024-06-15 22:52:26,varah aplikasi kembang aplikasi grade duitcari kompetens
Gak bisa login,1,0,2.8.3,2.8.3,2024-06-13 21:05:14,tidak login
Aplikasinya bagus banget ditambah lagi pelayanannya sangat ramah dan pramugari sangat ramah. Nah trs badan saya dan keluarga saya tidak pegal-pegal. Terimakasih developer yang telah membuat aplikasi bus Rosalia Indah ini🙏,5,4,2.8.3,2.8.3,2024-06-13 20:55:56,aplikasi bagus banget tambah layan ramah pramugari ramah trs badan keluarga tidak pegalpegal terimakasih developer aplikasi bus rosalia indah
Softwere nya kayak nggak mau gerak spt hank,3,0,,Unknown,2024-06-11 20:53:51,softwere kayak nggak gerak spt hank
G niat buat aplikasi log out terus gbs log in,1,0,2.8.3,2.8.3,2024-06-10 16:11:18,niat aplikasi log out gbs log in
sangat buruk aplikasi cacat. berulang2 verivikasi via email & Sms tapi gak masuk2.. pelayanan transpot bagus... tapi dari digital buruk . tidak update.,1,21,2.8.3,2.8.3,2024-06-10 09:19:17,buruk aplikasi cacat ulang verivikasi via email sms tidak layan transpot bagus digital buruk tidak update
Mantab,5,0,2.8.3,2.8.3,2024-06-08 14:53:40,mantab
"Ngirim paket di agen hari senin, baru diberangkatkan hari jumat, pelayanan macam apa ini",1,0,2.8.3,2.8.3,2024-06-07 14:27:59,ngirim paket agen senin berangkat jumat layan
"Kalo pesan tiket selalu ada jawaban,uuup tiket belum tersedia, silahkan ganti tgl pencarian..dan Sudah dilakukan ganti tgl, hasilnya tetap zero...alias jelek",1,0,2.8.3,2.8.3,2024-06-06 18:47:00,pesan tiket jawabanuuup tiket sedia silah ganti tgl pencariandan ganti tgl hasil zeroalias jelek
"Sangat bagus dan membantu untuk,membeli tiket.",5,0,,Unknown,2024-06-06 15:55:04,bagus bantu untukmembeli tiket
Efisien dan mudah,5,0,2.8.3,2.8.3,2024-06-06 11:53:33,efisien mudah
Biro perjalanan teryaman saya,5,0,2.8.3,2.8.3,2024-06-05 10:28:48,biro jalan teryaman
Eh ternyata tidak hanya itu saja sudah,5,0,,Unknown,2024-06-04 09:29:26,eh tidak
"Tinggi badan di bawah 90 cm wajib beli tiket , padahal kl bw anak pasti ada K2 orang tua nya,jd tdk ganggu penumpang lain. Bagasi kernet minta seikhlasnya. Harus lebih baik lagi kedepannya",3,0,2.8.3,2.8.3,2024-05-31 23:57:05,tinggi badan cm wajib beli tiket kl bw anak tua nyajd tidak ganggu tumpang bagasi kernet ikhlas depan
Sementara ini penggunaan apk mudah. Pembelian tiket juga gampang. Cuma gak bisa reedem point aja...,4,0,2.8.3,2.8.3,2024-05-30 15:47:45,guna aplikasi mudah beli tiket gampang tidak reedem point aja
Amat sangat membantu..,5,0,2.8.3,2.8.3,2024-05-28 19:48:05,bantu
Bagus,5,0,2.8.3,2.8.3,2024-05-28 11:19:54,bagus
Perjalanan keluarga kami bersama ROSALIA INDAH..SELALU MELEKAT DI HATI,5,0,2.8.3,2.8.3,2024-05-26 07:52:04,jalan keluarga rosalia indahselalu lekat hati
"Tolong untuk pengiriman kode verifikasi ke nomor handphone & email penggunanya dipercepat. Karena sudah 3 kali saya minta kode verifikasi tapi belum masuk, baik via nomor handphone maupun email",3,0,2.8.3,2.8.3,2024-05-22 20:11:57,tolong kirim kode verifikasi nomor handphone email guna cepat kode verifikasi via nomor handphone email
MANTAP,5,0,,Unknown,2024-05-21 20:41:53,mantap
Udh didownload tp susah msknya tuk login mhn diperbaiki sistemnya,3,0,,Unknown,2024-05-19 12:31:45,didownload susah msknya tuk login mhn baik sistem
Aplikasi gajelas buat masuk aja susah.. Segembel ini kah rosalia punya aplikasi?? Ga usah sok sok kan bikin aplikasi dah.. Bikin emosi aplikasi lu sama sekali ga berguna!! Aplikasi sampah!!!,1,0,,Unknown,2024-05-19 10:05:49,aplikasi gajelas susah gembel kah rosalia aplikasi tidak sok sok bikin aplikasi dah bikin emosi aplikasi lu tidak guna aplikasi sampah
"Memuaskan,,tepat waktu",5,0,,Unknown,2024-05-17 03:12:41,memuaskantepat waktu
Puluhan kali minta kode otp tapi tak kunjung diterima jadinya aplikasi sama sekali tidak berguna. Tolong segera perbaiki,1,0,2.8.3,2.8.3,2024-05-17 02:38:10,puluh kode otp kunjung terima aplikasi tidak guna tolong baik
Pengalaman merak ke jember,4,0,2.8.3,2.8.3,2024-05-16 09:14:45,alam merak jember
Ngak bisa daftar ngak dapat nomor verifikasi,1,0,2.8.3,2.8.3,2024-05-14 11:59:42,ngak daftar ngak nomor verifikasi
"Nyari tiket melalui apk susah banget, semua tiket kosong..ke agen terdekat banyak malah kursi kosong, gmn coba...",2,0,,Unknown,2024-05-14 10:44:15,nyari tiket aplikasi susah banget tiket kosongke agen dekat kursi kosong gmn coba
Mau daftar disuruh masukin kode verifikasi sms sama email. Tapi udah dicoba berkali² kodenya ga masuk😂. Aplikasi ga guna. Sama sekali ga ada gunanya. Gimmick🖕🤮,1,0,2.8.3,2.8.3,2024-05-14 07:31:06,daftar suruh masukin kode verifikasi sms email udah coba kali kode tidak aplikasi tidak tidak guna gimmick
pembayaran qris menggunakan seabank tidak bisa,1,0,2.8.3,2.8.3,2024-05-13 21:41:51,bayar qris seabank tidak
"Kepada Rosalia Indah, Tolong kalo bus mogok penumpangnya dikasih penjelasan, jangan dibiarin gitu aja tau2 pada cari bus sendiri ngejar waktu, supir sama kondektur nya diem doang, minimal kasih tau mau ada pengganti atau nunggu benerin mesti nunggu berapa lama.",3,0,2.8.3,2.8.3,2024-05-13 07:46:26,rosalia indah tolong bus mogok tumpang kasih jelas jangan dibiarin gitu tau cari bus ngejar waktu supir kondektur diem doang minimal kasih tau ganti nunggu benerin mesti nunggu
Rosalia indah...waw.. Kweren Bis nya. kweren pelayanan nya... Tepat waktu.. di siplin... pokok nya tdk Ragu lagi naik bis rosalia indah... supir2 nya Pun Rajin sholat dan mengajii. Next pengen nyobain yg 2 tingkat. dari Tajur ke Mangkang semarang.,5,0,2.8.3,2.8.3,2024-05-12 19:50:04,rosalia indahwaw kweren bis kweren layan waktu siplin pokok tidak ragu bis rosalia indah supir rajin sholat aji next ken nyobain tingkat tajur mangkang semarang
Min tolong untuk aplikasi ny.di tambahankan saya sudah bayar dihalaman awal dibagian status agar kalau sudah bayar enak terimakasih,5,0,2.8.3,2.8.3,2024-05-12 11:22:27,admin tolong aplikasi nydi tambahankan bayar halaman bagi status bayar terimakasih
"Tolong sampaikan ke pihak manajemen, armada kalau bisa jangan menurunkan penumpang di exit tol karena sangat merepotkan penumpang dan bisa membahayakan keselamatan customer ketika malam hari, exit tol itu banyak potensi kriminalitasnya lebih baik armada menurunkan penumpangnya di pool/gerai terdekat (kecuali keinginan penumpang yg ingin turun di exit tol). Jika masih ingin menjadi mitra perjalanan yg baik maka keselamatan dan kenyamanan penumpang itu nomer satu",2,6,,Unknown,2024-05-09 20:21:10,tolong manajemen armada jangan turun tumpang exit tol repot tumpang bahaya selamat customer malam exit tol potensi kriminalitas armada turun tumpang poolgerai dekat kecuali tumpang turun exit tol mitra jalan selamat nyaman tumpang nomer
"Pengalaman pertama naik bus rosalia indah. Di tiket bus tertera jadwal keberangkatan jam 16.30, tetapi sekitar jam 17.45 bus baru berangkat. Pesan tempat duduk yg jauh dari toilet malah dapat tempat duduk yg dekat toilet. Di dalam bus tidak ada nomor, tetapi di pemesanan tiket di suruh memilh nomor tempat duduk. Tolonglah di perbaiki sistem kerja dan pelayan pt rosalia indah",1,5,2.8.3,2.8.3,2024-05-08 17:50:43,alam bus rosalia indah tiket bus tera jadwal berangkat jam jam bus berangkat pesan duduk toilet duduk toilet bus tidak nomor mesan tiket suruh memilh nomor duduk tolong baik sistem layan pt rosalia indah
Hallo sir. Could you please help share me the recommendation letter from ideal can. because to get a police certificate IHallo sir. Could you please help share me the recommendation letter from ideal can. because to get a police certificate I have to provide a letter of recommendation from my workplace in CanadaHallo sir. Could you please help share me the recommendation letter from ideal can. because to get a police ce have to provide a letter of recommendation from my workplace in Canada,3,0,2.8.3,2.8.3,2024-05-07 16:26:25,sir could you please help share me the recommendation letter from ideal can because to get police certificate ihallo sir could you please help share me the recommendation letter from ideal can because to get police certificate have to provide letter of recommendation from my workplace in canadahallo sir could you please help share me the recommendation letter from ideal can because to get police ce have to provide letter of recommendation from my workplace in canada
"Baru Daftarin RI Plus buat ibuku, mau atur tanggal lahir, eh keterangan nya tanggal lahir tidak dapat dirubah, sudah pernah dirubah, hanya dpt 1x. LAH KOCAK INI BARU BANGET DAFTAR. Gimana Critanya Udah Dirubah. Tanggal Lahir nya Default Sistem noh 1/1/1973 kan kocak",1,0,,Unknown,2024-05-07 09:48:14,daftarin ri plus ibu atur tanggal lahir eh terang tanggal lahir tidak rubah rubah dpt kocak banget daftar gimana critanya udah rubah tanggal lahir default sistem noh kocak
"plis apapun itu pake yg lain aja ,adminnya tukang bhong ,bilang 4/4.5 hari smpe trnyata lebih dri itu ga dkirim²",1,0,,Unknown,2024-05-06 11:50:17,plis apa pake adminnya tukang bhong bilang smpe trnyata dri tidak dkirim
"Saya mau mencoba,TPI pas mau masuk saya GK pernah bsa dpt kode verifikasi dri SMS atau email.jadi susah buat masuknya..",4,0,2.8.3,2.8.3,2024-05-06 07:14:22,mencobatpi tidak bsa dpt kode verifikasi dri sms emailjadi susah masuk
Baik mudah pesen onlinya tiket,5,0,2.8.3,2.8.3,2024-05-05 19:23:52,mudah sen onlinya tiket
Semoga bermanfaat,5,0,2.8.3,2.8.3,2024-05-05 08:29:56,moga manfaat
Kl niat bikin aplikasi itu yg bener dong..masa mau pesen tiket tanggal dan tujuannya kosong..kl spt ini sama aja kita datang lgsg ke agen tiketnya online jg gk berguna,1,0,2.8.3,2.8.3,2024-05-04 15:30:22,kl niat bikin aplikasi bener dongmasa sen tiket tanggal tuju kosongkl spt lgsg agen tiket online tidak guna
Arep jajal iki,4,0,2.8.3,2.8.3,2024-05-04 15:07:57,arep jajal iki
Masih perlu banyak perbaikan,3,0,,Unknown,2024-05-03 17:08:21,baik
tolong pk interiornya lmbung 311 di rawat koyak semua,1,0,,Unknown,2024-05-03 15:29:13,tolong pk interior lmbung rawat koyak
Good job,5,0,,Unknown,2024-05-03 13:43:53,good job
Kok ga bisa log in??,5,0,2.8.3,2.8.3,2024-05-03 10:11:57,tidak log in
"bagus aplikasinya, simpel pemakaiannya dan saat menunjukkan ke counter juga terbantu dg baik. Service excellent",5,0,2.8.3,2.8.3,2024-05-02 10:38:03,bagus aplikasi simpel pakai counter bantu dg service excellent
"makin kesini armada busnya DAN KENYAMA makin menurun kualitasnya,pelayanan makin parah. pd tanggal 1 mei malam sy naik bus rosalia jurusan kreo klaten.ada kendala dgn busnya.akhirnya penumpang dioper bis belakang HARUS NUNGGU BERJAM JAM,SY CHAT PUSAT BANTUAN PERCUMA KATANYA LAYANAN 24JAM tapi sy chat baru dpt blsan chat nunggu 20menit baru ada balasan.itupun balasannya GA MUTU, padahal dulu itu po rosalia pelayan dan armadanya terbaik SEKARANG GA ADA BEDANYA SM PO BUS YG BIASA GA ADA NILAI PLUS,",1,0,2.8.3,2.8.3,2024-05-01 00:26:05,kesini armada bus kenyama turun kualitasnyapelayanan parah pd tanggal mei malam sy bus rosalia jurus kreo klatenada kendala busnyaakhirnya tumpang oper bis nunggu jam jamsy chat pusat bantu layan jam sy chat dpt blsan chat nunggu menit balasanitupun balas tidak mutu po rosalia layan armada baik tidak beda sm po bus tidak nilai plus
"Cukup mempermudah pemesanan tiket, tapi mesti di tukarkan tiket fisik ke tempat keberangkatan",3,0,2.7.7,2.7.7,2024-04-30 10:45:20,mudah mesan tiket mesti tukar tiket fisik berangkat
"Pelayanan yg cukup baik gak pernah ngecewain, tapi kali ini kecewa tumben banget gak dapet Snack dan menu makanannya berbeda gak seperti biasa Tapi tetap suka naik transport rosin karna senyaman itu😊",4,1,2.8.3,2.8.3,2024-04-27 22:59:34,layan tidak ngecewain kecewa tumben banget tidak dapet snack menu makan beda tidak suka transport rosin karna nyaman
"Sering log out sendiri, pas log in ga dapet OTP, selang 2 hari baru dpt OTP. Kalo belum bisa munpuni bikin aplikasi, mending via web saja",1,1,2.8.3,2.8.3,2024-04-26 19:37:06,log out log in tidak dapet otp selang dpt otp munpuni bikin aplikasi mending via web
"Buruk tidak bisa toleransi, main hangus aja karena terlambat. Kalau di harapan jaya bisa di ganti.",1,0,2.8.3,2.8.3,2024-04-26 12:49:04,buruk tidak toleransi main hangus lambat harap jaya ganti
"Mohon tolong website nya di benahi, untuk link2 yang sudah tidak berguna sebaiknya di hapus, bnyak riderect link yang tidak bisa di akses",3,0,2.8.3,2.8.3,2024-04-26 12:13:41,tolong website benah link tidak guna hapus bnyak riderect link tidak akses
"Tolong diperbaiki lagi apk nya sering eror, respon nya lama",1,0,2.8.3,2.8.3,2024-04-26 11:24:03,tolong baik aplikasi eror respon
Sering error klo mau buka aplikasi,1,0,2.8.3,2.8.3,2024-04-26 10:48:06,error buka aplikasi
"Saran buat teman² yang mengalami kendala kode OTP coba uninstall apknya dulu terus download apk tranportasi lainnya saja, karena saya sudah seminggu nunggu kode OTP gak masuk². itu saja saran dari saya terimakasih",1,3,2.8.3,2.8.3,2024-04-26 09:08:19,saran teman alami kendala kode otp coba uninstall apknya download aplikasi tranportasi minggu nunggu kode otp tidak saran terimakasih
"Maaf..cara login nya tolong di permudah.. artinya login langsung dengan password.. kenapa minta ID nomor ? > Login bank aja , tinggal masukkan pasword, di sini setiap kali mau login diminta nomor ID,,, Susah di ingat id nomor kan 8 digit.. ( saya kasih bintang 2 ya.. kalau login sudah di mudahkan , selanjutnya saya kasih bintang) Aplikasi ini buat beli tiket ya .. tolong di buat mudah.. Atau saya pilih uninstall ini aplikasi",2,8,2.8.3,2.8.3,2024-04-25 14:17:57,maafcara login tolong mudah login password id nomor login bank tinggal masuk pasword login nomor id susah id nomor digit kasih bintang login mudah kasih bintang aplikasi beli tiket tolong mudah pilih uninstall aplikasi
"Yg eksekutif biasa mending di hapus deh, servis makanya perbedaan an ya terlalu jauh parah",1,2,2.8.3,2.8.3,2024-04-24 21:11:09,eksekutif mending hapus deh servis beda an parah
Pake rosalia indah nyaman bisnya dan pelayananya bagus di perjalanan menyenanhkan.,5,0,,Unknown,2024-04-24 09:44:28,pake rosalia indah nyaman bis pelayananya bagus jalan menyenanhkan
Josss. Tertata,5,0,,Unknown,2024-04-24 00:30:50,josss tata
"Kalo beli tiket lewat apk ini atau website rosalia indah siap siap aja di ketusin sama pihak agen tempat jemput.. Sampai di agen malah orange ngomong ""Ko ora tuku tiket lewat aku""..",1,0,,Unknown,2024-04-23 15:49:30,beli tiket aplikasi website rosalia indah ketusin agen jemput agen orange ngomong ko ora tuku tiket
tidak bisa masuk ke aplikasinya..huuuh menyebalkan..,1,0,2.8.3,2.8.3,2024-04-22 21:00:50,tidak aplikasinyahuuuh sebal
Gak jelas,1,0,2.8.3,2.8.3,2024-04-22 19:44:29,tidak
Bagus,5,0,2.8.3,2.8.3,2024-04-22 09:47:16,bagus
Di suruh update trs,2,0,2.8.3,2.8.3,2024-04-22 04:09:58,suruh update trs
Banyak bagus,5,0,2.8.3,2.8.3,2024-04-21 19:15:30,bagus
Simple dan elegan,5,0,2.8.0,2.8.0,2024-04-21 18:11:34,simple elegan
Sementara aman,5,0,,Unknown,2024-04-21 01:36:00,aman
Nunggu kode otp serasa nunggu undian doorprize. Susah kali dapetnya,1,0,2.8.3,2.8.3,2024-04-20 13:25:51,nunggu kode otp serasa nunggu undi doorprize susah dapetnya
Mau pesan tiket aja gak bisa di semua tanggal silahkan hubungi agen terdekat buat apa bikin aplikasi kalo masih cari di agen terdekat.. Gak guna,1,0,2.8.3,2.8.3,2024-04-18 06:39:03,pesan tiket tidak tanggal silah hubung agen dekat bikin aplikasi cari agen dekat tidak
Pelayanan terburuk,1,0,2.8.3,2.8.3,2024-04-16 21:48:03,layan buruk
Naik tranpartasi po rosin..yg ada leker nya begitu nyaman. Pelayanan mantap,5,0,,Unknown,2024-04-16 21:01:02,tranpartasi po rosinyg leker nyaman layan mantap
tepat waktu,5,0,,Unknown,2024-04-16 19:23:59,waktu
"Ini orang-orang pada aneh ya, wong aplikasinya gampang banget bilang merepotkan apalah wong mendo blok....",5,1,,Unknown,2024-04-16 19:21:02,orangorang aneh aplikasi gampang banget bilang repot apa mendo blok
"Sangat nyaman busnya. Pelayanan memuaskan, pramugari sopan dan ramah. Badn tidak pegel2 setelah naik bis. Dapat makan di resto ala ala hotel. TOP BGT",5,0,2.8.3,2.8.3,2024-04-16 18:26:46,nyaman bus layan muas pramugari sopan ramah badn tidak gel bis makan resto ala ala hotel top banget
"pelayanan gamasuk akal telat 15 menit hangus,giliran bus yg telat satu jam dianggep bukan masalahh ngerugiin bgt pokonya tolong dievaluasi utk peraturan peraturan nya jgn kasi waktu toleran 5 menit gaada yg tau waktu perjalanan arah rosalianya dan minim ada pengembalian dana bberapa persen yang memang sekiranya hangus ,jangan semuanya hangus",1,0,2.8.3,2.8.3,2024-04-16 15:17:39,layan gamasuk akal telat menit hangusgiliran bus telat jam dianggep bukan masalahh ngerugiin banget poko tolong evaluasi atur atur jgn kasi waktu toleran menit gaada tau waktu jalan arah rosalianya minim kembali dana bberapa persen hangus jangan hangus
"Jelek sering keluar sendiri, mau masuk di persulit/tidak bisa masuk",1,0,,Unknown,2024-04-16 06:40:30,jelek persulittidak
"Makin kesini makin update tiap hari. Tapi problemnya adalah kenapa setiap update harus login ulang? Ribet, kode verifikasi ga masuk masuk ke email",4,6,2.8.3,2.8.3,2024-04-16 05:49:35,kesini update problem update login ulang ribet kode verifikasi tidak email
Sangat membantu,5,0,2.8.3,2.8.3,2024-04-15 17:49:08,bantu
Aplikasinya dari dulu sampai sekarang tdk bisa buat cek perjalanan. Di web pun sama saja,1,0,2.5.8,2.5.8,2024-04-15 13:22:07,aplikasi tidak cek jalan web
"kode otp tak kunjung"" muncul,bagaimana ini mau log in woy,perbaikin lahh anjirr. saya udh terlanjur mesen dan bayar ini tanpa log in akun,mudah""an aja pas check in ke baca sama petugas nya",1,1,2.8.3,2.8.3,2024-04-15 08:04:47,kode otp kunjung munculbagaimana log in woyperbaikin lahh anjirr lanjur mesen bayar log in akunmudahan check in baca tugas
Tas ketinggalan. Kita uber2 pas ketemu tas nya uang udah hilang sebagian.. ngenes udah,1,0,2.8.3,2.8.3,2024-04-14 15:14:15,tas tinggal uber ketemu tas uang udah hilang ngenes udah
"Pesen bis jadi lebih praktis, aplikasi mudah digunakan dan pembayaran juga mudah.",5,0,,Unknown,2024-04-13 08:39:14,sen bis praktis aplikasi mudah bayar mudah
"Registrasi buat akun Riplus, nunggu kode otp gk ada yg masuk satu pun di email & sms.. Huuuu payahh.",1,0,2.8.3,2.8.3,2024-04-13 00:04:24,registrasi akun riplus nunggu kode otp tidak email sms huuuu payahh
Pertama kali naik.. Menuju Semarang bus 3x berhenti karna kerusakan mesin.. Banyak kutu pungau di kursi saya.. Suspensi bus saat berjalan juga sangat kasar dan terasa sekali guncangannya.. Kata orang rosalia bagus.. Makanya saya coba.. Ternyata gak.. Saya komplain melalui customer service rosalia malah slow respon banget.. 😡😡,1,0,2.8.3,2.8.3,2024-04-11 00:55:15,semarang bus henti karna rusa mesin kutu pungau kursi suspensi bus jalan kasar guncang rosalia bagus coba gak komplain customer service rosalia slow respon banget
otpnya mana? kok gada? setiap update selalu log out mulu. apknya bikin ribet.,1,0,2.8.3,2.8.3,2024-04-10 23:24:03,otpnya gada update log out mulu apknya bikin ribet
Aplikasinya tidak bisa di gunakan.... Saat pemesanan tiket pun selalu tidak bisa di layani,1,0,2.8.3,2.8.3,2024-04-10 16:47:22,aplikasi tidak mesan tiket tidak layan
Busnya bagus jalannya juga cepet,5,0,2.8.3,2.8.3,2024-04-10 16:24:02,bus bagus jalan cepet
Perjalanan nyaman dan tepat waktu,5,0,2.8.2,2.8.2,2024-04-10 15:50:07,jalan nyaman waktu
Sangat membatu dalam pemesanan tiket online. Jadi bisa jauh-jauh merencanakan perjalanan. Hanya bermasalah ketika aplikasi di-update harus login ulang.,4,1,2.8.3,2.8.3,2024-04-10 07:38:29,batu mesan tiket online jauhjauh rencana jalan masalah aplikasi diupdate login ulang
Aplikasinya payah,1,0,2.5.7,2.5.7,2024-04-08 20:24:35,aplikasi payah
Sehabis update susah sekali log in OTP ga terima,1,0,,Unknown,2024-04-08 19:04:35,habis update susah log in otp tidak terima
"Supir nya tolong di didik kembali khususnya yang sudah tua tua yang merasa sudah sering nyupir bis, karena sudah mulai ugal ugalan di jalan dan sangat membahayakan pengguna jalan. Khususnya untuk di tanggal dan bulan ini 8 april 2024",1,0,,Unknown,2024-04-08 11:57:00,supir tolong didik tua tua nyupir bis ugal ugalan jalan bahaya guna jalan tanggal april
"Saya sangat tidak suka dengan sifat para drivernya yang suka mengulur ulur waktu,yang seharusnya sudah sampek rumah ,jadi mundur sangat lama",1,0,2.8.3,2.8.3,2024-04-07 22:20:49,tidak suka sifat drivernya suka ulur ulur waktuyang sampek rumah mundur
Memudahkan sekali,5,0,2.8.1,2.8.1,2024-04-07 19:35:24,mudah
"Repot banget sih tiap seminggu sekali update, mana mesti log in ulang.",1,0,2.8.3,2.8.3,2024-04-07 16:16:52,repot banget sih minggu update mesti log in ulang
"buka aplikasi selalu minta update melulu, menyebalkan",1,0,2.8.3,2.8.3,2024-04-07 15:13:15,buka aplikasi update melulu sebal
"Weh ini saya gak dapat kode nya mulu gmn sih, dikit dikit update",1,0,2.8.3,2.8.3,2024-04-07 14:04:39,weh tidak kode mulu gmn sih dikit dikit update
Good,4,0,2.8.3,2.8.3,2024-04-07 11:48:42,good
"Kenapa setiap kali update, bakal reset data dan harus login ulang? Mana ini fitur login nya suka bermasalah lagi, gk bisa login ya sama dengan gk bisa pesen tiket. Tolong diperbaiki",1,9,2.8.3,2.8.3,2024-04-07 10:17:27,update reset data login ulang fitur login suka masalah tidak login tidak sen tiket tolong baik
Enak dan nyaman,5,0,2.8.3,2.8.3,2024-04-07 06:09:54,nyaman
"Setelah update otomatis terlogout, dan sangat susah untuk login dapat OTP nya",1,1,2.8.3,2.8.3,2024-04-07 05:28:14,update otomatis terlogout susah login otp
"Jangan naik ini! Apalagi pas lebaran, delayed 12 jam. Gaada kompensasi. Ditambah ada 1 penumpang yg telat tp ttp ditunggu. Jadi tambah rugi waktu! So bad management nya",1,0,,Unknown,2024-04-07 04:22:57,jangan lebaran delayed jam gaada kompensasi tambah tumpang telat ttp tunggu rugi waktu so bad management
Setelah di upgrade susah sekali untuk masuk akun. Tidak ada otp yg saya terima baik dr SMS maupun email. Sudah coba untuk uninstall kemudian di install lagi tetap aja gak bisa,2,3,2.8.3,2.8.3,2024-04-07 00:44:23,upgrade susah akun tidak otp terima dr sms email coba uninstall install tidak
"Bukannya mempermudah malah bikin ribet deh, gila"" Update. Mana tiap update harus login ulang, otp nya juga lama dan jarang masuk. Semoga kedepannya bisa update tanpa harus login ulang. Cape saya :( Saya suka sama armadanya tapi gak suka sama aplikasinyaaaa :(",3,22,2.8.3,2.8.3,2024-04-07 00:00:16,mudah bikin ribet deh gila update update login ulang otp jarang moga depan update login ulang cape suka armada tidak suka aplikasinyaaaa
OTP'a ga dikirim2 udah beberapa kali mau daftar 😒,2,0,2.8.2,2.8.2,2024-04-06 23:42:32,otpa tidak kirim udah daftar
Update terosss.... Logout teross.. capek dehh,3,0,2.8.3,2.8.3,2024-04-06 22:54:03,update terosss logout teross capek dehh
"Akun sering log out dgn sndri nya , giliran mnta kode OTP melalui sms / e-mail ga di kirim , mohon di tingkat lg kualitas nya , jgn setiap hari kudu update / pertaruhan aplikasi ..",1,1,2.8.3,2.8.3,2024-04-06 22:46:48,akun log out sndri gilir mnta kode otp sms email tidak kirim tingkat kualitas jgn kudu update taruh aplikasi
"Sudah login setiap hari tapi tetap saja kode verifikasi tidak pernah ada yg masuk dari email maupun SMS ,perlu di benahi ,sudah banyak komplain tapi tetap saja tidak ada perubahan dari admin 💩",1,0,,Unknown,2024-04-06 20:34:52,login kode verifikasi tidak email sms benah komplain tidak ubah admin
"Update mulu logout minta otp ...ga dapet"" piye iki masyehhh",2,0,2.8.3,2.8.3,2024-04-06 19:04:01,update mulu logout otp ga dapet piye iki masyehhh
"Udpate terus, mau login ga ada sama sekali kode verifikasi lewat sms atau email. makin merepotkan mending beli langsung",1,0,2.8.3,2.8.3,2024-04-06 17:10:31,udpate login tidak kode verifikasi sms email repot mending beli
Susah sekali mendapatkan kode otp dan merepotkan untuk login ulang,2,0,2.8.3,2.8.3,2024-04-06 16:15:06,susah kode otp repot login ulang
Setiap pembaruan logout dan susah dapat kode otp nya... perbaiki lagi lah rosin.. merepotkan klo harus nunggu.. keburu kahabisan tiket apalagi nyari dadakan pas hari libur nasional sangat merepotkan sekali,2,0,2.8.3,2.8.3,2024-04-06 15:07:09,baru logout susah kode otp baik rosin repot nunggu keburu kahabisan tiket nyari dada libur nasional repot
"Stelah di perbarui gk bisa log in Minta updet trus,",2,0,2.8.2,2.8.2,2024-04-06 13:31:47,stelah baru tidak log in updet trus
"Saya ga ada masalah jika aplikasi selalu ada update , tetapi kenapa setiap update musti login ulang?",3,0,2.8.3,2.8.3,2024-04-06 11:16:53,tidak aplikasi update update musti login ulang
"Terlalu sering update, dalam 1 bulan sudah berkali kali update, harusnya kalo ada bug, catat dulu, updatenya sekalian.",1,58,2.8.2,2.8.2,2024-04-06 11:14:09,update kali update bug catat updatenya
Update mulu tapi fasilitas 0,1,0,,Unknown,2024-04-06 10:02:14,update mulu fasilitas
"Pengalaman buruk lg di Rosin, udh pesen mau dibayar selalu error/gagal. Sampai habis waktunya bayar malah gk ilang2 notif pembayarannya. Masalahnya ini kursi tinggal 1. Telp CS malah ketus kaya dia yg paling pny beban kerjaan. Padahal saya telp jg santai gak marah2. Coba kl nyari CS yang stabil emosinya. Tambah lagi bentar2 minta update, login dr HP & email tp OTP gak ada yg masuk, bisanya login pake ID & password. 🥴",1,15,2.8.3,2.8.3,2024-04-06 08:56:22,alam buruk rosin sen bayar errorgagal habis bayar tidak ilang notif bayar kursi tinggal telp cs ketus kaya pny beban kerja telp santai tidak marah coba kl nyari cs stabil emosi bentar update login dr hp email otp tidak bisa login pake id password
"Setelah update versi terbaru, tidak bisa login sama sekali padahal sebelumnya sudah punya akun dan sudah reservasi tiket",1,0,,Unknown,2024-04-06 08:53:43,update versi baru tidak login akun reservasi tiket
"Heran sama ni aplikasi, 3 hari sekali minta di update. Maunya apa ya? Mending kalo setelag di update ga perlu log in lagi, lah disuruh log in terus.",1,1,2.8.2,2.8.2,2024-04-06 08:46:06,heran ni aplikasi update mau mending setelag update tidak log in suruh log in
Ok,4,0,2.8.1,2.8.1,2024-04-06 08:32:17,ok
Terlali sering update,1,0,2.8.3,2.8.3,2024-04-06 05:41:30,lali update
woyy ini apk kenapa.. udah brapa ratus kali saya mau login tapi kode verifikasi nya gak pernah muncul.. tolong perbaiki lah kocak,2,0,2.8.3,2.8.3,2024-04-06 04:59:55,woyy aplikasi udah brapa ratus login kode verifikasi tidak muncul tolong baik kocak
Agak repot yaa setiap update pasti log in... Trs dapet kode OTP nya susah pol... Sudah aku coba hapus dulu habis itu install ulang ttp masih gx dapet kode OTP nya(눈‸눈)... Ada plusnya jg centernya merespon dengan cepat....baik...ramah,2,31,2.8.3,2.8.3,2024-04-06 04:51:39,repot yaa update log in trs dapet kode otp susah pol coba hapus habis install ulang ttp gx dapet kode otp plus centernya merespon cepatbaikramah
Habis update susah login. Otp gak dikasih2. Untung kode booking sudah saya screenshot. Kalo gak bisa pusing.,1,1,2.8.3,2.8.3,2024-04-06 01:05:28,habis update susah login otp tidak kasih untung kode booking screenshot tidak pusing
"abis update, login gag dikirim otp",1,0,2.8.3,2.8.3,2024-04-05 23:57:12,abis update login gag kirim otp
"Saran kalo habis update, gak perlu login ulang, nyusahin, apalagi kalo nomer hp udah mati",4,0,2.8.3,2.8.3,2024-04-05 21:37:55,saran habis update tidak login ulang nyusahin nomer hp udah mati
"kenapa tidak bisa dibuat update, tanpa membuat log out dari akun, jika untuk login kembali mudah tidak terlalu masalah. tapi ini kode otp susah sekali untuk di dapatkan",1,0,,Unknown,2024-04-05 21:36:32,tidak update log out akun login mudah tidak kode otp susah dapat
Kesel bgt ma aplikasi nya update Mulu bikin ribet aja,4,0,2.8.2,2.8.2,2024-04-05 21:00:59,kesel banget ma aplikasi update mulu bikin ribet
"Untuk aplikasi ini sangat Merepotkan, selalu update dan selalu login ulang setelah aplikasi diupdate",2,0,,Unknown,2024-04-05 20:12:34,aplikasi repot update login ulang aplikasi diupdate
Payaah.....setelah di update login ulang tuk kode otp ga masuk ke email/SMS....padahal saya sudah melakukan pesanan tiket dan pembayaran.....jadi tidak bisa mengecek status selanjutnya...diperbaiki dong....niat gak sih bikin aplikasi..tks.,1,15,2.8.3,2.8.3,2024-04-05 19:09:04,payaahsetelah update login ulang tuk kode otp tidak emailsmspadahal pesan tiket pembayaranjadi tidak ecek status selanjutnyadiperbaiki dongniat tidak sih bikin aplikasitks
Repot neh aplikasi,3,0,2.8.3,2.8.3,2024-04-05 18:45:05,repot neh aplikasi
"Update mulu dah, gw login ke aplikasinya susah anjirt",4,0,2.8.3,2.8.3,2024-04-05 17:52:33,update mulu dah gw login aplikasi susah anjirt
"Gabisa login setelah update, otp tidak terkirim. developer minim skill",1,0,2.8.2,2.8.2,2024-04-05 15:13:47,gabisa login update otp tidak kirim developer minim skill
Login susah,3,0,2.8.2,2.8.2,2024-04-05 11:45:37,login susah
"aplikasi sampahh.. sangat2 ga worth it untuk memesan lewat aplikasi,, akses buat masuk aja buat ngirim otp nya gak bisa2.. server aplikasinya gak pernah di upgrade",1,1,2.8.2,2.8.2,2024-04-05 08:01:16,aplikasi sampahh tidak worth it mes aplikasi akses ngirim otp tidak server aplikasi tidak upgrade
Susah daapetin kode ot0,1,0,,Unknown,2024-04-05 06:42:05,susah daapetin kode ot
"Kenapa setelah update pasti logout,pas mau masuk susah sekali gak dapet kode otp,udah hapus instal Samapi 3 kali tetep gak dapet kode otp",1,1,2.8.2,2.8.2,2024-04-05 04:56:31,update logoutpas susah tidak dapet kode otpudah hapus instal samapi tetep tidak dapet kode otp
Selalu jadi langganan mudik karna nyaman dan aman,5,0,2.8.0,2.8.0,2024-04-05 04:39:44,langgan mudik karna nyaman aman
Alhamdulillah langganan,5,0,,Unknown,2024-04-04 08:09:25,alhamdulillah langgan
dikit dikit minta update mulu 😭,3,0,2.8.1,2.8.1,2024-04-03 22:28:21,dikit dikit update mulu
"Mohon di update, ketika mau login tidak ada otp yg masuk sama sekali, padahal sudah beli tiket.. mau ngecek tidak bisa..",1,1,2.8.2,2.8.2,2024-04-03 22:03:21,update login tidak otp beli tiket ngecek tidak
mohon dibantu ketika mau login knpa otp nya tidak masuk di email maupun sms ya?,2,0,2.8.2,2.8.2,2024-04-03 20:34:07,bantu login knpa otp tidak email sms
"Aplikasi nya sangat merepotkan, setiap update pasti logout dan sangat susah untuk mendapatkan otp mengapa sangat sering sekali update, jika update tetapi tetap login tidak masalah tetapi ini sangat merepotkan",1,83,2.8.2,2.8.2,2024-04-03 07:03:14,aplikasi repot update logout susah otp update update login tidak repot
mudah untuk lhat tarip nya dan bisa cepat,5,0,2.8.2,2.8.2,2024-04-03 00:49:15,mudah lhat tarip cepat
Praktis,5,0,2.8.0,2.8.0,2024-04-03 00:43:58,praktis
"Aplikasi gak guna sama sekali, susah masuk, tiket selalu tidak tersedia, untuk apa aplikasi ini d buat klo masih gak bisa d pakai,, tolong klo mau maju perhatikan hal hal kecil, supaya kita yang jauh dari agen bisa mudah dapat informasi",1,0,,Unknown,2024-04-02 22:46:05,aplikasi tidak susah tiket tidak sedia aplikasi tidak pakai tolong maju perhati agen mudah informasi
Ga bisa dibuka di android ku 2018. Pecat IT nya.,1,0,,Unknown,2024-04-02 22:14:36,tidak buka android ku pecat it
"Aplikasi nya sering ke log out sendiri, pas mau login ulang, ga dikirim² kode verif nya",2,0,,Unknown,2024-04-02 21:45:34,aplikasi log out login ulang tidak kirim kode verif
"Po rosalia indah memang paling top diantara po lainnya,,itu karena pelayanannya yg sangat baik.",4,0,2.8.2,2.8.2,2024-04-02 13:08:09,po rosalia indah top po lainnyaitu layan
"Seperti biasa dari jaman Majapahit abis pembaruan ga bisa login, tidak mendapatkan kode verifikasi",1,0,2.8.2,2.8.2,2024-04-02 08:05:25,jaman majapahit abis baru tidak login tidak kode verifikasi
"tolong perbaiki. banyak sekali macetnya. secara koneksi internet saya oke tpi di sistem rosintransport tidak. kode otp sudh sent tpi belum muncul juga (untuk relogin) ini aplikasi krusial, banyak yg menggunakan lalu lalangnya. sayang kalau masih blm ready. mending sekalian offline tiketing saja sampai aplikasi 100% siap digunakan. krn seperti makin sulit kalau menggunakan sistem yg belum ready. ini masukan ya, mohon diterima untuk development",1,7,2.8.2,2.8.2,2024-04-02 07:07:11,tolong baik macet koneksi internet oke tpi sistem rosintransport tidak kode otp sudh sent tpi muncul relogin aplikasi krusial lalang sayang blm ready mending offline tiketing aplikasi sulit sistem ready masuk terima development
Kode otp tidak masuk,1,0,2.8.2,2.8.2,2024-04-02 05:39:31,kode otp tidak
Pelayanan sangat memuaskan 👍👍,5,0,2.8.2,2.8.2,2024-04-01 23:04:27,layan muas
"Tidak menerima kode otp saat login, mohon diperbaiki",1,0,,Unknown,2024-04-01 22:51:13,tidak terima kode otp login baik
"Kenapa susah banget untuk dapat otp nyaa tolong dong admin nyaa di perbaik ii lgi, punya aplikasi nya cuma buat cak aja",1,0,2.8.2,2.8.2,2024-04-01 22:32:52,susah banget otp nyaa tolong admin nyaa baik ii lgi aplikasi cak
Update dan tidak bisa login lagi... Kode otp tidak masuk ke SMS dan email..,1,0,2.8.1,2.8.1,2024-04-01 20:39:28,update tidak login kode otp tidak sms email
"Lebih baik login memakai password jika belum siap login memakai metode kode verifikasi, soalnya kode verifikasi ga terkirim terkirim",2,0,2.8.2,2.8.2,2024-04-01 19:14:55,login pakai password login pakai metode kode verifikasi kode verifikasi tidak kirim kirim
Ternyaman,5,0,2.8.1,2.8.1,2024-04-01 19:14:33,nyaman
Tololl kode kagak masuk,1,0,2.8.2,2.8.2,2024-04-01 18:54:22,tololl kode kagak
Aplikasi minta login tp setelah minta OTP tidak ada respon,1,0,2.8.2,2.8.2,2024-04-01 17:57:21,aplikasi login otp tidak respon
"Tolong yah kalo minta otp tuh, ya dikirim, udah cek SMS cek wa cek email. Gaada satupun",3,0,2.8.2,2.8.2,2024-04-01 17:46:06,tolong yah otp tuh kirim udah cek sms cek wa cek email gaada satu
Belum pernah coba.,5,0,2.8.2,2.8.2,2024-04-01 17:16:04,coba
"Ini apl rosalia knp,, bentar2 pembaruan. Sdh dprbrui wktu mau pake apl hrs log in trs. Tiap kluar data ilang, dminta log in lg. Minta masukin kode verifkasi mulu... tp kode g dkirim2.... bkin emosi!!!!!!!!",1,4,2.8.2,2.8.2,2024-04-01 15:03:16,apl rosalia knp bentar baru sdh dprbrui wktu pake apl hrs log in trs kluar data ilang dminta log in lg masukin kode verifkasi mulu kode dkirim bkin emosi
Bagus cepat,5,0,2.8.1,2.8.1,2024-04-01 14:04:07,bagus cepat
Bagus banget 2👍👍,5,0,2.8.2,2.8.2,2024-04-01 12:45:35,bagus banget
Mode transportasi yg nyaman dan aman,5,0,,Unknown,2024-04-01 11:21:49,mode transportasi nyaman aman
"Ini hampir tiap bulan minta d perbarui maksudny ap coba,,",1,0,2.8.1,2.8.1,2024-04-01 08:25:55,baru maksudny ap coba
Bagus,5,0,2.7.9,2.7.9,2024-04-01 06:59:10,bagus
Ok,5,0,,Unknown,2024-03-31 23:06:11,ok
Gak kira-kira ngaret ampe 3 jam,1,0,,Unknown,2024-03-31 17:17:34,tidak kirakira ngaret ampe jam
Aplikasi tidak bisa digunakan untuk chek tiket,1,0,2.8.1,2.8.1,2024-03-31 15:19:07,aplikasi tidak chek tiket
Setiap buka aplikasi haruskah mesti update terus? Cape min login ulang login ulang😖,3,0,2.8.0,2.8.0,2024-03-31 06:31:04,buka aplikasi harus mesti update cape admin login ulang login ulang
Nyaman,5,0,2.8.0,2.8.0,2024-03-31 05:29:00,nyaman
Aplikasi kurang respon ketika pendaftaran akun & untuk info tanggal pilih keberangkatan terkadang tidak ada informasi lebih lanjut. Terima kasih .,1,2,2.8.1,2.8.1,2024-03-30 23:42:56,aplikasi respon daftar akun info tanggal pilih berangkat terkadang tidak informasi terima kasih
"Agen Rosalina Palembang KM 09 MOHON di tertibkan preman nya , Agen itu bukan bandara , yg gak boleh di jemput kendaran pribadi , gak boleh grab masuk ...",1,0,2.8.1,2.8.1,2024-03-30 23:30:17,agen rosalina palembang km tertib preman agen bukan bandara tidak jemput kendaran pribadi tidak grab
Bagus,5,0,2.8.1,2.8.1,2024-03-30 22:00:14,bagus
Setelah di update malah tidak bisa masuk atau login ke aplikasi. Kode verifikasi tidak terkirim lewat SMS maupun email. Padahal nomor handphone dan email sudah benar. Di coba berulang-upang tetap gak Nerima kode verifikasi dari SMS maupun email. Gimana ini solusinya? Padahal usah beli tiket online,2,23,2.8.0,2.8.0,2024-03-30 16:43:49,update tidak login aplikasi kode verifikasi tidak kirim sms email nomor handphone email coba berulangupang tidak nerima kode verifikasi sms email gimana solusi beli tiket online
Update mulu,3,0,,Unknown,2024-03-30 14:53:03,update mulu
ruwet,1,0,2.8.0,2.8.0,2024-03-30 13:45:28,ruwet
Aplikasi nya Keseringan Update,5,0,2.8.1,2.8.1,2024-03-30 11:06:02,aplikasi sering update
Bagus aplikasinya buat order ticket. Tapi sayang point habis setiap 1 tahun sekali jadi saya tidak bisa mengumpulkan banyak poin. Karena saya pulang setiap 1 tahun sekali 😥,4,0,2.8.1,2.8.1,2024-03-29 23:32:53,bagus aplikasi order ticket sayang point habis tahun tidak kumpul poin pulang tahun
"Masa tiap buka apk suruh update terus mana servernya lama bgt, pelayanan di loanganpun sekarang juga kurang baik terutama menu makan si kebangetan bgt",1,2,2.8.1,2.8.1,2024-03-29 21:06:10,buka aplikasi suruh update servernya bgt layan loanganpun menu makan si banget banget
Apk busuk update terus kntl,1,0,2.8.0,2.8.0,2024-03-29 20:33:56,aplikasi busuk update kntl
Kenapa Aplikasi ini hampir tiap buka minta di update ulang...?,1,0,2.8.0,2.8.0,2024-03-29 19:30:33,aplikasi buka update ulang
"tolong segera di perbaiki kode OTPnya !! orang mau pesan tiket jadi gak bisa lhoo , gara-gara update gak jelas .. klo gk siap untuk update jangan diupdate aplikasinya .. kecewa banget",2,9,2.8.1,2.8.1,2024-03-29 15:37:53,tolong baik kode otpnya pesan tiket tidak lhoo garagara update tidak tidak update jangan diupdate aplikasi kecewa banget
Bagusss....,5,0,2.8.0,2.8.0,2024-03-29 13:00:12,bagusss
sangat mudah untuk di gunakan,5,0,2.8.0,2.8.0,2024-03-29 10:37:17,mudah
Aplikasi ribet kode otp gak pernah masuk abis update ke log out sendiri,1,0,2.8.1,2.8.1,2024-03-29 08:24:54,aplikasi ribet kode otp tidak abis update log out
"Setelah update, Kode otp tidak dikirim, jadi tidak bisa login Gimana solusinya",2,0,2.8.1,2.8.1,2024-03-29 06:57:52,update kode otp tidak kirim tidak login gimana solusi
perjalanan dgn bus rosalia indah memang menyenangkan dgn pelayanan yg prima ramah dan nyaman.,5,0,2.7.3,2.7.3,2024-03-29 04:05:43,jalan bus rosalia indah senang layan prima ramah nyaman
"Kalo bisa kasih bintang 4.5 , saya kasih dah. Dari saya utk aplikasi ini adalah, setiap ada perbaikan jangan langsung minta update. Kumpulkan dulu semua fixed bugnya, ya setidaknya sampe 2-3 bulan. Setelah itu diupdate, saya rasa masuk akal ketimbang setiap ada fixed bug update, ada fixed bug auto update. Mohon dipertimbangkan kpd developer aplikasi. Terima kasih 😇",4,42,2.8.0,2.8.0,2024-03-29 03:59:55,kasih bintang kasih dah aplikasi baik jangan update kumpul fixed bugnya sampe diupdate akal ketimbang fixed bug update fixed bug auto update timbang kpd developer aplikasi terima kasih
Aplikasi eror!,1,0,2.8.1,2.8.1,2024-03-29 00:16:20,aplikasi eror
"Mau daftar akun harus verifikasi tapi angka verifikasi gak pernah dikirim, alhasil gak bisa pake aplikasi...bisanya bagus tapi aplikasinya cacat...haduh🤦🤦🤦🤦",1,0,2.8.1,2.8.1,2024-03-28 22:13:55,daftar akun verifikasi angka verifikasi tidak kirim alhasil tidak pake aplikasibisanya bagus aplikasi cacathaduh
Aplikasi minta di update dan akan dikirim OTP ke email atau SMS...gak ada sama sekali...malah gak bsa update...,1,5,2.8.1,2.8.1,2024-03-28 21:49:59,aplikasi update kirim otp email smsgak sekalimalah tidak bsa update
Butuh berhari hari nerima otp ketika login.,1,0,2.8.1,2.8.1,2024-03-28 21:09:49,butuh hari nerima otp login
Baik,5,0,2.8.0,2.8.0,2024-03-28 15:50:54,
"Selalu update terus, log in lagi, konfir opt tapo tidak masuk2 otpnya,",1,0,2.8.0,2.8.0,2024-03-28 15:43:22,update log in konfir opt tapo tidak otpnya
"Saya kasih bintang 4, semoga fitur² yang ada bisa dikembangkan dan terupdate lagi. Salam Otobis mania",5,0,2.8.1,2.8.1,2024-03-28 13:03:33,kasih bintang moga fitur kembang terupdate otobis mania
Bagus,4,0,2.8.1,2.8.1,2024-03-28 12:14:20,bagus
Mantap,5,0,2.8.0,2.8.0,2024-03-28 12:10:23,mantap
Tiap mau masuk aplikasi minta update terus aplikasi kmhomtol. Lu pikir update gak pake kuota.,1,0,,Unknown,2024-03-28 11:26:32,aplikasi update aplikasi kmhomtol lu pikir update tidak pake kuota
"kenapasih harus dikit2 update?! Harusnya sekali update tu bisa buat jangka panjang dong, masa dikit2 update kayak gini.",3,0,,Unknown,2024-03-28 09:14:40,kenapasih dikit update update tu jangka dikit update kayak gin
"Tolong dengan sangat, armada nya untuk maintenance nya di perhatikan lebih rutin. Khususnya bis yg sudah 2 kali saya naiki jurusan (purwokerto ke merak) no Lambung 346 . Suara kaki2 undercarriage nya sangat berisik, bunyinya Glodakan, kreket2 campur jadi satu, udah kaya naik gerobak, padahal bis nya kelas Executive Plus, sama bis Ekonomi nya PO sebelah aja masih lebih senyap bis ekonomi PO SJ.",1,9,2.8.0,2.8.0,2024-03-27 19:19:53,tolong armada maintenance perhati rutin bis naik jurus purwokerto merak no lambung suara kaki undercarriage berisik bunyi glodakan kreket campur udah kaya gerobak bis kelas executive plus bis ekonomi po belah senyap bis ekonomi po sj
Untuk pembayaran tidak bisa langsung ke opsi pembayaran yg dipilih. Jadi keluar dan muncul nomor virtual account tapi nomor VA juga tidak bisa untuk bayar,1,2,2.8.0,2.8.0,2024-03-27 13:46:19,bayar tidak opsi bayar pilih muncul nomor virtual account nomor va tidak bayar
"aplikasi sampah, gabisa ngapa ngapain di dalem. login aja gabisa",1,0,2.8.0,2.8.0,2024-03-27 12:25:43,aplikasi sampah gabisa ngapa ngapain dalem login gabisa
"Buruk sekali aplikasinya, saya tidak mengeluarkan akun saya dari aplikasi malah keluar sendiri. Pas mau dimasukkan lagi malah kode Verifikasinya ga dikirim kirim. ANEH sekelas perusahaan travel seperti ini mempunyai aplikasi yang buruk",1,8,2.8.0,2.8.0,2024-03-26 19:52:49,buruk aplikasi tidak keluar akun aplikasi masuk kode verifikasi tidak kirim kirim aneh kelas usaha travel aplikasi buruk
Susah bgt buat login,1,0,2.8.0,2.8.0,2024-03-26 07:13:34,susah banget login
"Gabisa Login otp ga masuk email maupun sms, aplikasi bapuk",1,0,2.8.0,2.8.0,2024-03-25 21:47:50,gabisa login otp tidak email sms aplikasi bapuk
Sangat membantu masyarakat,5,1,2.7.7,2.7.7,2024-03-25 15:28:02,bantu masyarakat
semoga selalu konsisten dalam memberi kenyaman penumpang...dan sampai saat ini saya pribadi puas dengan pelayanan ROSIN,5,0,2.8.0,2.8.0,2024-03-25 12:58:53,moga konsisten kenyam penumpangdan pribadi puas layan rosin
Udah langganan 16 THN mudik selalu naik Rosalia,5,0,,Unknown,2024-03-25 10:46:03,udah langgan thn mudik rosalia
6x coba verifikasi akun tapi ga dikirim kirim kodenya,1,0,2.8.0,2.8.0,2024-03-25 01:14:34,coba verifikasi akun tidak kirim kirim kode
"Aplikasi gak berguna, pencarian tiket gak pernah tersedia, gak terupdate, masa disuruh tanya ke agen masing2, kan kocak, apagunanya aplikasi ini. Dasar Rosalia, urusin aja tuh Keramik Ipad.",1,2,2.8.0,2.8.0,2024-03-24 11:10:37,aplikasi tidak guna cari tiket tidak sedia tidak terupdate suruh agen kocak apagunanya aplikasi dasar rosalia urusin tuh keramik ipad
Sangat membantu konsumen,5,0,2.7.7,2.7.7,2024-03-24 10:50:59,bantu konsumen
"Setelah aplikasi update malah gak bisa login. Kode OTP gak masuk masuk, udah nunggu sampe 7 purnama juga kagak nongol2. Gimana sih ini Rosalia? Adminnya tolong dong diakomodir, lagi disorot banget lho ini Rosalia dengan pemberitaan akhir2 ini",1,2,2.8.0,2.8.0,2024-03-24 05:15:53,aplikasi update tidak login kode otp tidak udah nunggu sampe purnama kagak nongol gimana sih rosalia adminnya tolong diakomodir sorot banget lho rosalia berita
"Waktu verifikasi, kagak pernah langsung dapet kodenya, selalu diulang berkali-kali baru dapat, dan apk nya ngelag, tolong diperbaiki, karena pesan lewat apk bisa mempermudah bagi yang jauh dari agen rosalia indah",1,0,,Unknown,2024-03-23 11:42:40,waktu verifikasi kagak dapet kode ulang berkalikali aplikasi ngelag tolong baik pesan aplikasi mudah agen rosalia indah
Benerin woy lah cik OTP nya😬,2,0,,Unknown,2024-03-23 07:48:23,benerin woy cik otp
Seharian nunggu kode Verifikasi gak dikirim2 hadeuh niat bikin aplikasi gak sih? Suruh programmer benerin dong atau klo nggak bisa suruh sekolah lagi biar pinter aplikasi cacat kayak gini dibiarin,1,0,2.8.0,2.8.0,2024-03-23 00:31:20,hari nunggu kode verifikasi tidak kirim hadeuh niat bikin aplikasi tidak sih suruh programmer benerin nggak suruh sekolah biar pinter aplikasi cacat kayak gin dibiarin
"Setelah update ga bisa login, kode verifikasi tidak masuk di telpon dan email. Kalau belum siap jangan update dong.",2,0,,Unknown,2024-03-22 19:24:16,update tidak login kode verifikasi tidak telpon email jangan update
"Gmna sih rosalia, mnta update tp otp nya gak jelas, sms gak ada email gak ada, niat gak sih bisnis gak sih 🤔🤔",3,0,2.8.0,2.8.0,2024-03-22 19:08:52,gmna sih rosalia mnta update otp tidak sms tidak email tidak niat tidak sih bisnis tidak sih
Untuk teman teman yang tidak menerima kode otp di update terbaru ini coba deh kalian hapus dulu aplikasi Rosalia indah nya Lalau kalian download lagi di play store dan kalian login dengan nomer kalian otomatis kode otp akan terkirim ke g mail atau SMS kalian. Selamat mencoba,5,22,2.8.0,2.8.0,2024-03-22 12:55:37,teman teman tidak terima kode otp update baru coba deh hapus aplikasi rosalia indah lalau download play store login nomer otomatis kode otp kirim mail sms selamat coba
Sangat cocok,5,0,2.8.0,2.8.0,2024-03-22 08:54:14,cocok
Baru install dan mau daftar akun baru minta otp tapi tidak ada kode otp baik lewat sms ataupun email. Kayaknya aplikasinya nggak dikelola dengan baik. Kalau begini mending gabung dengan aplikasi tiket bus lain,1,5,2.8.0,2.8.0,2024-03-22 08:51:48,install daftar akun otp tidak kode otp sms email kayak aplikasi nggak kelola mending gabung aplikasi tiket bus
"Aplikasi ini kurang pengawasan, sama seperti agen2 nya juga sangat sangat kurang pengawasan, 97% orang agen ini tidak memiliki jiwa keramahtamahan",1,0,2.8.0,2.8.0,2024-03-21 15:26:21,aplikasi awas agen awas agen tidak milik jiwa keramahtamahan
"Otp tidak ada masuk, mohon perbaiki dan perbarui aplikasi",3,0,2.8.0,2.8.0,2024-03-21 13:50:55,otp tidak baik baru aplikasi
Nyaman tepat waktu mks,5,0,2.7.7,2.7.7,2024-03-21 12:45:52,nyaman waktu mks
Kesel sama ni mobil ada aja halangannya kalau perjalanan dari kampung ke kota,3,0,2.6.8,2.6.8,2024-03-21 08:50:51,kesel ni mobil halang jalan kampung kota
Kenapa sering abdet trus nih aplikasi tolong lh diperbaiki lagi biar jangan dikit dikit abdet trus bosennn bikin mles tuk ngakses ini aplikasi,1,0,,Unknown,2024-03-21 06:00:18,abdet trus nih aplikasi tolong lh baik biar jangan dikit dikit abdet trus bosennn bikin mles tuk ngakses aplikasi
Mantap pokok e,5,0,2.7.7,2.7.7,2024-03-20 12:32:31,mantap pokok
Untuk transaksi enak Tapi setelah update ga bisa login Otp ga pernah masuk di email ataupun sms ini bagaimana,5,0,2.8.0,2.8.0,2024-03-20 07:34:31,transaksi update tidak login otp tidak email sms
"Setelah update otp gak masuk2 ke email, padahal gue dah pakai aplikasi ini hampir 2 tahun, jadi males klo kaya gini",1,2,2.8.0,2.8.0,2024-03-20 05:07:26,update otp tidak email gue dah pakai aplikasi tahun males kaya gin
Apa yg sedang terjadi? Saya tidak bisa login akun padahal sudah di update paling terbaru.,2,0,2.8.0,2.8.0,2024-03-20 05:01:48,tidak login akun update baru
Habis update.. mau log in... Kirim OTP via email/nmr HP ngg ada dikirim......,2,0,2.8.0,2.8.0,2024-03-19 23:30:09,habis update log in kirim otp via emailnmr hp ngg kirim
baru saja di update suruh updet lagi dan malah tambah lemot tambah lemot,2,0,,Unknown,2024-03-19 23:02:12,update suruh updet lot lot
Setiap kali dibuka harus di update terus,1,0,2.8.0,2.8.0,2024-03-19 22:51:13,buka update
Ngelak,1,0,,Unknown,2024-03-19 21:16:39,ngelak
Mantap,5,0,2.7.7,2.7.7,2024-03-19 17:58:21,mantap
Bagus,5,0,2.7.7,2.7.7,2024-03-19 16:32:07,bagus
"Piye to, update terus.. hrs log in ulang terus, otp kaga pernah dikirim ... hadewww Mending pke aplikasi yg lama lah",1,1,2.7.9,2.7.9,2024-03-19 14:14:48,piye to update hrs log in ulang otp kaga kirim hadewww mending pke aplikasi
Bagus,5,0,2.8.0,2.8.0,2024-03-19 12:38:30,bagus
ok bus nya,5,0,2.8.0,2.8.0,2024-03-19 12:37:19,ok bus
Udah du update tapi suruh update lagi jadi ngak bisaa di bukaaa,1,0,2.8.0,2.8.0,2024-03-19 12:32:10,udah du update suruh update ngak bisaa bukaaa
nyusahin aja kode otp login.berkali.kali kaga di kasih gmna mksdnya?,4,0,,Unknown,2024-03-19 08:13:24,nyusahin kode otp loginberkalikali kaga kasih gmna mksdnya
"Pelayanan kurang, bis ngaret dari jadwal, sering mogok2 baru kali ini naik rosalia kayak gini",1,0,2.7.9,2.7.9,2024-03-18 16:07:19,layan bis ngaret jadwal mogok rosalia kayak gin
mantap,5,0,2.7.2,2.7.2,2024-03-18 13:34:03,mantap
Nggak bisa masuk ke akun. Udah nyoba 10 kali lebih,1,1,2.7.9,2.7.9,2024-03-17 20:04:41,nggak akun udah nyoba
"Pelayanan aslina ramah tamah,cuma kedisiplinan nya itu,sama jam keberangkatan yang tidak pasti,masa dari jam 2 siang sampe jam 7 malam masih terlantar nunggu busnya,trus abis itu busnya brngkt tetep ambil penumpang di daerah lain...hadeh..kapan nyampe tepat waktu...",2,16,2.7.9,2.7.9,2024-03-17 19:59:39,layan aslina ramah tamahcuma disiplin itusama jam berangkat tidak pastimasa jam siang sampe jam malam lantar nunggu busnyatrus abis bus brngkt tetep ambil tumpang daerah lainhadehkapan nyampe waktu
Mantap,5,0,2.7.7,2.7.7,2024-03-17 05:59:44,mantap
"Apa apaan habis update app akun saya logout sendiri, padahal ga ngapa-ngapain terus pas mau login kode otp nya kaga muncul terus padahal sudah diulangi berkali-kali",1,13,2.7.9,2.7.9,2024-03-17 04:28:30,habis update aplikasi akun logout tidak ngapangapain login kode otp kaga muncul ulang berkalikali
"[1] Kecewa berat dgn Admin Rosin via WA & voice call utk proses reschedule karena harus menunggu berjam2 (bahkan sampai tertidur) utk mendapatkan responnya yg katanya melayani 24/7. [2] Sangat kecewa berat dgn aturan reschedule yg maksimal H+7 karena bagi yg rutin pulang-pergi biasanya sdh punya tiket utk minggu2 depannya, shingga jika ada emergency & akan reschedule menjadi rumit & terpaksa refund dgn potongan 25%. Mohon dipertimbangkan agar H+7 dihitung dari tiket terdepan yg sudah dimiliki.",1,1,2.7.9,2.7.9,2024-03-16 23:46:05,kecewa berat admin rosin via wa voice call proses reschedule tunggu jam tidur responnya layan kecewa berat atur reschedule maksimal rutin pulangpergi sdh tiket minggu depan shingga emergency reschedule rumit paksa refund potong timbang hitung tiket depan milik
Perjalanan yg indah,5,0,2.7.9,2.7.9,2024-03-16 23:44:50,jalan indah
Pelayanan bagus dan sangat memuaskan..fasilitas ok!!,5,0,2.7.7,2.7.7,2024-03-16 21:16:02,layan bagus memuaskanfasilitas ok
"𝘽𝙖𝙜𝙖𝙞𝙢𝙖𝙣𝙖 𝙞𝙣𝙞 𝙢𝙞𝙣? 𝕊𝕒𝕪𝕒 𝕤𝕒𝕞𝕡𝕒𝕚 𝕚𝕤𝕚 𝕦𝕝𝕒𝕟𝕘 𝕡𝕦𝕝𝕤𝕒, 𝕜𝕚𝕣𝕒𝕚𝕟 𝕡𝕦𝕝𝕤𝕒 𝕙𝕒𝕓𝕚𝕤,, 𝙩𝙚𝙧𝙣𝙮𝙖𝙩𝙖 𝙚𝙢𝙖𝙣𝙜 𝙜𝙠 𝙖𝙙𝙖 𝙊𝙏𝙋 𝙮𝙜 𝙢𝙖𝙨𝙪𝙠... 𝕋𝕒𝕞𝕡𝕚𝕝𝕒𝕟 𝕟𝕪𝕒 𝕔𝕦𝕞𝕒 𝕟𝕘𝕒𝕤𝕚𝕙 𝕞𝕖𝕟𝕦 𝕟𝕠 ℍℙ, 𝕥𝕒𝕟𝕡𝕒 𝕒𝕕𝕒 𝕡𝕚𝕝𝕚𝕙𝕒𝕟 𝕒𝕝𝕒𝕞𝕒𝕥 𝕖𝕞𝕒𝕚𝕝.. 𝙏𝙤𝙡𝙤𝙣𝙜 𝙧𝙚𝙨𝙥𝙤𝙣 𝙣𝙮𝙖... 𝕋𝕖𝕣𝕚𝕞𝕒𝕜𝕒𝕤𝕚𝕙 Setahun kemudian terjadi lagi,, setelah update, mlh log off sendiri,, giliran mau login, OTP gk ada...",1,5,2.7.9,2.7.9,2024-03-16 17:18:18,tahun update mlh log off gilir login otp tidak
Restorasi tolong diperbaiki masakan Padang yang disajikan hanya kuah soto sama tahu tempe,2,0,2.7.9,2.7.9,2024-03-16 16:45:32,restorasi tolong baik masakan padang saji kuah soto tempe
"Abis updte mlah g bisa login gmn si ,veriy ga masuk2",2,1,2.7.9,2.7.9,2024-03-16 14:12:09,abis updte mlah login gmn si veriy tidak
Otp lambat,1,1,,Unknown,2024-03-16 13:40:17,otp lambat
Kode Verifikasi tidak dapat masuk,1,1,,Unknown,2024-03-16 08:28:07,kode verifikasi tidak
Sangat membantu pembelian tiket kadna gak harus pergi ke po,5,0,2.7.9,2.7.9,2024-03-16 07:47:20,bantu beli tiket kadna tidak pergi po
Habis update gak bisa menerima kode konfirmasi via sms atau imel..,1,0,2.7.9,2.7.9,2024-03-16 00:19:58,habis update tidak terima kode konfirmasi via sms imel
Minta update. Lalu setelah suruh login ulang. Minta otp tapi ga da satupun yang masuk ke email dan tak satupun SMS otp masuk. Kalo ga niat ga usah pake aplikasi. Beli ke loket meski harus payah. Bis sudah ok aplikasinya merepotkan,1,171,2.7.9,2.7.9,2024-03-15 23:55:18,update suruh login ulang otp tidak da satu email satu sms otp tidak niat tidak pake aplikasi beli loket payah bis ok aplikasi repot
"Aplikasi bagus, pelayanan di agen Palembang, saat boarding pass;saling serobot giliran ,penumpang tidak mau antri,",4,0,2.7.9,2.7.9,2024-03-15 22:18:54,aplikasi bagus layan agen palembang boarding passsaling serobot gilir tumpang tidak antri
Setelah diperbarui malah tidak bisa login. Dan Otp tidak masuk ke email ataupun sms,2,0,2.7.9,2.7.9,2024-03-15 21:32:56,baru tidak login otp tidak email sms
Kalau belum siap sistem online mending ga usah buat aplikasi dulu.,1,0,2.7.9,2.7.9,2024-03-15 20:33:46,sistem online mending tidak aplikasi
Enak dan praktis,5,0,2.7.7,2.7.7,2024-03-15 19:30:45,praktis
Buat daftar akun aja susahnya minta ampun . udh bolak balik perbaiki no dan email . masih aja ngga kode otp yg di kirim . parah sih ini . respon nya juga lemot,1,1,2.7.9,2.7.9,2024-03-15 16:15:19,daftar akun susah ampun bolak baik no email ngga kode otp kirim parah sih respon lot
Pilihan tepat pokoknya,5,0,,Unknown,2024-03-15 15:59:45,pilih pokok
"Server sering error, aplikasi lemot.",1,0,2.7.9,2.7.9,2024-03-15 12:06:25,server error aplikasi lot
Booking mudah dan cepat,5,0,2.7.7,2.7.7,2024-03-15 10:28:17,booking mudah cepat
Susah login,1,0,2.7.9,2.7.9,2024-03-15 00:14:36,susah login
"Tolong diperbaiki, tidak bisa login masuk aplikasi ini, padahal sudah beli tiket banyak jadi bingung........",1,1,2.7.9,2.7.9,2024-03-14 21:40:03,tolong baik tidak login aplikasi beli tiket bingung
Setalah di update jadi engak bisa ngirim kode verifikasi di Gmail maupun sms,2,0,2.7.9,2.7.9,2024-03-14 20:44:05,seta update engak ngirim kode verifikasi gmail sms
Sekarang mau masuk apknya gk bisa....setiap hbis update pasti gk bisa masuk akunnya,2,0,2.7.9,2.7.9,2024-03-14 20:22:37,apknya tidak bisasetiap hbis update tidak akun
Baguslah,4,0,2.7.7,2.7.7,2024-03-14 18:59:29,bagus
"di apdute. tpi akun lama hilang, harus daftar lagi",1,0,2.7.9,2.7.9,2024-03-14 17:00:27,apdute tpi akun hilang daftar
Transportasi PP nyaman aman solo-jkt pp,5,0,2.7.7,2.7.7,2024-03-14 15:05:54,transportasi pp nyaman aman solojkt pp
"Secara transportasi bagus, reast area bagus.. Tp yang gk bagus adalah jam molor lebih dari setengah jam, dan pelayanan di terminal grogol kurang baik.",1,2,2.7.7,2.7.7,2024-03-14 14:22:24,transportasi bagus reast area bagus tidak bagus jam molor jam layan terminal grogol
"Kode OTP gak terkirim kirim, padahal no HP dan Email sudah bener",2,0,2.7.7,2.7.7,2024-03-14 03:57:45,kode otp tidak kirim kirim no hp email bener
Kenapa nggak bisa login,2,0,2.7.7,2.7.7,2024-03-13 21:24:13,nggak login
gak bisa digunakan,1,0,2.7.7,2.7.7,2024-03-13 20:46:11,tidak
"Ga jelas, daftar baru aj kode verifnya lama munculnyaaa",2,0,2.7.7,2.7.7,2024-03-13 18:59:42,tidak daftar aj kode verifnya munculnyaaa
Aplikasi ngebug dibuka gak bisa disentuh apapun aneh,1,0,,Unknown,2024-03-13 08:59:49,aplikasi ngebug buka tidak sentuh apa aneh
Kok udah download dua kali tpi masih tetep loading trus gak buka² menunya,2,0,2.7.7,2.7.7,2024-03-12 17:35:17,udah download tpi tetep loading trus tidak buka menu
Beberapa kali masuk akun g bs bs Beberapa kali mau pesan selalu tidak tersedia... Bagaimana aplikasinya ini9????,1,0,2.7.7,2.7.7,2024-03-11 21:43:12,akun pesan tidak sedia aplikasi
Kurang lengkap fiturnya.... ngisi email dan no hp tapi tidak ada pemberitahuan pemesanan ke email atau no hp... pilihan pembayaran jg dikit beud. Mo ganti metode pembayaran gak bs... mau ngecek bookingannya gimana kl lupa kode bookingnya? 😑😑😑 Kurangi lagi ah bintangnya... tampilan web baru tapi jadi super lemot 😩😩,2,3,2.5.8,2.5.8,2024-03-11 16:32:52,lengkap fiturnya ngisi email no hp tidak pemberitahuan mesan email no hp pilih bayar dikit beud mo ganti metode bayar tidak bs ngecek bookingannya gimana kl lupa kode bookingnya kurang ah bintang tampil web super lot
"pelayanan kurang ramah, datang tidak sesuai jam, seharusnya jam 10:30 malah lambat datang jam 13:00, fasilitas tidak sesuai yg di deskripsi apk",2,0,,Unknown,2024-03-10 21:17:44,layan ramah tidak sesuai jam jam lambat jam fasilitas tidak sesuai deskripsi aplikasi
Apk nya error gk bisa d buka .,1,0,2.7.7,2.7.7,2024-03-09 13:57:54,aplikasi error tidak buka
Mantaf...jadi lebih mudah & simple,5,0,2.7.7,2.7.7,2024-03-08 07:22:37,mantafjadi mudah simple
Udh di download tapi gak bisa di gunakan,1,1,,Unknown,2024-03-07 15:26:26,download tidak
"Mau login ke akun kok sekarang sudah banget sih gak kaya dulu, aplikasinya juga sering bug eror. Mungkin bisa diperbaiki lagi untuk aplikasinya",2,3,2.7.7,2.7.7,2024-03-07 08:30:21,login akun banget sih tidak kaya aplikasi bug eror baik aplikasi
"Bintang 3 dulu deh,saya daftar berulang"" kode vertifikasinya ga bisa"" trus",3,0,2.7.7,2.7.7,2024-03-07 07:02:35,bintang dehsaya daftar ulang kode vertifikasinya tidak trus
"Aplikasinya aneh, nanya hari ini gak bisa. Tgl diblok. Bsok dst bisa tp tiket belm ada. Trus buat apa ini aplikasi",1,0,,Unknown,2024-03-06 18:08:19,aplikasi aneh nanya tidak tgl blok bsok dst tiket belm trus aplikasi
Saat saya ingin memesan dan sudah memilih kursi yang saya minta lalu saya klik pesan Namun setelah itu saya kembali lagi untuk mengecek pesanan saya lagi Masalahnya kursi yang saya pesan sebelumnyq tiba2 sudah tidak bisa dipilih kembali Lalu bagaimana saya ingin memesan jika kursinya sudah terlanjur penuh semua😭😭😭😭😭😭 Sayang padahal bisnya bagus aplikasinya masih ada bug😭😭 mana kode verifikasi juga tidak terkirim ke nomor dan gmail saya....,3,4,2.7.7,2.7.7,2024-03-06 10:58:36,mes pilih kursi klik pesan ecek pesan kursi pesan sebelumnyq tidak pilih mes kursi lanjur penuh sayang bis bagus aplikasi bug kode verifikasi tidak kirim nomor gmail
"Call centernya slow respon, ga ramah, websitenya maintenece mulu gabisa check tiket sama login akun",1,0,,Unknown,2024-03-06 10:55:36,call centernya slow respon tidak ramah websitenya maintenece mulu gabisa check tiket login akun
login nya susah banget ampun dehhhhh,1,0,2.4.9,2.4.9,2024-03-06 09:07:39,login susah banget ampun dehhhhh
Maaf banget tapi aplikasi ini kenapa susah banget dipake yaa? Saat saya mau login malah kode otpnya atau dr emailnya gak muncul2.. jujurl emosi banget,1,0,,Unknown,2024-03-06 08:47:01,maaf banget aplikasi susah banget dipake yaa login kode otpnya dr email tidak muncul jujurl emosi banget
"Mau daftar tapi gk dapet kode verifikasi by email ataupun sms, live chat sama email gk ada balasan pelayanan online yang buruk",1,0,2.7.7,2.7.7,2024-03-05 22:59:38,daftar tidak dapet kode verifikasi by email sms live chat email tidak balas layan online buruk
Mau daftar akun saja sudah ribet banget apalagi sampai pesen tiket.,1,0,2.7.7,2.7.7,2024-03-05 18:54:26,daftar akun ribet banget sen tiket
Aplikasinya lemot bgt. Beberapa kali pilih tujuan gak ada tiket. Menurut saya mungkin aplikasi ini tidak berguna.,1,0,2.7.7,2.7.7,2024-03-05 16:14:19,aplikasi lot bgt pilih tuju tidak tiket aplikasi tidak guna
Gak bisa daftar. Login,1,0,2.7.7,2.7.7,2024-03-05 12:40:18,tidak daftar login
Verifikasi nya lama bet woy,1,0,2.7.7,2.7.7,2024-03-05 11:57:46,verifikasi bet woy
Aplikasi sering log out sendiri .. sudah pesan tiket online tapi g bisa cek status di aplikasi .. ga ada riwayat pembelian .. kalo pas beli ga screenshot repot sendiri. Pdhal pas awal² taun kmren pake lancar jaya .. skrg susah banget dipakenya ..,4,0,,Unknown,2024-03-05 11:04:26,aplikasi log out pesan tiket online cek status aplikasi tidak riwayat beli beli tidak screenshot repot pdhal taun kmren pake lancar jaya skrg susah banget dipakenya
Entah kanapa akhir akhir ini gak bisa lojin di app. Pas mau verifikasi OTW tidwk mendqpat kode di sms maupun email,4,0,,Unknown,2024-03-05 10:46:40,kanapa tidak lojin app verifikasi otw tidwk mendqpat kode sms email
"Lola ,ga gercep, slow respon, belibet",1,0,2.7.7,2.7.7,2024-03-05 05:00:22,lola ga gercep slow respon belibet
Daftar akun di aplikasinya lama bgt kirim kode otp nya👎,1,0,2.7.7,2.7.7,2024-03-04 20:59:17,daftar akun aplikasi banget kirim kode otp
"Aplikasi lambat, setiap digunakan selalu minta update dan sering Error",3,0,2.7.7,2.7.7,2024-03-04 07:04:27,aplikasi lambat update error
"Kirain pake aplikasi jadi gampang, malah nggak keluar tiketnya kek mana? Katanya disuruh daftar pas daftar mentok di verif nomer tapi ga ada tuh terima kode verif. Terus tiketnya gimana? Tolong diperbaiki segera, tau gitu mending booking via web.",1,10,2.7.7,2.7.7,2024-03-04 06:45:13,kirain pake aplikasi gampang nggak tiket kek suruh daftar daftar mentok verif nomer tidak tuh terima kode verif tiket gimana tolong baik tau gitu mending booking via web
"Rosin perbaiki aplikasinya, susah login",3,0,2.7.7,2.7.7,2024-03-03 20:42:44,rosin baik aplikasi susah login
"Gak bisa login, berkali kali mintak kode verifikasi gak dikirim kirim. Udh pesen tiket tidak ada history atau cek pesanan. Mohon diperbaiki untuk melindungi hak konsumen",1,9,2.7.7,2.7.7,2024-03-03 19:30:35,tidak login kali mintak kode verifikasi tidak kirim kirim sen tiket tidak history cek pesan baik lindung hak konsumen
"Setelah di-update malah ga bisa masuk, ga dikirim2 kode verifikasinya",1,0,2.7.7,2.7.7,2024-03-03 18:11:41,diupdate tidak tidak kirim kode verifikasi
Semakin mantap.. pilihan model bayar online semakin komplit..,5,1,2.7.7,2.7.7,2024-03-03 09:37:14,mantap pilih model bayar online komplit
Susah sekali dapet kode verifikasi,3,0,2.7.7,2.7.7,2024-03-03 03:56:35,susah dapet kode verifikasi
"Pelayanan kurang , lagi tanya jawabanya kurang meneyenangkan",1,0,,Unknown,2024-03-02 22:33:18,layan jawabanya meneyenangkan
Daftar nunggu nomor verifikasi nya ga dapet2 padahal udah nyoba sampek 5x lebih,2,0,2.7.7,2.7.7,2024-03-02 19:52:04,daftar nunggu nomor verifikasi tidak dapet udah nyoba sampek
Mau daftar log in no hp dan email tp ga bisa bisa. Ga jelas bgt,1,0,2.7.7,2.7.7,2024-03-02 10:29:27,daftar log in no hp email tidak tidak banget
"Login tidak bisa, gak nerima kode verifikasi, aplikasi tolok",1,0,,Unknown,2024-03-02 06:03:51,login tidak tidak nerima kode verifikasi aplikasi tolok
Best,5,0,2.7.7,2.7.7,2024-03-01 20:37:40,best
Lebih enak aplikasi yg lama,1,0,2.7.7,2.7.7,2024-03-01 20:32:21,aplikasi
Gajelas. Respon aplikasi lama. Sudah direstart tetap saja tidak ada perubahan. Mesan tiket bus nyari tujuan ga muncul,1,0,2.7.7,2.7.7,2024-03-01 20:02:15,gajelas respon aplikasi direstart tidak ubah mesan tiket bus nyari tuju tidak muncul
Pencarian titik keberangkatan dan tujuan selalu ga terdaftar. GA JELAS!,1,0,2.7.7,2.7.7,2024-03-01 19:22:59,cari titik berangkat tuju tidak daftar tidak
Ak update 1 maret 2024 malah gx bisa d'gunain bilang ny maintenace. Hadeh..,1,0,2.7.7,2.7.7,2024-03-01 19:16:19,ak update maret gx dgunain bilang ny maintenace hadeh
"LEBIH BANYAK ERRORNYA,MAU LOG IN MALAH MENTAL TERUS HADEEEHH",2,0,2.7.7,2.7.7,2024-03-01 19:15:14,errornyamau log in mental hadeeehh
aplikasi kok error error terus bosok,1,0,2.7.7,2.7.7,2024-03-01 19:07:21,aplikasi error error bosok
"Mau pesen , kotanya aja gak muncul . Anehhh",1,0,2.7.7,2.7.7,2024-03-01 18:54:53,sen kota tidak muncul anehhh
tidak bisa di akses,1,0,2.7.7,2.7.7,2024-03-01 17:25:41,tidak akses
Update aplikasi malah ga bisa login,1,0,2.7.7,2.7.7,2024-03-01 17:18:19,update aplikasi tidak login
"Aplikasi susah digunakan, mau cari keberangkatan sama tujuan aja susah banget, padahal sinyalnya full bagus, tapi gagal terus",1,0,2.7.7,2.7.7,2024-03-01 17:01:49,aplikasi susah cari berangkat tuju susah banget sinyal full bagus gagal
"Aplikasi kayak ngg niat njirrr, daftar gagal mulu Sekelas bus rosalia indah bikin aplikasi ngga niat, sayang bangett",1,0,2.7.7,2.7.7,2024-03-01 16:01:14,aplikasi kayak ngg niat njirrr daftar gagal mulu kelas bus rosalia indah bikin aplikasi ngga niat sayang bangett
HADEHHH SUSAH BANGET MAU PESEN TIKET. TOLONG DONG APLIKASINYA DIPERBAIKI,1,0,2.7.7,2.7.7,2024-03-01 16:00:43,hadehhh susah banget sen tiket tolong aplikasi baik
"Tolong aplikasi nya lebih di stabilin, mau buka pilihan keberangkatan sama tujuan gak ada pilihannya walaupun udah ngetik nama kotanya, terus LEMOT BANGET SUMPAH!!!",3,2,2.7.7,2.7.7,2024-03-01 14:42:54,tolong aplikasi stabilin buka pilih berangkat tuju tidak pilih udah ngetik nama kota lot banget sumpah
Mimin... ini aplikasi jadi eror gini ya... mentok di halaman depan... Mau booking tiket gak bisa... Daftar akun baru gak bisa... Log in akun juga gak bisa... Hadeeehhj....,3,1,,Unknown,2024-03-01 14:06:21,mimin aplikasi eror gin mentok halaman booking tiket tidak daftar akun tidak log in akun tidak hadeeehhj
Aplikasi tidak bisa digunakan,1,0,2.7.7,2.7.7,2024-03-01 13:44:34,aplikasi tidak
Aplikasi lambat dan sering error,1,0,2.7.7,2.7.7,2024-03-01 13:36:10,aplikasi lambat error
Baru di buka udah error,1,0,,Unknown,2024-03-01 13:11:19,buka udah error
Aplikasi eror yah,4,0,2.7.7,2.7.7,2024-03-01 11:55:07,aplikasi eror yah
"Mohon maaf, untuk hari ini aplikasi eror kenapa ya?",4,0,2.7.7,2.7.7,2024-03-01 11:34:30,maaf aplikasi eror
aplikasi tolol jangan diinstal,1,0,,Unknown,2024-03-01 11:19:36,aplikasi tolol jangan diinstal
Sekelas rosin masa app ticketingnya masih tolol wkwkwkwkwk,1,0,2.7.2,2.7.2,2024-03-01 10:21:05,kelas rosin aplikasi ticketingnya tolol wkwkwkwkwk
Lolaaaa,3,0,2.7.7,2.7.7,2024-03-01 10:01:19,lolaaaa
"Hari hari biasa bukanya lancar, giliran masuk musim sibuk kayak mau lebaran gini aplikasinya luemot banget sampe bikin emosi udah gitu suka balik balik sendiri ga jelas. Trus masa ada biaya adminnya? Beli di agen aja ga pernah ada biaya admin kok lewat aplikasi yg notabene harusnya lebih gampang malah pake admin segala. Apl transportasi sebelah aja ga pake",2,2,2.7.7,2.7.7,2024-03-01 07:59:24,buka lancar gilir musim sibuk kayak lebaran gin aplikasi luemot banget sampe bikin emosi udah gitu suka tidak trus biaya adminnya beli agen tidak biaya admin aplikasi notabene gampang pake admin apl transportasi belah tidak pake
Abis update malah banyak bug. PT besar tapi IT nya buruk bgt,1,0,,Unknown,2024-02-29 15:14:47,abis update bug pt it buruk banget
Aplikasi error harusnya dihapus sehingga tidak memberikan menipu orang untuk download. Lambat/lelet dan no respon. Bagi pecinta bus lebih baik pakai aplikasi lain yang mudah dan responsif. Maaf saya kasih 1 bintang.,1,3,2.7.7,2.7.7,2024-02-29 07:38:36,aplikasi error hapus tidak tipu download lambatlelet no respon cinta bus pakai aplikasi mudah responsif maaf kasih bintang
sangat buruk untuk daftar tidak bisa masuk,1,0,,Unknown,2024-02-26 21:12:51,buruk daftar tidak
apk gak guna nggak bisa pesen pelayanan lemott polll,1,0,,Unknown,2024-02-25 12:21:24,aplikasi tidak nggak sen layan lemott polll
"Di-update mau masuk malah kode verifikasi nya nggak masuk, gimana itu",1,1,2.7.7,2.7.7,2024-02-25 08:13:19,diupdate kode verifikasi nggak gimana
Sangat nyaman sekali,5,0,2.7.6,2.7.6,2024-02-25 07:56:15,nyaman
"Saya terpaksa aja ini download untuk komentar. Untuk agen pulogebang kenapa tidak sopan yaa, saya sedang bicara cuma mau minta nomor kondektur bis kenapa malah ditinggal saya lagi bicara padahal cuman berdua tidak ada orang lagi, tolong pelayanan nya bagaimana yaa seharusnya lebih baik kepada konsumen karna menjual etika atas nama rosalia. Semoga rosalia lebih baik lagi yaa kedepan nyaa aamiin",1,0,2.7.7,2.7.7,2024-02-25 06:33:38,paksa download komentar agen pulogebang tidak sopan yaa bicara nomor kondektur bis tinggal bicara cuman dua tidak tolong layan yaa konsumen karna jual etika nama rosalia moga rosalia yaa depan nyaa aamiin
"Ayolah masa otp ga masuk"" baru juga mau daftar.. ayoo Rosaliaaa",3,0,2.7.7,2.7.7,2024-02-22 01:31:00,ayo otp tidak daftar ayoo rosaliaaa
Kode verifikasi sulit sekali didapatkan,2,0,2.7.7,2.7.7,2024-02-21 21:42:34,kode verifikasi sulit dapat
Maunya serba online tapi sistemnya yg ndak support ..web jg gak bisa dibuka di hp.....hambok mending manual via whasapp saja...malah jadi merepotkan pelanggan,1,0,,Unknown,2024-02-21 13:04:13,mau serba online sistem ndak support web tidak buka hphambok mending manual via whasapp sajamalah repot langgan
Minta kompensasi !,1,0,2.7.7,2.7.7,2024-02-18 20:36:22,kompensasi
Saya puas perjalanan bersama Rosalia indah.,4,0,2.7.2,2.7.2,2024-02-17 12:33:16,puas jalan rosalia indah
"Tolong untuk barang seperti koper usahakan di taruh posisi yang aman , koper saya pecah kan mengecewakan pelanggan tetap, saya udah pakai 6 kali PP Jawa -sumatera, kecewa rugi dong koper pecah",1,0,2.7.7,2.7.7,2024-02-16 12:18:33,tolong barang koper usaha taruh posisi aman koper pecah kecewa langgan udah pakai pp jawa sumatera kecewa rugi koper pecah
"Untuk aplikasinya sudah bagus, tetapi pelayanan di agen wayhalim lampung yang tidak bagus, mobil pribadi tidak bisa parkir bawa barang masuk ke dalam padahal banyak bawaan, kemudian restonya jika mau bungkus makan atau tuker snack tidak bisa, dan mereka minta tambah perkotak 10rb, jika dari awal di hitung lebih baik masukkan saja dari harga penjualan tiket biar penumpang tidak ribet jika mau bungkus.",3,65,2.7.7,2.7.7,2024-02-15 14:56:27,aplikasi bagus layan agen wayhalim lampung tidak bagus mobil pribadi tidak parkir bawa barang bawa restonya bungkus makan tuker snack tidak kotak rb hitung masuk harga jual tiket biar tumpang tidak ribet bungkus
"Aplikasi sulit dibuka, loadingnya jg terlalu lama sampai gk bsa ke buka",1,6,2.7.7,2.7.7,2024-02-15 12:44:04,aplikasi sulit buka loadingnya tidak bsa buka
👍👍👍,5,0,2.7.7,2.7.7,2024-02-11 21:52:51,
"Gokil si menurut gua rosalia indah ni dari segi pelayanan, unit bus sampe hal² kecil pun diperhatikan very very good mamamia lezatos👌",5,0,2.7.7,2.7.7,2024-02-10 14:23:42,gokil si gua rosalia indah ni segi layan unit bus sampe perhati very very good mamamia lezatos
aplikasi ampas kek ginii,1,0,2.7.7,2.7.7,2024-02-09 10:57:08,aplikasi ampas kek ginii
Recomended,5,0,2.7.7,2.7.7,2024-02-09 10:39:51,recomended
Susah dapat kode verifikasi,1,0,2.7.7,2.7.7,2024-02-09 05:29:05,susah kode verifikasi
BUKA APLIKASI BUAT BOOKING AJA NGELAG MULU. PARAAHHH.,1,0,2.7.7,2.7.7,2024-02-08 20:35:14,buka aplikasi booking ngelag mulu paraahhh
Aplikasi gak guna,1,0,,Unknown,2024-02-07 22:32:52,aplikasi tidak
Setelah di update kok malah susah di gunakan terutama pada pemilihan tanggal,4,0,2.7.6,2.7.6,2024-02-07 18:52:51,update susah pilih tanggal
enak nyaman dan relatif terjangkau,5,0,2.7.7,2.7.7,2024-02-07 12:40:35,nyaman relatif jangkau
Bus nya mantap,5,0,2.7.6,2.7.6,2024-02-06 17:41:29,bus mantap
pesen tiket makin mudah,5,0,2.7.6,2.7.6,2024-02-06 15:47:17,sen tiket mudah
Bad Service. Saling melempar tanggung jawab dan jawaban,1,0,2.7.7,2.7.7,2024-02-06 14:27:36,bad service lempar tanggung
Memuaskan,5,0,2.7.6,2.7.6,2024-02-06 11:18:16,muas
Saya tidak masalah dengan apikasi yg saya masalahkan yaitu fitur layanan pada aplikasi seperti call center tidak merepon dengan cepat dan ramah serta bus lama masih di operasikan dengan beberapa minus sehingga mengganggu kenyamanan penumpang,1,36,2.7.7,2.7.7,2024-02-06 11:10:57,tidak apikasi masalah fitur layan aplikasi call center tidak merepon cepat ramah bus operasi minus ganggu nyaman tumpang
MANTAP,5,0,,Unknown,2024-02-06 05:55:51,mantap
Tolong dong update nya di perbaiki.. jadi ngga bisa psen . Mau pulkam jd gagal,1,0,,Unknown,2024-02-05 14:31:54,tolong update baik ngga psen pulkam gagal
Pengalaman yg luar biasa naik rosin,5,0,2.7.6,2.7.6,2024-02-05 13:34:48,alam rosin
Angkatan pagi 3015 bawen bitung mantap sesuai waktu,3,0,2.7.6,2.7.6,2024-02-05 12:06:39,angkat pagi bawen bitung mantap sesuai waktu
Mantap,5,0,2.7.6,2.7.6,2024-02-05 11:28:11,mantap
Poto profil belum bisa di edit,5,0,2.7.6,2.7.6,2024-02-03 20:46:39,poto profil edit
Payah. Loading aplikasi lama banget.,2,0,2.7.6,2.7.6,2024-02-03 20:17:30,payah loading aplikasi banget
Makin canggih yaaa,5,0,2.7.6,2.7.6,2024-02-01 10:18:50,canggih yaaa
"App nya lemot srkrg susah respon,tolong di perbaiki",5,0,2.7.6,2.7.6,2024-01-31 22:17:56,aplikasi lot srkrg susah respontolong baik
Apk yg sangat menyulitkan pengguna,1,0,2.7.6,2.7.6,2024-01-31 01:40:16,aplikasi sulit guna
Stuck di home,1,0,,Unknown,2024-01-29 14:23:33,stuck home
jelek,1,0,2.7.6,2.7.6,2024-01-29 12:41:06,jelek
apasih ini kok gk bisa dipakai aplk nya,1,0,2.7.6,2.7.6,2024-01-29 12:03:22,apasih tidak pakai aplk
"tidak perlu ke PO untuk memesan tiket, bus ada slonjoran kaki",5,0,2.7.6,2.7.6,2024-01-29 01:22:24,tidak po mes tiket bus slonjoran kaki
"Awal menggunakan aplikasi ni lumayan bagus memesan tiket. Tapi pas bayarnya ribet. Dan diakhir"" ni malah susah digunakan. Tiket selalu tidak muncul. Kontak CS rosin malah chatbot yang jawab, dan gak menyelesaikan masalah. Perjalanannya sering terlambat sekarang.",1,51,2.7.6,2.7.6,2024-01-28 05:47:40,aplikasi ni lumayan bagus mes tiket bayar ribet akhir ni susah tiket tidak muncul kontak cs rosin chatbot tidak selesai jalan lambat
Lemot dan stuck,1,0,2.7.6,2.7.6,2024-01-27 21:45:32,lot stuck
"bukannya di permudah, malah dipersulit masuk nya...",1,0,,Unknown,2024-01-27 19:39:13,mudah sulit
APLIKASI TIDAK BISA PESAN TIKET.. ABAIKAN SAJA..,1,0,2.7.6,2.7.6,2024-01-27 13:54:47,aplikasi tidak pesan tiket abai
aplikasinya lemot .bingung buka web rosalia gak bisa di alihkan ke aplikasi ..aplikasi nya bug mulu lemot susah di gunakan,1,7,2.7.6,2.7.6,2024-01-26 17:08:16,aplikasi lot bingung buka web rosalia tidak alih aplikasi aplikasi bug mulu lot susah
"Pemesanan tiket dr Sumatra ke Jawa terutama LAMPUNG masih blm bisa reservasi online,meskipun sdh rubah tanggal dan agen beda dgn yg dr jawa ke sumatra,senoga segera bisa online semuanya",4,4,2.7.6,2.7.6,2024-01-26 04:14:26,mesan tiket dr sumatra jawa lampung blm reservasi onlinemeskipun sdh rubah tanggal agen beda dr jawa sumatrasenoga online
Memuaskan,5,0,2.7.6,2.7.6,2024-01-25 21:33:28,muas
lemot,1,0,2.7.6,2.7.6,2024-01-24 22:28:59,lot
Gak bisa pesan tiketm.un install aja,1,0,2.7.6,2.7.6,2024-01-24 20:01:49,tidak pesan tiketmun install
Jadwal masak bisa mundur sampai 3 jam.,1,0,2.7.6,2.7.6,2024-01-24 17:35:44,jadwal masak mundur jam
Gak bs dipake,1,0,2.7.6,2.7.6,2024-01-24 15:49:49,tidak dipake
"Bus gak jelas, dimana2 stop mulu... Executive plus blok",1,0,2.7.6,2.7.6,2024-01-24 14:53:00,bus tidak mana stop mulu executive plus blok
Jadi ngga bisa dibuka.,2,0,2.7.6,2.7.6,2024-01-24 14:32:37,ngga buka
kemarin sebelum di update berjalan normal dan baik.. setelah di update menjadi lag dan tidak dapat melakukan pemesanan tiket,1,3,2.7.6,2.7.6,2024-01-24 11:50:27,kemarin update jalan normal update lag tidak mesan tiket
Udah update versi terbaru.aplikasi gak bisa jalan.mlipir ke PO sebelah dah,1,1,2.7.6,2.7.6,2024-01-24 08:48:14,udah update versi terbaruaplikasi tidak jalanmlipir po belah dah
"Mudah, simple, membantu",5,0,2.7.6,2.7.6,2024-01-24 08:10:00,mudah simple bantu
"Baik untuk PT, kurang baik untuk kru/awak bus. Tidak mengada² adanya begitu. Kru bus makan dengan gereh layur goreng dan tempe goreng entah kapan gorengnya. Juga telur campur terigu 30% telur 70% terigu. Klemnya tidak main². Spnya tidak main². Peraturan ketat untuk kru lemah untuk staf ruangan.",1,0,,Unknown,2024-01-23 21:52:10,pt kruawak bus tidak ada kru bus makan gereh layur goreng tempe goreng goreng telur campur terigu telur terigu klem tidak main spnya tidak main atur ketat kru lemah staf ruang
"Buat ngecek aja, selanjutnya transaksi lebih senang ke agen",5,0,2.7.6,2.7.6,2024-01-23 11:31:33,ngecek aja transaksi senang agen
"Rosin pilihan dihati,armada dan crew yg ramah semua",5,0,,Unknown,2024-01-22 21:33:14,rosin pilih dihatiarmada crew ramah
"Saya dr dlu sering pake bus ini...semakin kesini kok g nyaman,hari ini saya plng dr pulogebang menuju ke solo, saya kehilangan barang walaupun cuma flashdisc sama otg,kejadian di resto rosin subang,sblm trun saya cek semua barang saya ditas.. dan saya pastikan tas tertutup,saya keluar paling akhir,ketika saya balik naik ke bus...tas udah kebuka,..meresahkan...mohon tingkatkan keamanannya",1,5,2.7.6,2.7.6,2024-01-22 18:11:55,dr dlu pake bus inisemakin kesini nyamanhari plng dr pulogebang solo hilang barang flashdisc otgkejadian resto rosin subangsblm trun cek barang tas pasti tas tertutupsaya akhirketika bustas udah kebukameresahkanmohon tingkat aman
Ok,5,0,2.7.4,2.7.4,2024-01-22 09:25:44,ok
terlalu sering update aplikasi,3,0,2.7.6,2.7.6,2024-01-21 19:58:19,update aplikasi
aplikasi pemesanan tiket bus paling baik karena ini resmi dari Rosalia langsung. tampilan nya menarik dan mudah digunakan,5,1,2.7.6,2.7.6,2024-01-20 11:59:16,aplikasi mesan tiket bus resmi rosalia tampil tarik mudah
layanan tololll,1,0,,Unknown,2024-01-20 11:24:52,layan tololll
Gk bisa dipesen,1,0,,Unknown,2024-01-19 02:31:52,tidak sen
"Update terakhir aplikasi gak bisa dibuka.udah DEL app download lagi tetap gak bisa.udah dicoba di android versi 8 & 10 gak bisa ngebuka app nya.baru di android versi 11 app bisa berjalan normal,padahal app nya minta minimal ver.7...IT nya bocil masih belajaran",1,30,2.7.6,2.7.6,2024-01-18 14:14:43,update aplikasi tidak dibukaudah del aplikasi download tidak bisaudah coba android versi tidak ngebuka aplikasi nyabaru android versi aplikasi jalan normalpadahal aplikasi minimal verit bocil bajar
Sangat membantu untuk mencari tiket murah dan cepat,5,0,2.7.6,2.7.6,2024-01-17 12:40:25,bantu cari tiket murah cepat
cacat,1,0,2.7.6,2.7.6,2024-01-17 11:51:08,cacat
"Membantu dalam kita pesan tranportasi Rosalia indah,,, the best",5,0,2.7.4,2.7.4,2024-01-16 19:13:34,bantu pesan tranportasi rosalia indah the best
"Ini gimana yaa saya mau login tp gabisa"" udh masukin kode otp malah tulisan nya kode otp salah pdhal udh sesuai sm yg di kirim hadehh tolonglahh di perbaiki",1,4,2.7.5,2.7.5,2024-01-16 12:14:22,gimana yaa login gabisa masukin kode otp tulis kode otp salah pdhal sesuai sm kirim hadehh tolonglahh baik
"Sering naik bus ini, nyaman dan cepet sampe tujuan ..hanya makan hanya satu nemu dan tdk berubah2 , plus rasa pecinnya banget..",3,0,2.7.5,2.7.5,2024-01-15 13:37:51,bus nyaman cepet sampe tuju makan nemu tidak ubah plus pecinnya banget
Belum pernah beli online,5,0,2.7.4,2.7.4,2024-01-15 13:23:20,beli online
Update mulu dah,3,0,2.7.4,2.7.4,2024-01-15 11:31:15,update mulu dah
"Tiket sdh mahal tapi kenapa toilet di rest area palur dan subang masih berbayar, kalo mmg kurang naikan sj harga tiket, ditambah lagi g bisa turun di pull diturunkan di pintu toll",1,0,2.7.4,2.7.4,2024-01-13 14:57:49,tiket sdh mahal toilet rest area palur subang bayar mmg naik sj harga tiket tambah turun pull turun pintu toll
Music nya tdk pernahdi nyalain.sehingga terasa sepi disaat dlm perjalanannya.trima kasih,5,0,,Unknown,2024-01-12 06:41:40,music tidak pernahdi nyalainsehingga sepi saat perjalanannyatrima kasih
Salah satu bus ternyaman untuk rute purwokerto wonosobo....cuma sayang kalo mau beli tiket lewat app ga tau kenapa susah bgt,4,1,2.7.4,2.7.4,2024-01-11 16:44:08,salah bus nyaman rute purwokerto wonosobocuma sayang beli tiket aplikasi tidak tau susah banget
"selalu ops tiket belum tersedia, suda ku pilih dengan keberangkatan dan tujuan daerah lain pun sama, apa apk ini",1,0,,Unknown,2024-01-11 12:47:48,ops tiket sedia suda ku pilih berangkat tuju daerah aplikasi
"terlalu sering update, tp gaada yg berubah dr yg sebelumnya",1,0,2.7.3,2.7.3,2024-01-11 02:21:43,update gaada ubah dr
Tidak bisa pesan ticket selalu tidak tersedia,1,0,2.7.4,2.7.4,2024-01-11 00:13:08,tidak pesan ticket tidak sedia
"gabisa buat akun, padahal nomor blm pernah buat daftar",2,0,2.7.4,2.7.4,2024-01-10 16:06:28,gabisa akun nomor blm daftar
"Makin kesini makin buruk aplikasinya, makin lemot",1,0,2.7.4,2.7.4,2024-01-10 11:18:32,kesini buruk aplikasi lot
Saya sering menggunakan armada rosalia .tapi akhir 2 ini sering di kecewakan dengan. Pelayanan dan keterlambatan waktu yg tiba 2 sering mundur dari jadwal Tolong di tingkatkan lagi pelayanan nya .,3,24,2.7.4,2.7.4,2024-01-10 10:11:50,armada rosalia kecewa layan lambat waktu mundur jadwal tolong tingkat layan
"Pas udah di update jadi susah untuk Booking tiket, bnyak bug nya setalh update seharus di chek lgsung App nya apakah berjalan dengan normal apa tidak",1,6,2.7.4,2.7.4,2024-01-09 22:43:14,udah update susah booking tiket bnyak bug setalh update harus chek lgsung aplikasi jalan normal tidak
"setelah diperbarui susah pesan tiket, diperbarui bukanya tambah mudah ini mala tambah susah ,nyesel diperbarui,pihak RI masa bodoh keluhan"" konsumen tak ditanggapi",1,0,2.7.4,2.7.4,2024-01-09 20:11:38,baru susah pesan tiket baru buka mudah mala susah nyesel diperbaruipihak ri bodoh keluh konsumen tanggap
ini aplikasi diupdate tapi malah tambah lemot. jatingan padahal udah kenceng tapi milih kota keberangkatan sama tujuan gabisa terus. aneh,1,2,2.7.4,2.7.4,2024-01-09 19:54:33,aplikasi diupdate lot jatingan udah kenceng milih kota berangkat tuju gabisa aneh
Setelah update malah tidak bisa pesan tiket,1,0,,Unknown,2024-01-09 19:44:41,update tidak pesan tiket
Aplikasi pemesanan online ter ga niat,1,0,2.7.4,2.7.4,2024-01-09 19:18:47,aplikasi mesan online ter tidak niat
gajelas makin diupdate makin sering error aja ni aplikasi,2,1,2.7.4,2.7.4,2024-01-09 19:13:56,gajelas diupdate error ni aplikasi
Lelet pesen tiket dr jam 5 sore sampai isya gangguan terus,1,0,2.7.4,2.7.4,2024-01-09 19:00:21,lelet sen tiket dr jam sore isya ganggu
Lemot banget ini aplikasi. Sebenarnya niat ga sih bikin aplikasinya!,1,0,2.7.4,2.7.4,2024-01-09 17:10:38,lot banget aplikasi niat tidak sih bikin aplikasi
"sering update,tapi ngg tau apa yg di update 😬",4,0,2.7.2,2.7.2,2024-01-09 16:25:12,updatetapi ngg tau update
Aplikasinya kurang responsif.,3,0,2.7.4,2.7.4,2024-01-09 13:50:42,aplikasi responsif
Mempermudah pembelian tiket,5,0,2.7.3,2.7.3,2024-01-08 15:55:28,mudah beli tiket
Pelayanan nya bagus cuma makanan nya kurang bagus,5,0,2.7.3,2.7.3,2024-01-08 13:03:39,layan bagus makan bagus
Update terus tapi sama saja.Tidak bisa di buka,1,0,2.7.3,2.7.3,2024-01-07 16:37:35,update sajatidak buka
Alhamdulillah sdh nyoba naik dari Palembang ke Surabaya. Excellent pelayanannya dan ontime tibanya di Surabaya.,5,0,2.7.2,2.7.2,2024-01-07 10:24:56,alhamdulillah sdh nyoba palembang surabaya excellent layan ontime tiba surabaya
"Sangat membantu sekali, Thanks Rosalia",4,0,2.7.2,2.7.2,2024-01-07 07:08:49,bantu thanks rosalia
mantap aplikasinya sangat membantu bangettt rekomended pokoknya,5,0,2.7.2,2.7.2,2024-01-06 20:13:04,mantap aplikasi bantu bangettt rekomended pokok
Ok,5,0,2.7.3,2.7.3,2024-01-06 19:08:32,ok
aplikasinya tolong di permudah seperti yang kemaren2. suwun,1,0,,Unknown,2024-01-06 15:46:01,aplikasi tolong mudah kemaren suwun
Komitmen dan service good,5,0,2.7.2,2.7.2,2024-01-06 15:27:15,komitmen service good
Percuma aplikasi gak membantu sama sekali,1,0,2.7.3,2.7.3,2024-01-06 10:43:55,aplikasi tidak bantu
"Nyaman, ramah, service Ok Tapi sayang check in keberangkatan telat 5 menit ditinggal, tiket hangus.. Harusnya bisa ditambah jadi 15 menit",4,0,2.7.3,2.7.3,2024-01-05 21:21:15,nyaman ramah service ok sayang check in berangkat telat menit tinggal tiket hangus tambah menit
"Bis kelas elit rasa ekonomi. Semenjak kasus kehilangan yg viral, merasa agak was2 atau tidak tenang naik rosalia indah.",1,1,2.7.3,2.7.3,2024-01-05 20:47:26,bis kelas elit ekonomi semenjak hilang viral was tidak tenang rosalia indah
Mantap makin kesini makin gokil pelayanannya★★★★,5,0,2.7.3,2.7.3,2024-01-05 20:12:56,mantap kesini gokil layan
Bagus dan tepat,5,0,,Unknown,2024-01-05 17:11:00,bagus
Kenapa aplikasi nya gabisa di install woi,1,0,,Unknown,2024-01-04 17:26:09,aplikasi gabisa install woi
Gak Guna Banget Cacat Aplikasi. Rute Takserdia.,1,0,2.7.2,2.7.2,2024-01-03 21:13:29,tidak banget cacat aplikasi rute takserdia
Apk gk guna.,1,0,,Unknown,2024-01-03 09:52:44,aplikasi tidak
Erorrr kode verifikasi ga masuk di email / Nomer HP,1,0,2.7.2,2.7.2,2024-01-02 13:46:53,erorrr kode verifikasi tidak email nomer hp
Gajelas,1,0,2.7.2,2.7.2,2024-01-02 01:12:29,gajelas
Wkwkwk udh jelek ratingnya jadi mending tutup aja,1,0,,Unknown,2024-01-01 15:34:19,wkwkwk jelek ratingnya mending tutup
"Gak bisa masuk , permintaan verifikasi akun stack sama sekali gak dapat kiriman no verifikasi baik via email ataupun via sms",1,1,2.7.2,2.7.2,2024-01-01 12:26:18,tidak minta verifikasi akun stack tidak kirim no verifikasi via email via sms
Aplikasi jadi jelek Pemesanan jadi susah gak kaya dulu,1,0,2.7.2,2.7.2,2023-12-31 22:23:14,aplikasi jelek mesan susah tidak kaya
"Lemot bgt, padahal jaringan saya bagus. 👎",1,0,2.7.2,2.7.2,2023-12-31 16:21:04,lot bgt jaring bagus
Loadiiiiiiiiiiiiiiing terusss,1,0,2.7.2,2.7.2,2023-12-31 15:39:11,loadiiiiiiiiiiiiiiing terusss
"terima kasih sangat memuaskan, barang saya kelupaan setelah beberapa saat koordinasi langsung ketemu, setia pokokny sama rosalia indah🙏🙏🙏🙏",5,0,2.7.2,2.7.2,2023-12-31 11:53:30,terima kasih muas barang lupa koordinasi ketemu setia pokokny rosalia indah
"Tiket udah pesen , udh berhasil melakukan pembayaran , giliran di cek status gaada riwayat pesanan. Hadehh",1,0,2.7.2,2.7.2,2023-12-30 09:57:52,tiket udah sen hasil bayar gilir cek status gaada riwayat pesan hadehh
"Jangan kan mau pesan, Mau daftar aja susahnya minta ampun",1,0,2.7.2,2.7.2,2023-12-28 10:34:27,jangan pesan daftar susah ampun
"barang hilang sekali itu apes, barang hilang berkali kali tanpa perbaikan, itu rampok",1,0,2.7.2,2.7.2,2023-12-28 07:17:39,barang hilang apes barang hilang kali baik rampok
Barang bila hilang ditanggung Ama Pemerintah,2,0,2.7.2,2.7.2,2023-12-27 06:28:39,barang hilang tanggung ama perintah
"Setelah Banyak Kasus Kehilangan Yang Viral, Jadi Gak Rekomen Naik Rosalia Indah ❌",1,0,,Unknown,2023-12-24 04:56:55,hilang viral tidak rekomen rosalia indah
"bus maling,hati-hati terhadap barang kalian karena ini bus maling",1,0,2.7.2,2.7.2,2023-12-24 02:31:27,bus malinghatihati barang bus maling
Sejak ada seringnya berita kehilangan. Saya jujur jdi takut. Saya langganan rosalia sudah cukup lama. Tapi sekarang takut,2,0,2.6.9,2.6.9,2023-12-23 23:21:11,berita hilang jujur jdi takut langgan rosalia takut
"Mohon di perbaiki bug nya, susah sekali mau pesan tiket lewat aplikasi, seharusnya aplikasi ini diperhatikan supaya mempermudah konsumen, di web ataupun aplikasi sama aja susah",1,5,2.7.2,2.7.2,2023-12-23 19:34:27,baik bug susah pesan tiket aplikasi aplikasi perhati mudah konsumen web aplikasi susah
"ARMADA BIS PERAMPOK ! CUSTOMER SERVICE TOLOL ! USUT TUNTAS KASUS HILANGNYA IPAD MAS DINO YG DIGANTI BUKU + KERAMIK DI TAS NYA ! PENCURIAN SUDAH TERORGANISIR DAN KORBAN BUKAN HANYA 1-2 KORBAN YG SPEAK UP ! DITUNGGU KESERIUSANNYA !!! KEBANGKRUTAN KALIAN, BUKAN TANGGUNG JAWAB KAMI ❤",1,0,2.7.2,2.7.2,2023-12-23 06:49:02,armada bis rampok customer service tolol usut tuntas hilang ipad mas dino ganti buku keramik tas curi organisir korban bukan korban speak up tunggu serius bangkrut bukan tanggung
Itu gimana dgn Penumpang yg Barangnya Di curi Crew,2,0,,Unknown,2023-12-23 00:55:17,gimana tumpang barang curi crew
"Pemberitahuan keterlambatan sangat mepet padahal pihak Rosalia minta 30 menit harus sudah nunggu,udh bilang terlambat sampe jamnya eh nambah lagi. Ga recomend!",1,0,,Unknown,2023-12-22 21:49:11,pemberitahuan lambat mepet rosalia menit nungguudh bilang lambat sampe jam eh nambah tidak recomend
"Auto uinstal , takut kehilangan barang berharga apabila naik bis ini",1,0,2.7.2,2.7.2,2023-12-22 21:17:50,auto uinstal takut hilang barang harga bis
"Udah kasus laptop ilang, sekarang malah aplikasinya yg kasus",1,0,2.7.2,2.7.2,2023-12-22 19:44:06,udah laptop ilang aplikasi
Mau konfirkasi kode gak masuk2,1,0,2.7.2,2.7.2,2023-12-22 07:09:05,konfirkasi kode tidak
Jaga barang bawaan anda guys,1,0,2.7.2,2.7.2,2023-12-22 05:18:39,jaga barang bawa guys
Aplikasi mengecewakan....tidak bisa login. Kode OTP tidak dikirim ke email maupun sms. Sdh bayar tiket tidak dapat e tiket hanya dapat kode booking dan mesti cerak di tempat lain....,2,12,2.7.2,2.7.2,2023-12-21 20:48:48,aplikasi mengecewakantidak login kode otp tidak kirim email sms sdh bayar tiket tidak tiket kode booking mesti cerak
Bad crews and bad services,1,0,,Unknown,2023-12-21 19:06:07,bad crews and bad services
Bus kwontolll wes oleh kasus barang penumpang ilang malah gak onok klarifikasi malah meneng wae cukk matio wae,1,0,,Unknown,2023-12-21 17:43:19,bus kwontolll wes barang tumpang ilang tidak onok klarifikasi neng wae cukk matio wae
"namanya di jalan macet , main hangusin tiket aja tanpa tau perjuangan bisa beli tiket itu padahal lengganan dari thn 2012 !!! bis sadis blaclist aja",1,0,,Unknown,2023-12-21 14:57:51,nama jalan macet main hangusin tiket tau juang beli tiket lengganan thn bis sadis blaclist
"Ga aman, ga dikasih minum dg alasan udh habis padahal itu hak penumpang, crewnya judes bgtt",1,0,2.7.2,2.7.2,2023-12-21 14:12:07,tidak aman tidak kasih minum dg alas habis hak tumpang crewnya judes bgtt
Ga dulu deh,1,0,2.5.7,2.5.7,2023-12-21 09:26:21,tidak deh
Habis di update malah ga bisa log in....,5,0,2.7.2,2.7.2,2023-12-21 06:49:40,habis update tidak log in
"Bis tidak aman, banyak kasus kemalingan tapi CS diam dan berdalih barang bawaan tanggung jawab penumpang",1,0,,Unknown,2023-12-21 06:48:25,bis tidak aman maling cs diam dalih barang bawa tanggung tumpang
Banyak maling ngeri sekalii,1,0,2.7.2,2.7.2,2023-12-21 06:27:34,maling ngeri sekali
woiiiii ..beresin urusan keamanannya dlu dh Bru perhatikan yg lain,1,0,,Unknown,2023-12-21 05:39:53,woiiiii resin urus aman dlu dh bru perhati
"ikut bantu turunin bintang stelah liat cuitan om dino di X... ternyata banyak sekali kasus kehilangan di bus ini ya,, dan kejadiannya berulang terus,, modusnya juga sama. laptop dituker buku & keramik. semoga ada perbaikan ke depannya",1,44,2.7.2,2.7.2,2023-12-21 02:28:26,bantu turunin bintang stelah liat cuit om dino hilang bus jadi ulang modus laptop dituker buku keramik moga baik depan
"SAYA PERINGATKAN, BUS INI KOMPLOTAN MALING! HATI-HATI MEREKA AKAN LEPAS TANGAN SAMA KELUHAN PENUMPANG NYA! KASUS BANYAK TAPI TIDAK PERNAH DI USUT, BOBROK!",1,1,,Unknown,2023-12-21 01:16:54,ingat bus komplot maling hatihati lepas tangan keluh tumpang tidak usut bobrok
"cs tidak memberikan jawaban memuaskan terutama untuk korban-korban yang barangnya hilang di perjalanan, harap penumpang lain lebih bijak memilih kendari transportasi yg memberikan rasa nyaman dan aman",1,4,2.7.2,2.7.2,2023-12-21 01:05:56,cs tidak muas korbankorban barang hilang jalan harap tumpang bijak pilih kendari transportasi nyaman aman
Owh ini po bis kalau barang penumpang hilang bukan tanggung jawab kami haha,1,0,,Unknown,2023-12-20 23:04:49,owh po bis barang tumpang hilang bukan tanggung haha
Crew malingan,1,0,,Unknown,2023-12-20 22:21:57,crew maling
Waspada banyak kejadian pencurian di armada ini!!!,1,0,2.7.2,2.7.2,2023-12-20 20:18:34,waspada jadi curi armada
Sekelas rosin handling customer kaya gitu? Noh lagi viral di twitter,1,0,2.7.2,2.7.2,2023-12-20 13:01:54,kelas rosin handling customer kaya gitu noh viral twitter
Komplotan maling,1,0,2.7.2,2.7.2,2023-12-20 12:38:32,komplot maling
Sorry uninstall dulu. Aplikasi ga kepakai dan sekarang terkenal rawan maling di busnya,1,0,,Unknown,2023-12-20 12:18:33,sorry uninstall aplikasi tidak pakai kenal rawan maling bus
Tidak aman,1,0,,Unknown,2023-12-20 12:18:30,tidak aman
Pernah naik dari salah satu lokasi ke berangkatan jogja ke bekasi. Agennya keberangkatan menyalahkan saya karena beli diaplikasi pas musim mudik. Katanya keuntungannya ga masuk ke agennya. Jadi males layanin saya,1,0,,Unknown,2023-12-20 12:01:19,salah lokasi berangkat jogja bekas agen berangkat salah beli aplikasi musim mudik untung tidak agen males layanin
Yang lagi rame di X / Twitter,1,0,,Unknown,2023-12-20 11:32:43,rame twitter
"Semenjak update jadi lemot aplikasi nya, tolong di perbaiki",3,0,2.7.2,2.7.2,2023-12-19 14:40:04,semenjak update lot aplikasi tolong baik
"Aplikasi nya sangat lemot sekali, tolong di perbaiki lagi ya, apa lagi untuk agen bus besar",2,0,2.7.2,2.7.2,2023-12-19 11:48:28,aplikasi lot tolong baik agen bus
Bagus,5,0,,Unknown,2023-12-19 09:36:16,bagus
Pertama kali menggunakan apl rosalia. Loading lama walaupun jaringannya bagus. Dan pencarian keluar pulau jawa selalu gak ketemu,2,0,,Unknown,2023-12-19 09:21:55,apl rosalia loading jaring bagus cari pulau jawa tidak ketemu
Aplikasi terngeselin . Daripada game yg isinya iklan doang. Mau beli tiket aja di persulit.,1,1,2.7.2,2.7.2,2023-12-18 20:00:06,aplikasi terngeselin game isi iklan doang beli tiket sulit
"Maaf yaa saya uninstal, Kode Verifikasi ga ke kirim² terus",1,0,2.7.2,2.7.2,2023-12-18 16:26:19,maaf yaa uninstal kode verifikasi tidak kirim
Jelek server aplikasinya seringan nge lag sama ajah kayak webnya tolong di upgrade lah capek error mulu.,2,0,2.7.2,2.7.2,2023-12-18 16:08:19,jelek server aplikasi sering nge lag ajah kayak webnya tolong upgrade capek error mulu
"Mau daftar akun susah, otp tidak diterima baik via hp ato email. Tapi email sdh terdaftar.",3,2,2.7.2,2.7.2,2023-12-18 11:25:24,daftar akun susah otp tidak terima via hp ato email email sdh daftar
Ini app nya gmn sih. D update tp login aj gbsa. Sampe ganti perangkat ttep gbsa... Cerdas bgt programmernya.,3,4,2.7.2,2.7.2,2023-12-18 08:19:11,aplikasi gmn sih update login aj gbsa sampe ganti perangkat ttep gbsa cerdas banget programmernya
Jangan pernah booking sblm login atau bisa jadi uang anda terkirim tp tiketnya tidak ada,1,1,2.7.2,2.7.2,2023-12-17 20:55:00,jangan booking sblm login uang kirim tiket tidak
Semenjak update jadi susah melakukan pemesan,1,0,2.6.4,2.6.4,2023-12-17 19:05:46,semenjak update susah mes
Aplikasi late responsif di saat jaringan yg bagus. Jadi susah buat pesen tiket. Di website juga sama aja. Lama semua. Coba di perbarui kembali. Di monitoring lg dan di evaluasi kembali.,1,7,2.7.2,2.7.2,2023-12-17 18:33:34,aplikasi late responsif jaring bagus susah sen tiket website aja coba baru monitoring evaluasi
Payah kode otpnya ga kekirim2 payah,1,0,2.7.2,2.7.2,2023-12-16 18:45:29,payah kode otpnya tidak kirim payah
"BJIRR, MULUT SOPIRNYA JELEK BGT, ADA BAPAK BAPAK TANYA AJA DI GHIBAHIN ABIS ABISAN",1,0,2.7.2,2.7.2,2023-12-16 08:27:29,bjirr mulut sopir jelek bgt ghibahin abis abis
Tidak perlu,1,0,,Unknown,2023-12-16 04:14:21,tidak
Seperti percuma ada aplikasi tidak membantu sama sekali. Yg ada hubungi agen terdekat. Rosin perusahan besar loh. Tolong aplikasi digitalnya dimaksimalkan dengan baik,1,42,2.7.2,2.7.2,2023-12-15 16:41:30,aplikasi tidak bantu hubung agen dekat rosin usah loh tolong aplikasi digital maksimal
"Jujur bus nya nyaman bgttt dan worth it, tpi untuk pemesanan online sangat2 susah semenjak d update. Mau cari kota tujuan/kota asal gabisa stuck gtu aja. Kode verifikasi juga gabisa krn gada kode yg masuk. Tolong d perbaiki lagi, makasih.",3,26,2.7.2,2.7.2,2023-12-15 10:04:20,jujur bus nyaman bgttt worth it tpi mesan online susah semenjak update cari kota tujuankota gabisa stuck gtu aja kode verifikasi gabisa gada kode tolong baik makasih
"mana ga dpt"" code verifikasi",1,0,,Unknown,2023-12-13 09:29:52,tidak dpt code verifikasi
"Admin mohon diperbaiki lagi, untuk login sekarang susah sekali. Tidak ada notifikasi verifikasi masuk di email maupun lewat sms",4,0,2.7.2,2.7.2,2023-12-13 09:28:07,admin baik login susah tidak notifikasi verifikasi email sms
Mau daftar aja susah nya minta ampun ga di SMS ga di email selalu ga dapet kode😩,1,1,2.7.2,2.7.2,2023-12-12 20:58:32,daftar susah ampun tidak sms tidak email tidak dapet kode
Agen nya somplak,1,0,,Unknown,2023-12-12 20:02:39,agen somplak
"Ini aplikasinya gmn sih..sdh di Donwload nggak bisa di buka...lwat web login sdh di kirim verifikasi saat di masukan tidak bisa login juga,payah payah",1,0,,Unknown,2023-12-11 16:39:19,aplikasi gmn sihsdh donwload nggak bukalwat web login sdh kirim verifikasi masuk tidak login jugapayah payah
"Ini gimana kk kok code verif nya gk masuk², saya mau dftr akun dri kmren gk dapat code verif sms nya",1,1,2.7.2,2.7.2,2023-12-10 07:09:29,gimana kk code verif tidak dftr akun dri kmren tidak code verif sms
Kenapa g bisa masuk2 ke aplikasi? Ada apa ini?,1,0,,Unknown,2023-12-09 22:38:17,aplikasi
Apk tdk bs di buka,1,0,2.7.2,2.7.2,2023-12-08 21:15:08,aplikasi tidak buka
"ini aplikasi apaan dah. ngecek tiket aja gak bisa. tidak tersedia terus. udah coba gonta ganti tanggal dan lokasi tujuan,ya jawabannya sama tidak tersedia.maksutnya Rosalia indah tutup gitu?jadi ngga ada tiket?",1,0,,Unknown,2023-12-08 12:03:07,aplikasi dah ngecek tiket tidak tidak sedia udah coba gonta ganti tanggal lokasi tujuanya jawab tidak tersediamaksutnya rosalia indah tutup gitujadi ngga tiket
mantaps,5,0,2.7.2,2.7.2,2023-12-06 18:22:40,mantaps
Top pokok.nya,5,0,2.7.2,2.7.2,2023-12-06 11:04:55,top pokok
"hati hati buat pengguna armada ini, kejadian hr ini Pods saya tertinggal sudah melakukan pengaduan belum 1x24 jam dikabarkan dr pihak rosalia barang saya tdk ada, padahal sy tau sudah tdk penumpang dibelakang saya, kenakalan pekerjanya, sy berharap hati hati menggunakan armada ini, jaga barang berharga anda.. trims",1,0,,Unknown,2023-12-06 10:32:33,hati hati guna armada jadi hr pods tinggal adu jam kabar dr rosalia barang tidak sy tau tidak tumpang belakang nakal kerja sy harap hati hati armada jaga barang harga trims
mau login kok jadi susah ya sekarang? sudah tahap verifikasi tetep aja gak dapet notif kenomor ataupun email terdaftar!!,1,0,,Unknown,2023-12-05 06:52:29,login susah tahap verifikasi tetep tidak dapet notif nomor email daftar
Sering error,1,0,2.7.2,2.7.2,2023-12-04 18:04:41,error
"Kayanya ga niat bikin aplikasi nih pihak Rosalia,, tgl 3 Desember buka aplikasi mau boking tgl 5 Desember ehh, belum tersedia... Kacau bener aplikasinya",2,0,2.7.2,2.7.2,2023-12-03 15:57:29,kaya tidak niat bikin aplikasi nih rosalia tgl desember buka aplikasi boking tgl desember ehh sedia kacau bener aplikasi
Keren,5,0,2.6.9,2.6.9,2023-12-03 14:51:44,keren
"Gimana ceritanya ini aplikasi,mau daftar akun aja gak dapat kode verifikasinya,dicoba berulang ulang tetap saja gak dapat kode verifikasinya, padahal ini mau pesan tiketnya.tolong dibenarin dulu dong kalau mau melayani via online.maaf untuk sementara Saya gak bisa kasih bintang limanya",1,11,2.7.2,2.7.2,2023-12-01 23:47:30,gimana cerita aplikasimau daftar akun tidak kode verifikasinyadicoba ulang ulang tidak kode verifikasi pesan tiketnyatolong dibenarin layan via onlinemaaf tidak kasih bintang lima
login verifikasi nya ga masuk2 keburu waktunya abiss ga jelass,1,1,,Unknown,2023-11-28 18:54:23,login verifikasi tidak keburu abiss tidak jelass
Aplikasinya semakin bagus... Untuk pembelian tiket bus termudah.. Sesuai dengan pembelian yg ada di agen resminya👍👍👍,5,0,2.7.2,2.7.2,2023-11-28 16:21:19,aplikasi bagus beli tiket bus mudah sesuai beli agen resmi
"maaf sebelumnya, aplikasinya setelah di update sering bermasalah seperti blank screen, kemudian loading lama, dan stuck di fitur home, padahal saya akan melakukan pembookingan dalam waktu dekat, mohon diperbaiki terimakasih",2,0,,Unknown,2023-11-26 06:15:03,maaf aplikasi update masalah blank screen loading stuck fitur home pembookingan waktu baik terimakasih
"Tolong dibenahi,aplikasi nya tdk bisa dibuka ...",1,2,2.7.2,2.7.2,2023-11-26 04:40:12,tolong dibenahiaplikasi tidak buka
"Pesan tiket lewat online, pesan dapetnomer kursi 8A 8B 8C 8D. Pas naik ternyata kursi 8A & 8B gak ada. Lha terus suruh duduk dimana? Alhamdulillah kru di dalem bis baik jadi diatur ulang, dan alhamdulillah lagi ada bapak2 yang legowo duduknya tukeran sama saya, katanya kasian bawa anak kecil",1,0,,Unknown,2023-11-25 18:51:56,pesan tiket online pesan dapetnomer kursi kursi tidak lha suruh duduk mana alhamdulillah kru dalem bis atur ulang alhamdulillah legowo duduk tukeran kasi bawa anak
"Sebaiknya ada pergantian pembayaran, jika pembayaran online gagal. Saya sudah 1x gagal. 3x sama bulan2 yang lalu. Jadi bingung masak harus Alfamart Mulu.",1,0,,Unknown,2023-11-25 16:05:29,ganti bayar bayar online gagal gagal bingung masak alfamart mulu
Ini gimana sih kok malah jadi gak bisa di pake apknya,1,0,,Unknown,2023-11-24 18:24:36,gimana sih tidak pake apknya
Aplikasi nya lemot,1,0,,Unknown,2023-11-24 06:25:59,aplikasi lot
aplikasi nya lag,1,0,2.7.2,2.7.2,2023-11-23 07:13:14,aplikasi lag
Kereen l,5,0,2.6.8,2.6.8,2023-11-23 06:56:51,kereen
fungsional dari apk ini cuman sekedar punya aja sepertinya karena di keberangkatan tujuan kadang misscom dan tidak terkonfirmasi dengan pool atau agennya sendiri,1,2,2.7.2,2.7.2,2023-11-21 17:48:53,fungsional aplikasi cuman dar berangkat tuju kadang misscom tidak konfirmasi pool agen
"Aplikasi yg memudahkan, trimakasih",5,0,2.7.2,2.7.2,2023-11-21 11:24:24,aplikasi mudah trimakasih
"Pendapat pribadi nyaman naik Rosin,ramah dan enak klu komunikasi dg driver dan yg pasti tdk ugal""an di jalan... Saran buat pembayaran via online tlg di tambahkan BRI dan BSI",5,1,2.7.2,2.7.2,2023-11-19 21:50:38,dapat pribadi nyaman rosinramah klu komunikasi dg driver tidak ugalan jalan saran bayar via online tlg tambah bri bsi
Bagus aplikasinya,5,0,2.7.2,2.7.2,2023-11-19 01:02:53,bagus aplikasi
Semenjak di update jadi susah untuk memesan atau booking.. Masuk aplikasi malah stack di home.. Gak bisa di apa apain.. Tolong kembalikan pelayanan seperti dulu lagi.. Karena lebih efisien dan efektif.. Dan saya juga seludah sering pesan lewat aplikasi ini,1,127,2.7.2,2.7.2,2023-11-18 19:34:35,semenjak update susah mes booking aplikasi stack home tidak apain tolong kembali layan efisien efektif ludah pesan aplikasi
kreeeeen,5,0,2.6.8,2.6.8,2023-11-17 21:03:45,kreeeeen
"Masuk aja gabisa, gimana sih",1,1,2.7.2,2.7.2,2023-11-16 15:53:02,gabisa gimana sih
Update makin buruk,1,0,,Unknown,2023-11-16 12:18:25,update buruk
"Kok gabisa daftar ya, gak ada kode verifikasinya",2,0,2.7.2,2.7.2,2023-11-15 09:19:10,gabisa daftar tidak kode verifikasi
"Baik, kurangnya pemesanan tiket tidak bisa di hari H. Semoga kedepannya bisa pesan saat hari H. Sehingga tidak perlu menanyakan ke Agennya dulu.",4,0,2.7.2,2.7.2,2023-11-14 17:17:40,kurang mesan tiket tidak moga depan pesan tidak agen
Ngga bisa milih nmr kursi,5,0,2.3.14,2.3.14,2023-11-13 17:57:21,ngga milih nmr kursi
"mau daftar akun pas dimasukin nomer telpon katanya nomer sudah terdaftar, pas mau login katanya nomer belum terdaftar haduhhhh.. apk sampah",1,1,2.7.1,2.7.1,2023-11-12 21:50:28,daftar akun dimasukin nomer telpon nomer daftar login nomer daftar haduhhhh aplikasi sampah
"Mau daftar bikin akun Ajah susahnya banget pas daftar dibilang no dan email sudah terdaftar, pas login pake nomor yg sama dibilang no belum terdaftar jadi bingung sama aplikasinya",2,21,2.7.1,2.7.1,2023-11-12 21:35:56,daftar bikin akun ajah susah banget daftar bilang no email daftar login pake nomor bilang no daftar bingung aplikasi
Agen bus rosalia tajur gak ada ramah ramahnya anak anaknya najis kapok naik rosalia,1,1,2.7.1,2.7.1,2023-11-12 15:20:53,agen bus rosalia tajur tidak ramah ramah anak anak najis kapok rosalia
"Buka aplikasinya susah,daftarnya susah,cr kota asal ke tujuan jg bingungin,mau pesen tiketnya jg susah masak gk ada bus ditujuannya.percuma download mendingan hapus lagi aja",1,18,2.7.1,2.7.1,2023-11-12 12:14:43,buka aplikasi susahdaftarnya susahcr kota tuju bingunginmau sen tiket susah masak tidak bus ditujuannyapercuma download mending hapus
Ini apaan sy masuk akun no sudah terdaftar blm terdaftar sy daftar no sy sudah terdaftar akhirnya sy pesen tiket lgsug suda berhasil dan suda sy byr tp tiket ga ada mohon petunjuk,3,0,2.7.1,2.7.1,2023-11-11 15:29:52,sy akun no daftar blm daftar sy daftar no sy daftar sy sen tiket lgsug suda hasil suda sy byr tiket tidak tunjuk
mantabbb tingkatkan pelayanan dan fasilitas armadanya serta pertahankan sarana prasarana yg ada. sukses selalu. aamiiinnn 🤲🙏,5,1,2.7.1,2.7.1,2023-11-10 20:15:43,mantabbb tingkat layan fasilitas armada tahan sarana prasarana sukses aamiiinnn
Pesenan Etiket tidak masuk diaplikasi,3,0,2.6.9,2.6.9,2023-11-10 19:40:19,sen etiket tidak aplikasi
Pelayanan sangat bagus dan memuaskan..,5,0,2.6.8,2.6.8,2023-11-10 18:49:12,layan bagus muas
"Mauu daftar, tpi konfirmasi kode dari no tlf gk dikirim"" juga, sudah berkali coba dengen no yang berbeda",1,1,2.6.9,2.6.9,2023-11-09 16:51:15,mauu daftar tpi konfirmasi kode no tlf tidak kirim kali coba dengen no beda
Ko sekarg aplikasinya tidak bisa di buka,3,1,2.6.9,2.6.9,2023-11-09 07:29:28,ko sekarg aplikasi tidak buka
Sering eror,1,0,2.6.9,2.6.9,2023-11-09 07:19:34,eror
Ini apasihhh yang bner dong.. msak buka apk gg bisa.. di update mlah eror kek gini!!,1,1,,Unknown,2023-11-09 06:50:42,apasihhh bner msak buka aplikasi gg update mlah eror kek gin
lemot amat,1,2,2.6.9,2.6.9,2023-11-09 06:32:34,lot
Masuk app aja gabisa,1,0,2.6.9,2.6.9,2023-11-09 06:27:08,aplikasi gabisa
Aplikasi tidak bisa digunakan setelah update terbaru,1,1,2.6.9,2.6.9,2023-11-09 06:13:11,aplikasi tidak update baru
"Wah update malah kacau, mentok di mau bayar.... Ayoo segera update",1,0,,Unknown,2023-11-08 22:54:30,update kacau mentok bayar ayoo update
Terimakasih,5,0,2.6.9,2.6.9,2023-11-08 01:54:49,terimakasih
Ini apk.nya kenapa ya..susah log in di cek belum ada update. Tolong di perbaiki. Mana sudah pesan tiket.,3,2,2.6.9,2.6.9,2023-11-08 00:27:52,apknya yasusah log in cek update tolong baik pesan tiket
apk dan website lemot. saya dari ahen pandaan bis selalu terlambat bahkan bisa sampai 1 jam. sistem booking tapi nggak bisa manage waktu,1,5,2.6.9,2.6.9,2023-11-07 22:44:01,aplikasi website lot ahen pandaan bis lambat jam sistem booking nggak manage waktu
Jaringan 5G yg paling kenceng pun gak bisa buka Apk ini. Yg ada Hp mendadak Lemot 🤣🤣🤣,1,0,,Unknown,2023-11-07 22:04:21,jaring kenceng tidak buka aplikasi hp dadak lot
Apk tidak berfungsi secara optimal saran hapus aja,1,0,2.6.9,2.6.9,2023-11-07 20:42:24,aplikasi tidak fungsi optimal saran hapus
loading lama aneh susah mesen,1,1,2.6.9,2.6.9,2023-11-07 19:15:19,loading aneh susah mesen
Lemot,1,0,2.6.9,2.6.9,2023-11-07 18:15:54,lot
Istimewa,5,0,2.6.9,2.6.9,2023-11-07 17:57:07,istimewa
Aplikasi eror terus,3,0,2.6.9,2.6.9,2023-11-07 15:40:32,aplikasi eror
"Niat bikin aplikasi g sih,,,, daftar g bisa2 pesen tiket jga g bisa,,,, Kalo g niat ga usah bikin aplikasi,,,nyusahin aja",1,3,2.6.9,2.6.9,2023-11-07 15:37:56,niat bikin aplikasi sih daftar sen tiket jga niat tidak bikin aplikasinyusahin
Eror lemot dan susah diakses,1,0,2.6.9,2.6.9,2023-11-07 14:42:05,eror lot susah akses
"Maaf ini di update malah lemot , di perbaharui harusnya lebih menjadi lebih baik lagi dong. Bukan sebalik nya, tidak bisa akses apk nya.",2,10,2.6.9,2.6.9,2023-11-07 13:56:22,maaf update lot baharu bukan balik tidak akses aplikasi
"abis di update malah gabisa cari asal/tujuan, masuk pake nomor hp juga gabisa.",1,3,2.6.9,2.6.9,2023-11-07 13:34:21,abis update gabisa cari asaltujuan pake nomor hp gabisa
Apk tidak bisa di buka saya baru saja download utk pesan tiket via online ternyata tidak bisa di buka,3,1,2.6.9,2.6.9,2023-11-07 12:34:55,aplikasi tidak buka download pesan tiket via online tidak buka
Lemot mau pesen tiket tidak bisa,1,1,2.6.9,2.6.9,2023-11-07 11:55:46,lot sen tiket tidak
Untuk ke dpannya mohon di perbaiki pesan 4 tiket tdk ada kejelasan dan pemberitahuan brp jam keterlambatan dan tdk ada pemberitahuan pelayanan komsumsi dan dri perjalanan tgr-plg kami tdk mendpatkan konsumsi dan pihak po di tgr mengatakan akan ada konsumsi di merak dan teryata nihil mohon diperbaiki dan jgn terulang kembali di kemudian hari,1,0,,Unknown,2023-11-07 11:36:34,dpannya baik pesan tiket tidak jelas pemberitahuan brp jam lambat tidak pemberitahuan layan komsumsi dri jalan tgrplg tidak mendpatkan konsumsi po tgr konsumsi merak teryata nihil baik jgn ulang
Diupdate kenapa jadi lemot ???,1,0,2.6.9,2.6.9,2023-11-07 11:10:02,diupdate lot
Bisa mempermudah pesanan tiket,5,0,2.6.9,2.6.9,2023-11-07 08:10:46,mudah pesan tiket
"Masa semua tujuankursi habis semua, saya coba acak tanggal, kursi juga habis,terus saya acak tujuan juga habis semua kursinya, aplikasi nya gak jelas banget",1,6,2.6.9,2.6.9,2023-11-07 00:47:06,tujuankursi habis coba acak tanggal kursi habisterus acak tuju habis kursi aplikasi tidak banget
"Apliasi baru, kursi penuh senya sampai desember",1,0,2.6.9,2.6.9,2023-11-06 22:16:42,apliasi kursi penuh senya desember
"Asu, lemot tenan. dancul!",1,0,2.6.9,2.6.9,2023-11-06 15:13:10,asu lot tenan dancul
Gimana ini saya mau buka apk nya gabisa padahal hari ini saya mau berangkat pulang gara gara eror jadi angus tiket saya. Kembalikan uang tiket saya yg hangus.,1,1,2.6.9,2.6.9,2023-11-06 14:48:42,gimana buka aplikasi gabisa berangkat pulang gara gara eror angus tiket kembali uang tiket hangus
Bug terus apk eror,2,0,2.6.9,2.6.9,2023-11-06 14:07:11,bug aplikasi eror
Yang sekarang Aplikasinya ngelag banget untuk pesen tiket biasanya mohon segera di benahi,1,1,2.6.9,2.6.9,2023-11-06 13:43:25,aplikasi ngelag banget sen tiket benah
Perbaiki lagi APP'Nya Admin Rosalia ini banyak kendala buat pesen tiket.. Saya Sebagai pelanggan tetap merasa kecewa dengan pembaharuan APP'nya...,2,3,2.6.9,2.6.9,2023-11-06 11:52:44,baik appnya admin rosalia kendala sen tiket langgan kecewa baharu appnya
App sering bermasalah web developernya murah kah?,1,0,2.6.9,2.6.9,2023-11-06 10:57:12,aplikasi masalah web developer murah kah
Gak bs dibuka,1,0,2.6.9,2.6.9,2023-11-05 12:43:30,tidak buka
Aplikasi super lemot... Tlg d perbaiki.. !!!!!,2,2,2.6.9,2.6.9,2023-11-04 13:08:31,aplikasi super lot tlg baik
"Aplikasi sampah,ngak ada gunanya hapus saja🤬",1,0,,Unknown,2023-11-03 22:57:22,aplikasi sampahngak guna hapus
Sangat baik untuk pemesanan tiket,5,0,2.6.8,2.6.8,2023-11-03 17:35:17,mesan tiket
"Ini gimana c, cuma muter aja Sudah saya hapus, saya instal lagi, nyampai berkali kali, masih saja gak bisa di buka",1,0,2.6.9,2.6.9,2023-11-03 15:38:42,gimana muter hapus instal nyampai kali tidak buka
"Kak,kok apknya susah dibuka?padahal suda saya lakukan pembaruan,sinyal juga bagus",1,4,2.6.9,2.6.9,2023-11-02 21:53:45,kakkok apknya susah dibukapadahal suda laku pembaruansinyal bagus
Luuuueemooottt...,1,0,2.6.9,2.6.9,2023-11-02 20:12:26,luuuueemooottt
Good,5,0,2.6.8,2.6.8,2023-10-30 18:18:38,good
Kok aplikasi selalu todak bisa terbuka sudah download berkali2 tetap tidak bs terbuka loading terus smp 3 hari,1,0,,Unknown,2023-10-30 11:38:13,aplikasi todak buka download kali tidak buka loading smp
G bisa di akses ..padahal lg butuh banget,1,1,2.6.9,2.6.9,2023-10-25 20:35:25,akses butuh banget
"cerita sedikit dari kampung kirim paket motor katanya agen 3 hari sampe tapi pada kenyataan nya sampe sekarang belum nyampe udah lewat 3 hari jadi gimana penyelesaian nya omongan dari agen sama pusat ga sinkron, pantes aja banyak yang ngeluh soal pengiriman atau pembelian tiket online",1,5,2.6.9,2.6.9,2023-10-24 21:19:26,cerita kampung kirim paket motor agen sampe nyata sampe nyampe udah gimana selesai omong agen pusat tidak sinkron pantes ngeluh kirim beli tiket online
"baru dowload,ko gabisa buka aplikasi ngestack d logo rosalia terus ???kenapa ini ??",3,1,2.6.9,2.6.9,2023-10-23 19:42:16,dowloadko gabisa buka aplikasi ngestack logo rosalia
Tidak bisa pesen tiket PP dan aplikasi lemot,1,3,2.6.9,2.6.9,2023-10-23 10:01:47,tidak sen tiket pp aplikasi lot
"Sejauh ini, inilah aplikasi pemesanan tiket bis terbaik menurut saya. Walaupun ada beberapa bug yg masih terlihat",4,1,2.6.9,2.6.9,2023-10-23 08:27:06,aplikasi mesan tiket bis baik bug
"Dari jawa tujuan lampung jadwal berangkat jam 4 sore tapi bus datang jam 9 malam telat sampe 5jam. Ini kejadian puasa menjelang hari raya idul fitri, mana busnya boco lagi air hujan dari atap masuk ke dalam",1,1,2.6.9,2.6.9,2023-10-23 07:57:42,jawa tuju lampung jadwal berangkat jam sore bus jam malam telat sampe jam jadi puasa jelang raya idul fitri bus boco air hujan atap
Mantab,5,0,2.6.8,2.6.8,2023-10-21 18:02:05,mantab
"Sering sekali supir menurunkan di exit tol,padahal tujuan utama terminal huhhh...mohon ditindaklanjuti",1,6,2.6.9,2.6.9,2023-10-21 16:39:57,supir turun exit tolpadahal tuju utama terminal huhhhmohon ditindaklanjuti
"Aplikasi tidak bisa dibuka setelah pembaharuan,",3,0,2.6.9,2.6.9,2023-10-21 15:45:53,aplikasi tidak buka baharu
"Di cek dulu semu sebelum berangkat ,katanya si bus executive plus plus ,tapi kendaraan bobrok ,segala pecah di jalan . Hadeuh kacau!",1,3,2.6.9,2.6.9,2023-10-21 10:56:35,cek semu berangkat si bus executive plus plus kendara bobrok pecah jalan hadeuh kacau
Lebih baik terlambat dari pada ngebut tapi malah gagal di tengah.,5,0,,Unknown,2023-10-20 19:15:57,lambat ngebut gagal tengah
"Beli via online charging final sama total charging sebelum bayar beda jauh, terus kalau diloket ya dijelaskan kalau bawa elektronik kena denda, kok diem aja petugas loketnya",1,0,,Unknown,2023-10-19 18:28:27,beli via online charging final total charging bayar beda loket bawa elektronik denda diem tugas loket
Mau daftar gak bisa2 gak di kasih kode verifikasi,1,0,2.6.9,2.6.9,2023-10-17 16:05:55,daftar tidak tidak kasih kode verifikasi
"PO bus yg ngga seindah namanya , 3x naik bis ini selalu telat lebih dari 3 jam lebih suruh nunggu di agen tanpa kejelasan . Kualitas tidak sesuai dengan harganya",1,16,2.6.8,2.6.8,2023-10-17 12:41:10,po bus ngga indah nama bis telat jam suruh nunggu agen jelas kualitas tidak sesuai harga
"Kecewa,di aplikasi ngga ada keterangan jalur selatan /lewat jalur Pantura,alhasil pengen cepet malah dilewatin jalur selatan,brangkat jam 06.00 dari Tangerang baru sampe Klaten jam 20.00 parah emang,udah ngga mau naek2 lagi bis ini kapokkk",1,0,,Unknown,2023-10-16 15:15:41,kecewadi aplikasi ngga terang jalur selatan jalur panturaalhasil ken cepet dilewatin jalur selatanbrangkat jam tangerang sampe klaten jam parah emangudah ngga naek bis kapokkk
Oke.,5,0,,Unknown,2023-10-16 12:42:12,oke
Aplikasi busuk !!!,1,0,2.6.8,2.6.8,2023-10-14 23:40:51,aplikasi busuk
Beberapa jadwal tidak update. Jadwal di aplikasi berbeda dengan jadwal yang sebenarnya. Mohon bisa diupdate secara rutin.,1,0,2.3.14,2.3.14,2023-10-13 12:05:09,jadwal tidak update jadwal aplikasi beda jadwal diupdate rutin
Error,3,0,2.6.8,2.6.8,2023-10-11 15:20:41,error
Abis update aplikasi ngefrezze dan gak bisa dipake sama sekali,1,1,,Unknown,2023-10-10 18:18:56,abis update aplikasi ngefrezze tidak dipake
eror mulu 😡,1,0,2.6.8,2.6.8,2023-10-10 15:21:36,eror mulu
Setelah update terbaru malah stuck menuju beranda,2,0,2.6.8,2.6.8,2023-10-07 18:41:54,update baru stuck beranda
"Aplikasi rusak, gabisa dibuka sama sekali padahal koneksi lancar",1,0,,Unknown,2023-10-05 22:01:20,aplikasi rusak gabisa buka koneksi lancar
Saran pembayaran ditambah Gopay. Trims.,5,0,2.6.8,2.6.8,2023-10-05 15:32:13,saran bayar tambah gopay trims
delay 2 jam,1,1,,Unknown,2023-10-05 10:31:24,delay jam
Memuaskan,5,0,2.6.7,2.6.7,2023-10-02 23:13:35,muas
Pencarian tiket eror terus. Ganti developer aja.. bagusan redbuss jauh appnya,1,1,2.6.8,2.6.8,2023-09-30 06:35:18,cari tiket eror ganti developer aja bagus redbuss appnya
"Langsung Unistal,nyesel gw downlod daftar gak ada respon...!!! Apk taeeekkk...👉💨💩",1,0,2.6.8,2.6.8,2023-09-29 17:21:16,unistalnyesel gw downlod daftar tidak respon aplikasi taeeekkk
playanan si oke tpi bis nya sering telat,5,1,2.6.8,2.6.8,2023-09-28 21:42:51,playanan si oke tpi bis telat
"Please perbaiki lagi aplikasinya jgn lemot begini min gua udah langganan naik ni po cmn semenjak update lemot parah sampai pernah tiket yg tinggal check in pernah gk kedeteksi di aplikasinya,,tolong min ini bisa merugikan🙏🏻🙏🏻",4,1,2.6.8,2.6.8,2023-09-27 17:00:28,please baik aplikasi jgn lot admin gua udah langgan ni po cmn semenjak update lot parah tiket tinggal check in tidak deteksi aplikasinyatolong admin rugi
Alhamdulillah sangat membantu,5,0,2.6.8,2.6.8,2023-09-27 12:17:01,alhamdulillah bantu
Tolong developer aplikasi ini perbaikan masalah daftar akun tidak menerima SMS notifikasi kode pendaftaran,3,1,2.6.8,2.6.8,2023-09-26 19:31:31,tolong developer aplikasi baik daftar akun tidak terima sms notifikasi kode daftar
Bantuannya dong kenapa ya udah pesen ko pas di klik di my strip masih kosong,2,0,,Unknown,2023-09-25 20:05:03,bantu udah sen ko klik my strip kosong
"kak mohon klarifikasinya, saya sudah beli tiket via online dari Terminal Salatiga (tingkir) tujuan Terminal Kota Tegal. Tadi pas naik kok kata pak supirnya hanya bisa diturunkan di Exit Tol Adiwerna, itu jauh sekali dari terminal tujuan. Wilayah administrasi nya juga berbeda. Kata supirnya itu kesalahan aplikasi, kesalahan aplikasi bagaimana kalo menu tujuan terminal sudah masuk database sistem aplikasi Rosalia berarti menunjukkan tidak profesionalnya manajemen Rosalia dan developer aplikasi.",1,55,2.6.8,2.6.8,2023-09-24 18:22:39,kak klarifikasi beli tiket via online terminal salatiga tingkir tuju terminal kota tegal supirnya turun exit tol adiwerna terminal tuju wilayah administrasi beda supirnya salah aplikasi salah aplikasi menu tuju terminal database sistem aplikasi rosalia tidak profesional manajemen rosalia developer aplikasi
👍👍👍👍,5,0,2.6.7,2.6.7,2023-09-22 17:05:46,
Tidak bisa daftar,1,0,2.6.8,2.6.8,2023-09-21 22:51:08,tidak daftar
terkadang pernah naik rosalia saat malam hari tetapi selimut ga dibagikan,1,0,,Unknown,2023-09-21 21:06:01,terkadang rosalia malam selimut tidak bagi
"Untuk management Rosin saya pelanggan setia Rosin ,tolong Service dari Pramugari lebih ditingkatkan lagi Pelayanan pramugarinya sangat tidak ramah,muka jutek dan kalo kursi 9C dan 9D tidak dijual kenapa harus muncul di aplikasi online tiket??",1,0,2.6.8,2.6.8,2023-09-21 13:43:39,management rosin langgan setia rosin tolong service pramugari tingkat layan pramugari tidak ramahmuka jutek kursi tidak jual muncul aplikasi online tiket
"Tingkatkan lagi UI nya, QR code utk E-Boarding pass nya ngga muncul. Jadi harus ngeprint di loket.",4,0,,Unknown,2023-09-18 09:46:14,tingkat ui qr code eboarding pass ngga muncul ngeprint loket
Ok,5,0,2.6.6,2.6.6,2023-09-17 08:23:14,ok
aplikasi eror.. pada pemilihan bangku.. nyangkut.. pdhl belum di klik simpan.. kasihan agen kesannya bangku terisi.. tolong diperbaiki..,3,2,2.6.8,2.6.8,2023-09-16 08:04:28,aplikasi eror pilih bangku nyangkut pdhl klik simpan kasihan agen kesan bangku isi tolong baik
Aplikasi nya lelet banget... Berat banget serasa . loading nunggu lama,2,2,2.6.8,2.6.8,2023-09-14 15:57:00,aplikasi lelet banget berat banget serasa loading nunggu
Minta di update tpi sudah di-update ga bisa ke buka,1,0,2.6.8,2.6.8,2023-09-14 09:37:42,update tpi diupdate tidak buka
"Ok,knp y skrng g bs byr pakai transfer mbanking",5,0,2.6.8,2.6.8,2023-09-13 23:41:44,okknp skrng byr pakai transfer mbanking
Kurang gercep kalo misal ada aduan,1,0,2.6.8,2.6.8,2023-09-13 21:02:52,gercep adu
Busbya bgus,3,0,2.6.6,2.6.6,2023-09-13 19:23:02,busbya bgus
Untuk metode pembayaran sanggat dikit sekali,3,0,2.6.8,2.6.8,2023-09-13 18:55:48,metode bayar sanggat dikit
"Aplikasi sampah, gak berguna, lemot, sangat buruk, pelayanan juga minim, sering telat, lama lama bangkrut kalo masih jadi transportasi sampah, bus lama cuman ganti baju aja, sering bermasalah. Gak worth it banget bus sampah satu ini",1,17,2.6.8,2.6.8,2023-09-13 15:59:46,aplikasi sampah tidak guna lot buruk layan minim telat bangkrut transportasi sampah bus cuman ganti baju aja masalah tidak worth it banget bus sampah
Gak kayak dulu ya.. gada pembayaran BCA nya dulu enak loh langsung sat set skrng apk lelet amat,1,1,2.6.8,2.6.8,2023-09-13 12:33:17,tidak kayak gada bayar bca loh sat set skrng aplikasi lelet
Puas,5,0,2.6.8,2.6.8,2023-09-13 11:31:36,puas
"Sudah coba bbrapa bus transport, pilihan akhir tetap Rosalia Indah..👍 keep good services !🙏",5,0,2.6.7,2.6.7,2023-09-11 21:43:05,coba bbrapa bus transport pilih rosalia indah keep good services
Ok broo,3,0,2.6.8,2.6.8,2023-09-11 12:47:13,ok broo
"Service, keamanan, kenyamanan dan ketepatan waktu sangat baik.......👍",5,0,2.6.7,2.6.7,2023-09-10 15:22:12,service aman nyaman tepat waktu
Minimal kalo di jalan AC jangan di matiin lah bos. Katanya bis AC eksekutif di jalan tol lari ga kenceng2 amat AC ko di matiin.. 😂😂😂😂.. buluk.. mending naek yg laen dah...,1,0,2.6.8,2.6.8,2023-09-09 23:01:24,minimal jalan ac jangan matiin bos bis ac eksekutif jalan tol lari tidak kenceng ac ko matiin buluk mending naek laen dah
makin mudah beli tiket,5,0,2.6.7,2.6.7,2023-09-09 13:26:16,mudah beli tiket
Mantap,5,0,2.6.7,2.6.7,2023-09-09 06:14:34,mantap
"Untuk pengguna aplikasi ini, sesudah atau sebelum melakukan transaksi sebaiknya mencatat kode boking kalian untuk menghindari terjadinya bug saat keluar tapi sudah melakukan transaksi, dan jika sudah melakukan transaksi bisa di cek kembali dg kode boking dan no hp kalian :) Lebih baik lagi pembayaran bisa via ovo, dana, dan aplikasi pembayaran lainnya Judul nya online ticketing seharusnya lebih luas lagi dana bisa pembayaran lewat semua e-money",5,1,,Unknown,2023-09-09 03:30:49,guna aplikasi transaksi catat kode boking hindar bug transaksi transaksi cek dg kode boking no hp bayar via ovo dana aplikasi bayar judul online ticketing luas dana bayar emoney
Sudah langganan pakai rosin dan pelayanan tetap yang terbaik meski sudah pernah coba armada bus lain..,5,0,,Unknown,2023-09-08 19:21:00,langgan pakai rosin layan baik coba armada bus
Saya konsumen lama armada ini tapi sayang makin kesini pelayanannya semakin parah. Yang terakhir kami diperlakukan tidak baik di depan penumpang lain yang seharusnya bisa baik-baik.,1,0,,Unknown,2023-09-07 19:55:09,konsumen armada sayang kesini layan parah laku tidak tumpang baikbaik
"apk gajelas, mau daftar malah gabisa bisa, dimintain kode verifikasi tapi ga di kirim kirim",1,1,,Unknown,2023-09-06 18:12:56,aplikasi gajelas daftar gabisa dimintain kode verifikasi tidak kirim kirim
Belum bisa daftar SMS tak diterima.. Berulang2,4,0,2.6.7,2.6.7,2023-09-04 11:24:48,daftar sms terima ulang
"Udah book tiket, saldo udah kepotong tapi belum buat akun, giliran gw buat akun kode otp ga masuk"" , hubungin cs ga guna di telfon juga ga bisa",1,1,2.6.7,2.6.7,2023-09-03 19:59:50,udah book tiket saldo udah potong akun gilir gw akun kode otp tidak hubungin cs tidak telfon tidak
Mau daftar tapi kode verifikasi tidak masuk ke nomor hp ya?kenapa?? Sudah dicoba berulang ulang tetap saja tidak bisa masuk kode verifikasinya??mohon diperbaiki sistemnya donk,1,0,2.6.7,2.6.7,2023-09-03 06:25:16,daftar kode verifikasi tidak nomor hp yakenapa coba ulang ulang tidak kode verifikasinyamohon baik sistem donk
"bus yg saya naiki dari jatiroto,Tempat duduk nyaman,AC..sangat dingin,crew baik,pokok e okay.",5,0,2.6.7,2.6.7,2023-08-29 00:30:50,bus naik jatirototempat duduk nyamanacsangat dingincrew baikpokok okay
"Kurang flexible, hari h tidak bisa pesan",3,0,2.5.0,2.5.0,2023-08-28 00:28:00,flexible tidak pesan
Daftar aplikasi susah...terpaksa ganti bus,1,1,2.6.7,2.6.7,2023-08-27 18:31:00,daftar aplikasi susahterpaksa ganti bus
yang muncul double decer doang executive clas tidak ada,1,0,2.6.7,2.6.7,2023-08-27 14:54:42,muncul double decer doang executive clas tidak
"Bus kelas eksekutif seperti patas, jalan 60 km/jam udah kayak mau ambruk estimasi waktu molor 2 jam karena busnya kurang mumpuni",1,0,2.6.7,2.6.7,2023-08-25 13:20:30,bus kelas eksekutif patas jalan kmjam udah kayak ambruk estimasi waktu molor jam bus mumpuni
ok mantaps,5,0,,Unknown,2023-08-21 12:40:09,ok mantaps
Aplikasimu gimanaaa sih. Gak jelas amatttttt. Logout muluuu -____-,2,0,2.6.7,2.6.7,2023-08-20 22:10:24,aplikasi gimanaaa sih tidak amatttttt logout muluuu
"Saran buat perusahaan Tolong semua armada terutama yang AKAP di lengkapi dengan CCTV demi kepentingan semua pihak, baik penumpang, kru bus ataupun perusahaan sendiri",5,0,2.6.7,2.6.7,2023-08-19 14:13:49,saran usaha tolong armada akap lengkap cctv penting tumpang kru bus usaha
"Mantap. UI Apps nya saya suka, peralihan antar menu cukup smooth. Informasi yang ditampilkan lengkap dan detail. Semoga konsisten.",5,14,2.6.7,2.6.7,2023-08-16 10:49:25,mantap ui apps suka alih menu smooth informasi tampil lengkap detail moga konsisten
sangat membantu,5,0,,Unknown,2023-08-16 03:41:24,bantu
Aplikasi TAIIII TIDAK MEMBANTU SUMPAH JELEK BANGET,1,0,2.6.7,2.6.7,2023-08-15 22:38:36,aplikasi taiiii tidak bantu sumpah jelek banget
Raiso dinggo,1,0,2.6.7,2.6.7,2023-08-14 09:25:23,raiso dinggo
Rosalia memang top pelayanan segala klas tetap yg terbaik,5,0,2.6.6,2.6.6,2023-08-13 13:18:25,rosalia top layan klas baik
Pengalaman naik bis ini Bekasi - Klaten emang topp kelass deh sukses terus rosalia indah,5,0,2.6.7,2.6.7,2023-08-13 11:52:00,alam bis bekas klaten emang topp kelass deh sukses rosalia indah
G bisa login klo udh normal bintang ditambah,5,0,2.6.6,2.6.6,2023-08-09 06:38:24,login normal bintang tambah
Perjalan nyaman kalo naik po bus ini,5,0,2.6.7,2.6.7,2023-08-05 00:44:48,jalan nyaman po bus
Tiap mlakukan pembelian tiket di online actual kursi kosong nya ga sama dg yg di agen.di online selalu full ada yg kosong pun ga sama dg yg di agen...php aplikasi nya.lbh baik pesan di agen lbh jls kursi nya.aplikasi ga berguna,1,6,2.6.7,2.6.7,2023-08-04 17:20:20,mlakukan beli tiket online actual kursi kosong tidak dg agendi online full kosong tidak dg agenphp aplikasi nyalbh pesan agen lbh jls kursi nyaaplikasi tidak guna
"Aneh aplikasinya....!!! Mau Cari tiket bus, dah ketik asal dan tujuannya, tp hasil nya selalu tiket belum tersedia mohon ubah tanggal pencarian. Giliran di ubah tanggal tetap sama aja tiket belum tersedia, silakan hubungi kantor terdekat.....!!! Aplikasi payah....!!! Lha gunanya dibuat aplikasi tiket online ini untuk apa, kok disuruh ke kantor terdekat...!!!! 😇😇😇😇😇😇😇langsung minum obat sakit kepala.....!!!!",1,0,,Unknown,2023-08-04 15:37:58,aneh aplikasi cari tiket bus dah ketik tuju hasil tiket sedia ubah tanggal cari gilir ubah tanggal tiket sedia sila hubung kantor dekat aplikasi payah lha guna aplikasi tiket online suruh kantor dekat minum obat sakit kepala
Kode otp tidak masuk masuk sudah berulang kali dari pagi sampai sore. Tolong d perbaiki,1,4,2.6.6,2.6.6,2023-07-30 11:56:05,kode otp tidak ulang pagi sore tolong baik
"Kode otp gak bisa masuk ke nomer hp, sama jam tiket pemberangkatan ternyata beda nomer di sistem, gara2 ini tiket saya hangus pdahal masih 15 menit sebelum jam di tiket pemberangkatan",1,3,2.6.6,2.6.6,2023-07-29 15:59:16,kode otp tidak nomer hp jam tiket berangkat beda nomer sistem gara tiket hangus pdahal menit jam tiket berangkat
Knp baru daftar nunggu otp lewat SMS ga masuk² ya?,2,0,2.6.6,2.6.6,2023-07-23 23:16:45,knp daftar nunggu otp sms tidak
"gak jadi beli tiket ,refund dana lama banget 1 bulan kerja , padahall PO besar",1,0,2.6.1,2.6.1,2023-07-23 20:05:40,tidak beli tiket refund dana banget padahall po
"Saran untuk tim development apps. Barusan saya memesan tiket perjalanan, tertera di aplikasi bangku sisa 1, pas mau milih metode pembayaran melalui Shopee, saya konfirmasi ke yang bersangkutan untuk segera melakukan pembayaran, belum lama saya balik ke aplikasinya. Ternyata saya di alihkan ke menu home, sehingga pas saya mau pesan lagi kursi sudah full. Alhasil tidak bisa pesan lagi. Sudah hub cs ga ada balesan, tolong di refresh apps nya. Karna ga semua bangku di bus tsb full.",1,16,2.6.6,2.6.6,2023-07-20 23:34:08,saran tim development apps barusan mes tiket jalan tera aplikasi bangku sisa milih metode bayar shopee konfirmasi sangkut bayar aplikasi alih menu home pesan kursi full alhasil tidak pesan hub cs tidak balesan tolong refresh apps karna tidak bangku bus tsb full
Parah si ini saya update tetep aja mau pesen tiket gbs padahal selang 2hari bahkan saya coba ampek tgl 31 tetep tiket blm tersedia..kan kocak..mending hapus aja aplikasinya gak guna,1,2,2.6.6,2.6.6,2023-07-17 21:19:39,parah si update tetep sen tiket gbs selang coba ampek tgl tetep tiket blm sedia kocakmending hapus aplikasi tidak
Percuma Ada online tiket kalo setatus Bus NOL,3,0,2.6.6,2.6.6,2023-07-17 10:24:54,online tiket setatus bus nol
Kode OTP nya kagak masuk2 ke SMS nya gan..!,1,1,2.6.6,2.6.6,2023-07-16 21:49:18,kode otp kagak sms gan
"Baru install, dan verifikasi nomor saja tidak bisa",1,0,2.6.6,2.6.6,2023-07-16 18:05:30,install verifikasi nomor tidak
Gmn si udh gonta ganti nmr tp ode OTP ga masuk masuk,1,0,2.6.6,2.6.6,2023-07-15 14:40:30,gmn si gonta ganti nmr ode otp tidak
Baik. Pembayaran mudah terimakasih,5,57,2.5.3,2.5.3,2023-07-14 21:26:58,bayar mudah terimakasih
"Sudah terdaftar bagian dari RI Plus, coba login karna ingin pesan tiket online tiba-tiba gagal login pakai ID dan password yg terdaftar. Tolong pihak Rosin di respon keluhan-keluhan kami ini pengguna setia Rosin",1,0,,Unknown,2023-07-14 19:49:56,daftar ri plus coba login karna pesan tiket online tibatiba gagal login pakai id password daftar tolong rosin respon keluhankeluhan guna setia rosin
Guiding unt kembali ke data pemesanan tdk mudah dicerna untuk tahu kode booking ..cara pembaran VA BCA,2,0,2.6.4,2.6.4,2023-07-11 05:17:43,guiding unt data mesan tidak mudah cerna kode booking bar va bca
Saya pesan kursi jawabnya kursi penuh terus sampai tak ganti jurusan dan tanggal. Apa iya gitu?,1,0,2.6.5,2.6.5,2023-07-11 03:46:17,pesan kursi kursi penuh ganti jurus tanggal iya gitu
"Online ticket penuh, pas tanya di agen masih ada, perbaiki lah",1,0,2.6.5,2.6.5,2023-07-10 18:24:00,online ticket penuh agen baik
cari tiket ke lampung dr bekasi malah ngak ada,1,0,2.6.5,2.6.5,2023-07-10 09:28:10,cari tiket lampung dr bekas ngak
"Aplikasi ga sesuai seat di bisnya, petugasnya kurang ramah. Ga lagi deh naik ini",1,0,2.6.5,2.6.5,2023-07-10 09:11:33,aplikasi tidak sesuai seat bis tugas ramah tidak deh
"Pesan online 7 tiket dari tgl 22 Juli, untuk keberangkatan 8 Oktober dari Bekasi ke Jogja, sampai waktunya chekin tiket hilang 3.. kacau sistem online ROSIN!!!!!!",1,0,2.6.4,2.6.4,2023-07-08 18:47:25,pesan online tiket tgl juli berangkat oktober bekas jogja chekin tiket hilang kacau sistem online rosin
Sering log out sendiri,1,0,2.6.5,2.6.5,2023-07-07 10:20:20,log out
"Mau daftar akun tp kode verifikasinya ga dikirim2, udah ganti nomer hp juga tetep sama aja......🤷🤦🤦🤦",3,0,2.6.4,2.6.4,2023-07-05 22:28:07,daftar akun kode verifikasi tidak kirim udah ganti nomer hp tetep aja
Aneh aplikasinya,1,0,2.6.4,2.6.4,2023-07-05 18:50:45,aneh aplikasi
Setelah di update.. Suruh daftar lagi. Padahal dulu udah pernah daftar. Giliran daftar kode OTP ga masuk - masuk.. Udah berkali - kali si coba.,1,8,2.6.4,2.6.4,2023-07-05 14:23:34,update suruh daftar udah daftar gilir daftar kode otp tidak udah kali si coba
"Saya termasuk pengguna setia Rosin, memang selama ini pesan tiket diagen terdekat oke² aja pelayanan lancar. Setelah download aplikasi Rosin sangat kecewa begitu rumit dan menyusahkan untuk pesan tiket. Kirain memudahkan tranportasi malah menyusahkan. Saran saya kalau mau pesen mending ke agen langsung aja.",1,2,2.6.4,2.6.4,2023-07-05 00:29:51,guna setia rosin pesan tiket agen dekat oke layan lancar download aplikasi rosin kecewa rumit susah pesan tiket kirain mudah tranportasi susah saran sen mending agen aja
"Mau cari jadwal berangkat tidak pernah ada,",1,0,2.6.4,2.6.4,2023-07-04 00:15:18,cari jadwal berangkat tidak
Update lebih fresh nurut ku...cuman history pencarian yang lalu..harus nya bisa di tampilkan lagi saat buka aplikasi lagi.. Utk pemilihan armada nomer lambung bus di tampilkan serta layout/ denah kursi dan toilet di sesuaikan dgn real bus nya..(kan beda karoseri beda layout). Untuk sistem pembayaran harus nya di tambah dgn byk pilihan bank (bank BUMN ) dan gopay /ovo dll Bravo mas Adimas!!!,3,5,2.6.4,2.6.4,2023-07-03 11:43:34,update fresh nurut cuman history cari laluharus tampil buka aplikasi pilih armada nomer lambung bus tampil layout denah kursi toilet sesuai real bus nyak beda karoseri beda layout sistem bayar byk pilih bank bank bumn gopay ovo dll bravo mas adimas
Armada ini bagus...melatih kesabaran anda...,1,0,2.6.4,2.6.4,2023-07-03 10:02:07,armada bagusmelatih sabar
"Semenjak di update malah sering eror Akun sering keluar sendiri, giliran login kode otp tidak pernah masuk👎",1,1,2.6.4,2.6.4,2023-07-02 13:24:13,semenjak update eror akun gilir login kode otp tidak
Mau daftar nunggu kode verifikasinya lama banget.,1,0,2.6.4,2.6.4,2023-06-30 10:13:06,daftar nunggu kode verifikasi banget
"Buat rosalia indah semuga yang beli tiket,tujuanya sama.Po rosalia indah emang thenes lo.",5,0,2.6.4,2.6.4,2023-06-24 12:16:12,rosalia indah semuga beli tikettujuanya samapo rosalia indah emang thenes lo
Mau daftar akun ribet banget masukin no hp gak bisa pakai email juga gak bisa tolong di bantu,1,0,2.6.4,2.6.4,2023-06-23 19:00:31,daftar akun ribet banget masukin no hp tidak pakai email tidak tolong bantu
Mohon di perbarui lagi tidak bisa melihat tempat duduk yang mau di pesan,1,0,2.6.4,2.6.4,2023-06-23 03:26:56,baru tidak duduk pesan
Pesan tiket sudah duluan tp kesalahan sistem malah data hilang untuk rute pemberangkatan padahal tiket sudah dicetak,1,1,,Unknown,2023-06-21 14:10:56,pesan tiket duluan salah sistem data hilang rute berangkat tiket cetak
"mohon diperbaiki aplikasinya, dikarenakan madih adanya bugs pada aplikasi, sehingga menyebabkan aplikasi tidak berfungsi. terimakasih",1,2,2.6.4,2.6.4,2023-06-21 04:23:44,baik aplikasi madih bugs aplikasi sebab aplikasi tidak fungsi terimakasih
Aplikasi yg sangat bagusss... dan membantu. dan pemberian informasi dari pihak Operator Rosalia Indah sangat ramah dan resposif. Terima kasih...,5,0,2.6.4,2.6.4,2023-06-20 18:02:36,aplikasi bagusss bantu beri informasi operator rosalia indah ramah resposif terima kasih
Asallamualaikum Alhamdulillah pelayanannya memuaskan sekali pokoknya nggak rugi deh naik bus Rosalia Indah sekarang,4,0,2.6.4,2.6.4,2023-06-15 09:55:16,asallamualaikum alhamdulillah layan muas pokok nggak rugi deh bus rosalia indah
"Pelayanan cukup bagus, ada sebagian penjaga tiket yg mahal senyumnya Mudah² kedepan penjaganya ramah semua",5,0,2.5.7,2.5.7,2023-06-15 09:33:34,layan bagus jaga tiket mahal senyum mudah depan jaga ramah
TERBAIK POKOK,5,0,2.6.4,2.6.4,2023-06-14 15:30:22,baik pokok
Aplikasi bagus. Tapi setiap rute tidak tersedia tiketnya.,2,1,2.6.4,2.6.4,2023-06-14 10:41:15,aplikasi bagus rute tidak sedia tiket
"Sering banget logout sendiri,tolong perbaiki ya kakak kakak admin",3,0,2.6.4,2.6.4,2023-06-13 21:31:50,banget logout sendiritolong baik kakak kakak admin
Harga naik dari 320 ke 425 wkwkwk,1,0,2.6.4,2.6.4,2023-06-13 21:16:42,harga wkwkwk
"Koneksi aplikasinya sangat buruk Banyak kendala di aplikasi Harga tiket naik, menjadi lebih mahal Saya sarankan untuk pindah ke bus lain",1,0,2.6.4,2.6.4,2023-06-13 14:34:05,koneksi aplikasi buruk kendala aplikasi harga tiket mahal saran pindah bus
Ok banget saya dengan Rosalia kurangnya dikit Bae yaitu alamat agennya kurang informasinya tuk lokasi lokasi tertentu. Tapi selagi masih bisa tetap saya Rosalia pokoke,5,0,,Unknown,2023-06-13 11:47:09,ok banget rosalia kurang dikit bae alamat agen informasi tuk lokasi lokasi selagi rosalia pokoke
"Kalo untuk ke luar pulau jawa sih oke naek rosalia cepet, tapi untuk ke jogja jangan deh, ngetol cuma smpe pejagan kesana nya lewat bawah mana macet, jaman ny ngetol tp msih lewat bawah kapok bener ke jogja naek rosalia",3,0,2.6.4,2.6.4,2023-06-10 12:21:36,pulau jawa sih oke naek rosalia cepet jogja jangan deh ngetol smpe pejagan kesana macet jaman ny ngetol msih kapok bener jogja naek rosalia
Krim kode ga masuk2 apk sampah,1,0,2.6.4,2.6.4,2023-06-08 12:56:53,krim kode tidak aplikasi sampah
Kode OTP'nya manaaa??? Berapa kali ngirim ga dapat2.. Hmmm..,3,0,2.6.4,2.6.4,2023-06-05 15:12:45,kode otpnya manaaa ngirim tidak hmmm
Kode OTP sudah di kirim berulangkali tetapi tidak dapat sms,1,0,2.6.4,2.6.4,2023-06-04 13:00:14,kode otp kirim berulangkali tidak sms
Mantab pokoe tanpa kendala Joss...,5,0,,Unknown,2023-06-03 20:44:26,mantab pokoe kendala joss
Semenjak update aplikasi tidak bisa pesan tiket,4,0,2.6.4,2.6.4,2023-05-31 15:23:29,semenjak update aplikasi tidak pesan tiket
Kurang ada untuk bayar tiket pake bank BRI. Ke Rosalia indah,5,0,2.6.4,2.6.4,2023-05-30 13:37:36,bayar tiket pake bank bri rosalia indah
Percumah punya banyak point. Cuma gimmick doang. Stok habis untuk semua jenis souvenir reedem.,2,39,2.6.4,2.6.4,2023-05-29 20:45:03,percumah point gimmick doang stok habis jenis souvenir reedem
"Bagud versi lama cepet kalo ada problem ,,ini ngga ada Kode nya ngga dikirim2 ,,",1,0,,Unknown,2023-05-29 18:40:06,bagud versi cepet problem ngga kode ngga kirim
Untuk detail perjalan yg di lewati di kasih tau,1,0,,Unknown,2023-05-29 08:52:27,detail jalan lewat kasih tau
Busnya baik pelayanan baik. Alhamdulillah,5,0,2.5.7,2.5.7,2023-05-27 17:55:07,bus layan alhamdulillah
Kalau bisa rutenya di perluas sampai jambi terimakasih,5,0,,Unknown,2023-05-26 15:31:39,rute luas jambi terimakasih
Bagus,5,0,2.6.4,2.6.4,2023-05-26 03:20:11,bagus
Ok,2,0,2.5.7,2.5.7,2023-05-25 07:06:56,ok
Moga kedepannya ada pilihan cancel tiket / reschedule tiket ya min🙏,4,0,2.6.4,2.6.4,2023-05-24 13:54:59,moga depan pilih cancel tiket reschedule tiket min
"Kekurangannya cm satu sih,tidak di lengkapi detail jalur yg di lewati. Untuk pengguna baru masih bingung mau naik jurusan mana yg ngelewatin kota tujuan yg tidak tertera di aplikasi.",4,34,2.6.4,2.6.4,2023-05-23 21:50:14,kurang cm sihtidak lengkap detail jalur lewat guna bingung jurus ngelewatin kota tuju tidak tera aplikasi
Sangat membantu...,5,0,2.6.4,2.6.4,2023-05-21 12:53:46,bantu
"aplikasinya gak berguna, udah coba daftar berulang kali tp gk pernah dikirim OTP",1,1,2.6.4,2.6.4,2023-05-20 10:02:59,aplikasi tidak guna udah coba daftar ulang tidak kirim otp
"Mobil bis nya trouble. Di pool lama sekali. Padagal ngejar waktu sampe tujuan, ganti bis kudune sing podo ato lebih ngunu loh fasilitase. Malah nganti bis sing sue ning kandang. Podo brodol kursine.",3,0,,Unknown,2023-05-19 14:04:12,mobil bis trouble pool padagal ngejar waktu sampe tuju ganti bis kudune sing podo ato ngunu loh fasilitase nganti bis sing sue ning kandang podo brodol kursine
Opsi Metode pembayaran sangat sedikit.. Bank mainstream malah ngga ada,3,0,,Unknown,2023-05-18 17:35:50,opsi metode bayar bank mainstream ngga
Mnt cara cek status booking,5,0,2.6.4,2.6.4,2023-05-18 10:56:28,mnt cek status booking
Pelayanan Rosalia indah memang memuaskan dan mantap,5,0,2.6.4,2.6.4,2023-05-17 08:39:53,layan rosalia indah muas mantap
php bgt fasilitasnya ih,1,0,,Unknown,2023-05-16 14:56:06,php banget fasilitas ih
Beli tiket tpi g bisa buat pilih kursi nya gmn apps nya ni jdi g bs beli tiket dah,2,0,2.6.3,2.6.3,2023-05-14 12:05:29,beli tiket tpi pilih kursi gmn apps ni jdi beli tiket dah
"Apagunanya pesan dari aplikasi tapi tempat duduk berbubah pada hari keberangkatan, dengan alasan bus dari Cs. mengalami kendala akan tetapi konfirmasi dari pihak agen memang karena penggabungan bus aja tidak ada kendala",1,3,2.6.3,2.6.3,2023-05-12 15:20:24,apagunanya pesan aplikasi duduk berbubah berangkat alas bus cs alami kendala konfirmasi agen gabung bus tidak kendala
Pemilihan kursi tidak berfungsi,2,0,2.6.3,2.6.3,2023-05-11 20:25:10,pilih kursi tidak fungsi
"Login hanya pakai no. Handphone bukan pakai id member /email, jika no hp sudah tidak aktif bagaimana mau login??",3,0,2.6.3,2.6.3,2023-05-10 15:52:03,login pakai no handphone bukan pakai id member email no hp tidak aktif login
Mau daftar tap kode otp nya gk ada masuk via sms hadeuh,1,0,2.6.3,2.6.3,2023-05-09 19:32:04,daftar tap kode otp tidak via sms hadeuh
Akhirnya.. Setelah 2 hari Coba Daftar ke RI/ROSALIA INDAH... SUKSES jd Member ROSIN makasih Min RI....,4,0,2.6.3,2.6.3,2023-05-09 16:33:33,coba daftar rirosalia indah sukses member rosin makasih admin ri
Nomer hp saya 10 digit. Lha kok ga bisa utk login.,1,0,2.6.3,2.6.3,2023-05-08 18:27:20,nomer hp digit lha tidak login
Habis update malah gak bisa masuk. Karna gak terima kode otp.,3,2,2.6.3,2.6.3,2023-05-08 17:16:59,habis update tidak karna tidak terima kode otp
"Hari ini saya naik bus no.395, dan ac nya tidak dingin. Tolong di perbaiki. Terimakasih",3,0,,Unknown,2023-05-08 16:28:32,bus no ac tidak dingin tolong baik terimakasih
OTP nya ga dikirim2 gimana bisa login bosku???mending pakai yg versi lama...update nya masih banyak bug,3,1,2.6.1,2.6.1,2023-05-08 15:11:34,otp tidak kirim gimana login boskumending pakai versi lamaupdate bug
Kurang bagus gak ada daftar harga tiketnya...,2,1,2.6.3,2.6.3,2023-05-08 12:55:52,bagus tidak daftar harga tiket
"Aplikasi tidak membantu, daftar buat akun tidak bisa karena kode otp tidak pernah dikirim, lebih baik langsung datang ke pool daripada lewat aplikasi",1,1,2.6.1,2.6.1,2023-05-08 12:12:01,aplikasi tidak bantu daftar akun tidak kode otp tidak kirim pool aplikasi
Belum bisa daftar karena kode OTp belum bisa diterima mohon diperbaiki APLnya.,4,0,2.6.1,2.6.1,2023-05-08 10:56:12,daftar kode otp terima baik aplnya
"mau masuk kode OTP ga dikirim2, mgkn aplikasinya udah gak aktif lagi",1,0,,Unknown,2023-05-08 09:37:14,kode otp tidak kirim mgkn aplikasi udah tidak aktif
"gak bisa daftar, sudah masukin nohp tetep no. verifikasinya gak keluar",1,0,2.6.1,2.6.1,2023-05-07 21:40:45,tidak daftar masukin nohp tetep no verifikasi tidak
kode otp gak keluar2,1,0,2.6.1,2.6.1,2023-05-07 17:39:01,kode otp tidak
"Ini kenapa setelah diuptade, tiap pesen tiket belum tersedia semua ya? Tolong solusinya",3,0,2.6.1,2.6.1,2023-05-07 12:25:56,diuptade sen tiket sedia tolong solusi
"Sebelum update aman aja, setelah update tiba-tiba akun ke logout dan ga bisa login, karna kode Verifikasi ga pernah terkirim via SMS, tolong diperbaiki lagi aplikasinya",3,7,2.6.1,2.6.1,2023-05-07 10:07:53,update aman aja update tibatiba akun logout tidak login karna kode verifikasi tidak kirim via sms tolong baik aplikasi
"Mau buat akun di aplikasi tidak bisa. Pindah ke website untuk buat akun, langsung bisa. Coba untuk login ke aplikasi, tidak bisa. Apa tidak disinkronkan dengan aplikasinya?",1,1,2.6.1,2.6.1,2023-05-05 15:50:32,akun aplikasi tidak pindah website akun coba login aplikasi tidak tidak sinkron aplikasi
Baru download tapi mau daftar nomer tidak bisa konfirmasi karena kode OTP tidak pernah dapat. Sudah coba berulang kali dan nyoba pake nomer dan provider lain juga tapi tetap tidak bisa buat akun. Parah nya saya sudah beli dan bayar tiket tapi pesanan saya tidak tersedia di status dan riwayat aplikasi. Terus bagaimana nanti saya konfirmasi tiket saya?? Hadeehh..,2,22,2.6.1,2.6.1,2023-05-05 11:16:40,download daftar nomer tidak konfirmasi kode otp tidak coba ulang nyoba pake nomer provider tidak akun parah beli bayar tiket pesan tidak sedia status riwayat aplikasi konfirmasi tiket hadeehh
"Bagus tinggal pesan di aplikasi terus cetak di agen,jos pokoknya bus rosalia",5,1,2.5.8,2.5.8,2023-05-04 13:04:31,bagus tinggal pesan aplikasi cetak agenjos pokok bus rosalia
Perbaiki kembali untuk proses verifikasi karena susah untuk memasukan kode nya,4,0,2.6.1,2.6.1,2023-05-03 19:04:03,baik proses verifikasi susah pasu kode
"Hari ini tanggal 03/05/2023, Jadwal berangkat karawang - Mojokerto di jam 2siang dengan harga tiket 400K, sudah stndby dari jam 1siang di agen karawang, tapi ternyata bis katanya mengalami keterlambatan karna ada trouble (sedang dalam perbaikan), kami tunggu sampai jam 4sore, akhirnya petugas di agen memutuskan untuk mengganti bus kami dengan bus lain di harga 320 dan mengembalikan sisa uang kami, kecewa aja sampai jam 18:58 bus belum juga datang, Buang waktu hampir 7jam hanya untuk menunggu😶🤬",1,0,,Unknown,2023-05-03 18:59:19,tanggal jadwal berangkat karawang mojokerto jam siang harga tiket stndby jam siang agen karawang bis alami lambat karna trouble baik tunggu jam sore tugas agen putus ganti bus bus harga kembali sisa uang kecewa jam bus buang waktu jam tunggu
"Tanpa mengurangi rasa hormat, tolong diperbaiki pasca update tidak busa log in kembali. Padahal urgent pesen tiket",3,2,2.6.1,2.6.1,2023-05-03 10:53:24,kurang hormat tolong baik pasca update tidak busa log in urgent sen tiket
"Aplikasi apaan, update malah gk bs log in",2,0,,Unknown,2023-05-03 05:55:47,aplikasi update tidak log in
Sulit masuk aplikasi setelah diupdate,5,0,2.3.6,2.3.6,2023-05-02 16:47:39,sulit aplikasi diupdate
Gabisa login gaje pkhe,1,0,2.6.1,2.6.1,2023-05-02 15:42:07,gabisa login gaje pkhe
"Update an nya malah buat ngebug, ga bisa login sama sekali, daftar juga kode OTP ga Dikirim kirim hadehhh... 🗿",1,2,2.6.1,2.6.1,2023-05-02 14:45:05,update an ngebug tidak login daftar kode otp tidak kirim kirim hadehhh
habis update malah gabisa milih kursi,2,0,,Unknown,2023-05-02 14:01:16,habis update gabisa milih kursi
Kode nya ga ke kirim😡,1,0,2.6.1,2.6.1,2023-05-01 19:07:45,kode tidak kirim
"GIMANA INI, SETELAH DI UPDATE MALAH GAK BISA LOG IN????",2,0,2.6.1,2.6.1,2023-05-01 18:44:19,gimana update tidak log in
"Selalu tidak tersedia , padahal aku sampai cek all pilihan sampai 1bulan kedepan .",1,0,,Unknown,2023-05-01 17:44:01,tidak sedia cek all pilih depan
Susah login,2,0,2.6.1,2.6.1,2023-05-01 09:57:12,susah login
Setelah update gak bisa login kode nya gak kekirim ke email ataupun no hp,2,1,2.6.1,2.6.1,2023-05-01 09:20:54,update tidak login kode tidak kirim email no hp
kenapa gak dpt sms verifikasi ya udah coba login berkali kali?,2,0,2.6.1,2.6.1,2023-05-01 09:05:02,tidak dpt sms verifikasi udah coba login kali
"Ada apa dengan rosin ya,saya pesan yang VIP yang datang Eksecutive plus , saya juga mengalami keterlambatan sangat lama di karenakan salah paham atau Miss komunikasi antara kru bus dan Kru Rumah Makan , tolong diperbaiki lagi pelayanan ya dan satu lagi jangan ada yang merokok didalam bus lagi ya, Terimakasih.",3,0,,Unknown,2023-04-30 22:30:54,rosin yasaya pesan vip eksecutive plus alami lambat karena salah paham miss komunikasi kru bus kru rumah makan tolong baik layan jangan rokok dalam bus terimakasih
Sekarang tambah bagus mudah diakses aplikasi semakin maju ....semoga selalu jadi yang terbaik untuk menemani perjalanan kamii..terbaik pokoke Rosi😍😍,5,2,2.6.1,2.6.1,2023-04-30 10:00:15,bagus mudah akses aplikasi maju moga baik tani jalan kamiiterbaik pokoke ros
Pesan bus rosalia pakai aplikasi ini selalu keberangkatannya dicancel atau di delay digabung dgn bus jurusan lain. Kalo beli langsung ke loket pun begitu juga. Percuma saja. Sebab rosalia hanya mau berangkat jika ada pesanan minimal 10 seat. Dibawah itu pasti cancel atau ditunda. Saya udah 5x mengalami hal ini,1,0,2.5.7,2.5.7,2023-04-29 11:29:39,pesan bus rosalia pakai aplikasi berangkat dicancel delay gabung bus jurus beli loket rosalia berangkat pesan minimal seat bawah cancel tunda udah alami
Update terbaru aplikasinya sudah lebih responsif. nyaman dipakai. tapi dari dulu kok opsi pembayarannya cuma gitu gitu aja. sementara kompetitor lain sudah menyediakan opsi pembayaran yg lebih banyak dan praktis serta tidak dikenakan biaya admin.,3,0,2.6.1,2.6.1,2023-04-29 10:47:06,update baru aplikasi responsif nyaman pakai opsi bayar gitu gitu aja kompetitor sedia opsi bayar praktis tidak kena biaya admin
Setelah di update april 2023. Malah enggak bisa login. Nunggu verifikasi SMS. enggak ada,1,0,,Unknown,2023-04-29 06:00:20,update april login nunggu verifikasi sms
"Bagi yg susah login, sy infokan, kode OTP, tidak di kirim via sms. Tapi kode OTP di kirim via email. Setelah memasukan no tlp, cek gmail.",4,3,2.6.1,2.6.1,2023-04-29 02:28:30,susah login sy info kode otp tidak kirim via sms kode otp kirim via email pasu no tlp cek gmail
Bus andalan saya...,5,0,2.6.1,2.6.1,2023-04-28 22:26:59,bus andal
"Gagal log in hanya karena nomor telepon yang terdaftar sebelumnya hanya 10 digit, sementara untuk log in tidak bisa input angka 0 didepan....",1,3,2.6.1,2.6.1,2023-04-28 21:41:07,gagal log in nomor telepon daftar digit log in tidak input angka depan
Bad,1,0,2.6.1,2.6.1,2023-04-28 14:33:03,bad
Goood,5,0,2.6.1,2.6.1,2023-04-28 13:41:06,goood
"Abis update malah Mkin g jelas,aneh",1,0,2.6.1,2.6.1,2023-04-28 13:11:02,abis update mkin jelasaneh
"Abis update ga bisa login, padahal ada tiket ke malang (2 tiket). Udah coba wa CS tdk jalan keluar. Kode verifikasi di email dan sms tidak muncul :) Padahal diriku rosin mania mantap selalu naik rosin kalo ke timur",2,15,2.6.1,2.6.1,2023-04-28 11:35:54,abis update tidak login tiket malang tiket udah coba wa cs tidak jalan kode verifikasi email sms tidak muncul diri rosin mania mantap rosin timur
"Gimana ini ya apliaksi setelah di upadate malah gak bisa login, pakai nomer HP gak dapat OTP. Mau pakai email juga gak bisa, mohon diperbaiki min.",2,13,2.6.1,2.6.1,2023-04-28 09:52:22,gimana apliaksi upadate tidak login pakai nomer hp tidak otp pakai email tidak baik min
"tidak bisa login sama sekali, kode otp tidak masuk",2,2,2.6.1,2.6.1,2023-04-28 08:27:58,tidak login kode otp tidak
"Niat bikin aplikasi gk si, masa gk bisa login udh pake no hp gk dapet kode otp",1,0,2.6.1,2.6.1,2023-04-28 00:29:45,niat bikin aplikasi tidak si tidak login pake no hp tidak dapet kode otp
"Aplikasi nya engga jelas , login aja susah",1,0,2.6.1,2.6.1,2023-04-27 21:16:34,aplikasi engga login susah
Update terbaru malah nggak bisa login karena OTP nggak dikirim-kirim oleh Rosalia... :(,1,3,2.6.1,2.6.1,2023-04-27 20:52:48,update baru nggak login otp nggak dikirimkirim rosalia
Ni apk apaan sih ... Masa mau di hapus gk bs Trs mslhny cari bus sll gk ada mulu Gmn nih,1,0,2.6.1,2.6.1,2023-04-27 18:33:05,ni aplikasi sih hapus tidak trs mslhny cari bus sll tidak mulu gmn nih
Tolong diperbaiki tidak bisa login sama sekali...,1,1,2.6.1,2.6.1,2023-04-27 17:31:20,tolong baik tidak login
"Pilihan untuk rutenya sangat sulit. Contoh dari Bandar Lampung ke Malang mesennya harus nyoba loket per loket dari Rajabasa ke Malang gak ada harus dari Wayhalim, untuk yang gak tau pasti susah banget. Kenapa gak Awal nama kota tujuan juga nama kota. Sangat sulit dipahami",1,0,,Unknown,2023-04-27 17:12:13,pilih rute sulit contoh bandar lampung malang mesennya nyoba loket loket rajabasa malang tidak wayhalim tidak tau susah banget tidak nama kota tuju nama kota sulit paham
Setelah update nggk bisa login. Pilihan login hanya pakai no hp dan ketika minta kode verifikasi nggk dikirm2 lewat sms. Hadeh tolong diperbaiki,1,5,2.6.1,2.6.1,2023-04-27 13:32:11,update nggk login pilih login pakai no hp kode verifikasi nggk dikirm sms hadeh tolong baik
solusinya bagaimana yaa jika ga bisa daftar ketika kode verifikasinya ga kekirim kirim?,1,0,2.6.1,2.6.1,2023-04-27 11:00:00,solusi yaa tidak daftar kode verifikasi tidak kirim kirim
"Klo app gk bisa login, bisa lewat web.",5,0,,Unknown,2023-04-27 08:50:53,aplikasi tidak login web
Tolong yah manajemen rosalia...buat apa kami menentukan rute tp kalo ga sesuai...saya beli tiket tgl 26 april 2023 dengan tujuan kutabumi knp di turunkan di bitung..,1,0,2.6.1,2.6.1,2023-04-27 02:17:12,tolong yah manajemen rosaliabuat tentu rute tidak sesuaisaya beli tiket tgl april tuju kutabumi knp turun bitung
"Saya selalu menghargai kinerja setiap orang yg bekerja, karena saya pun ingin di hargai juga sebagai pekerja, koreksi saya untuk aplikasi ini tolong di perbaiki kembali bug nya karena setiap pengguna ingin melakukan Login akun ataupun membuat akun baru ini tidak bisa mendapatkan kode verifikasi melalui SMS, saya harap ini bisa di perbaiki bug nya dengan cepat agar semua bisa merasakan kenyamanan bersama PT. Rosalia Indah, Terimakasih 🙏",5,18,2.6.1,2.6.1,2023-04-26 13:32:13,harga kerja harga kerja koreksi aplikasi tolong baik bug guna login akun akun tidak kode verifikasi sms harap baik bug cepat rasa nyaman pt rosalia indah terimakasih
"Coba diadakan bis khusus kota bumi Lampung buat jurusan tangerang, Jakarta ,Bekasi terakhir sampai bandung. Pasti ramai kayak sinar jaya.",3,2,2.6.1,2.6.1,2023-04-26 13:32:03,coba ada bis kota bumi lampung jurus tangerang jakarta bekas bandung ramai kayak sinar jaya
Habis update tidak bisa login aplikasi,1,0,2.6.1,2.6.1,2023-04-26 08:37:09,habis update tidak login aplikasi
"Mohon segera diperbaiki bug nya, habis update akun saya ter-log out otomatis dan tidak bisa log in lagi karena kode verifikasi tidak terkirim ke nomor telpon saya padahal sudah dicoba berkali-kali.",1,5,2.6.1,2.6.1,2023-04-25 22:50:43,baik bug habis update akun log out otomatis tidak log in kode verifikasi tidak kirim nomor telpon coba berkalikali
Susah login abis update,2,0,2.6.1,2.6.1,2023-04-25 15:58:18,susah login abis update
Login pake nomor hp susah amat sih,1,0,2.6.1,2.6.1,2023-04-25 15:21:55,login pake nomor hp susah sih
"Setelah di-update malah gabisa login samasekali. Login pakai nomor telepon ga dapat kode otp nya, dan tidak ada pilihan login pakai email",1,12,2.6.1,2.6.1,2023-04-25 08:03:25,diupdate gabisa login samasekali login pakai nomor telepon tidak kode otp tidak pilih login pakai email
Mantab aplikasinya sekarang👍,5,2,2.6.1,2.6.1,2023-04-25 07:12:30,mantab aplikasi
Habis upgrade malah ga bisa log in gmn seh min?kode verifikasi ga dikirim² haduuh..payah,1,7,2.6.1,2.6.1,2023-04-24 16:26:00,habis upgrade tidak log in gmn seh minkode verifikasi tidak kirim haduuhpayah
Andalan,5,0,2.5.7,2.5.7,2023-04-23 21:26:21,andal
error aplikasinya,1,0,2.6.1,2.6.1,2023-04-23 12:27:13,error aplikasi
Kode ferivikasinya gak jelas. Daftar sekarang dapat kode ferivikasi nya besok😪 kalo gak niat gak usah ada apliaksi pak/buk. Pembohongan publik ae ah,1,0,2.6.1,2.6.1,2023-04-23 12:16:56,kode ferivikasinya tidak daftar kode ferivikasi besok tidak niat tidak apliaksi pakbuk bohong publik ae ah
"Pernah ticketing ol, kursi ditukar tanpa confirm....!!",1,0,2.6.1,2.6.1,2023-04-22 14:05:01,ticketing ol kursi tukar confirm
"Maaf, sudah berkali-kali minta kode verifikasi tapi tidak terkirim-kirim.",1,2,2.6.1,2.6.1,2023-04-22 03:20:31,maaf berkalikali kode verifikasi tidak terkirimkirim
"Setelah update aplikasi nya mlh log out akun sy,, mencoba login kmbli mlh tidak bisa , gagal trus lalu gmn mw boking tiket secara online",1,1,2.6.1,2.6.1,2023-04-21 20:19:37,update aplikasi mlh log out akun sy coba login kmbli mlh tidak gagal trus gmn mw boking tiket online
Habis update malah gak bisa log in,1,0,2.6.1,2.6.1,2023-04-21 17:51:21,habis update tidak log in
ini gimana sih habis update malah gbsa login pake email..CS juga ga jelas gada jalan keluar. login pke nomor kurang 10 digit terus..pdhal emang nomornya tu 10 digit!!!,1,10,2.6.1,2.6.1,2023-04-20 18:17:46,gimana sih habis update gbsa login pake emailcs tidak gada jalan login pke nomor digit teruspdhal emang nomor tu digit
"Kapok pake bis ini, bis molor sampe 7jam, siapapun, dont ever use rosin !!!!",1,0,2.6.1,2.6.1,2023-04-20 06:09:37,kapok pake bis bis molor sampe jam dont ever use rosin
Habis di perbaharui kog ga bisa di buka aplikasinya,5,1,2.6.1,2.6.1,2023-04-19 14:24:54,habis baharu kog tidak buka aplikasi
Habis update malah ga bisa login,3,0,2.6.1,2.6.1,2023-04-19 14:01:17,habis update tidak login
"mengapa setelah update aplikasinya, saya tidak bisa log in lagi hingga berulang kali, mohon diperbaiki lg aplikasi hingga mempermudah aktifitas pelanggan 🙏",1,9,2.6.1,2.6.1,2023-04-19 13:09:12,update aplikasi tidak log in ulang baik aplikasi mudah aktifitas langgan
"Maaf ini ko lemot bngt si abis d update baruzan,,ga bs kebuka² lola bngt ,,tlong dong klo d upate mbok ya lbh bagus gt malah lemot bngt bngt kebuka aja engga drtd",2,0,2.6.1,2.6.1,2023-04-19 12:39:39,maaf ko lot bngt si abis update baruzanga buka lola bngt tlong upate mbok lbh bagus gt lot bngt bngt buka engga drtd
Sudah kirim verifikasi 5x tapi kode tak muncul juga,1,0,2.6.1,2.6.1,2023-04-19 10:00:32,kirim verifikasi kode muncul
Percuma ada aplikasi kalo ujungnya harus ke agent mana harganya di getok kalo ke agen🤡,1,0,,Unknown,2023-04-18 10:02:12,aplikasi ujung agent harga getok agen
"Aplikasi nya ribet cari bus aja lama harus isi form berulang-ulang untuk ganti jenis armada aja harus isi form dari awal, cari bus aja susah bener2 app gak berguna",1,1,2.5.8,2.5.8,2023-04-18 05:28:35,aplikasi ribet cari bus isi form berulangulang ganti jenis armada isi form cari bus susah bener aplikasi tidak guna
Ngapain bikin aplikasi kalau Ribet kayak gini,2,0,,Unknown,2023-04-13 03:11:57,ngapain bikin aplikasi ribet kayak gin
"Tidak ada jualan tiket disini, Sdh login dan sudah isi data Ternyata kosong semua",1,0,,Unknown,2023-04-11 21:27:52,tidak jual tiket sdh login isi data kosong
Mau cek tiket online kok susah bnr,2,0,,Unknown,2023-04-11 05:42:53,cek tiket online susah bnr
"Selamat pagi,kami dari penumpang po rosalia menuju palembang bis 556, banyak keluhan dari kami atas ketidak nyamanan kami sebagai penumpang,diantara nya sebagai berikut,yg ke 1.kami penumpang dari jogja sudah terlambat jam berangkat,ke 2.mogok di brebes dari jam 10 malam sampe jam 5 pagi,ke 3.mobil ganti yang kami gunakan tidak sesuai dari kelas executive di ganti ke ekonomi,lalu kami hanya mendapatkan konspensasi diskon tiket 25% ,ini sangat tidak sesuai dg kerugian yg kami dapatkan, konspensa",1,0,,Unknown,2023-04-03 07:57:30,selamat pagikami tumpang po rosalia palembang bis keluh tidak nyaman penumpangdiantara berikutyg tumpang jogja lambat jam berangkatke mogok brebes jam malam sampe jam pagike mobil ganti tidak sesuai kelas executive ganti ekonomilalu konspensasi diskon tiket tidak sesuai dg rugi dapat konspensa
Mantep,5,0,2.5.8,2.5.8,2023-04-01 15:39:00,mantep
"Hati2 menggunakan aplikasi ini, diaplikasi sm diagen tidak sinkronisasi, rute diaplikasi ada diagen tidak ada, sdh terlanjur dibayar, sekarang nunggu refund. Semoga cepat dikembalikan dana sy.",1,2,2.5.8,2.5.8,2023-03-30 09:02:02,hati aplikasi aplikasi sm agen tidak sinkronisasi rute aplikasi agen tidak sdh lanjur bayar nunggu refund moga cepat kembali dana sy
C S beli tiket sangat songong.dimana Diturunkan tidak sesuai tiket yg beli Alasan driver bla bla.. cepak berdebanya.. Pernah suatu kali kursi sudah bayar . Pas Hari H kursi diisi orang lain akhirnya dikasih duduk dibangku kenek,1,0,2.5.8,2.5.8,2023-03-29 19:03:07,beli tiket songongdimana turun tidak sesuai tiket beli alas driver bla bla cepak berdebanya kursi bayar kursi isi kasih duduk bang kenek
good job,5,0,,Unknown,2023-03-28 21:52:13,good job
"Perlu perbaikan Aplikasi sepertinya, susah mau booking.",4,0,2.5.7,2.5.7,2023-03-28 06:08:25,baik aplikasi susah booking
"payah, setiap mau booking ticket selalu habis & di suruh ke agen terdekat... cape deh",1,1,,Unknown,2023-03-26 14:37:24,payah booking ticket habis suruh agen dekat cape deh
Susah daftar dan tujuan jkt ke palembang gakbisa lewat bawah (lintas timur) padahal po rosin ada yang di blok a surya adi,2,0,2.5.8,2.5.8,2023-03-26 13:22:40,susah daftar tuju jkt palembang gakbisa lintas timur po rosin blok surya adi
Tiket tidak update.,3,0,,Unknown,2023-03-25 17:46:51,tiket tidak update
Good aplikasi,5,0,2.5.8,2.5.8,2023-03-25 09:04:34,good aplikasi
"Tiket selalu abis... Semakin lama,layanan Ri semakin jelek Gak seperti awal"" aku naikk Dulu paling senang naik rosalia indah Makin ksni,makin gak seneng",1,0,2.5.8,2.5.8,2023-03-24 22:07:31,tiket abis lamalayanan ri jelek tidak naikk senang rosalia indah ksnimakin tidak neng
"komitmen kerjanya payah! kalo penumpang yang telat 1 menit aja pasti ditinggal, kalo yang telat bus nya berjam² gimana? ga perlu basa basi ada kerusakan macet atau apalah, kami datang jauh sebelum jam yang ditentukan masih disuruh nunggu lama lagi. payah! udah kalian ga usah naik PO rosalia ini lagi, pelayanan amatir belum siap migrasi ke modern, seperti yang lain macam juragan99, sinarjaya, gunungharta dll.",1,0,,Unknown,2023-03-21 14:34:23,komitmen kerja payah tumpang telat menit tinggal telat bus jam gimana tidak basa basi rusa macet apa jam tentu suruh nunggu payah udah tidak po rosalia layan amatir migrasi modern juragan sinarjaya gunungharta dll
CS tidak pernah respon,1,0,2.5.7,2.5.7,2023-03-21 13:35:58,cs tidak respon
pelayanan oke bus enak minusnya tiap ssya transit di solo harus nunggu sampe 2 jam lebih bus buat opernya parah bgt.,2,0,2.5.8,2.5.8,2023-03-20 17:55:20,layan oke bus minus ssya transit solo nunggu sampe jam bus oper parah bgt
Bintang 3 dulu Naik Rosalia indah baru 1x pulang pergi Ga ada tiket ke 2x 🤔🤔🤔 Pelanggan pada bingung/,3,0,2.5.8,2.5.8,2023-03-18 12:33:46,bintang rosalia indah pulang pergi tidak tiket langgan bingung
Masa tiap pilih tiket habis semua mau ganti tanggal kota tujuan juga sama. Tidak responsif.,1,0,,Unknown,2023-03-16 19:41:11,pilih tiket habis ganti tanggal kota tuju tidak responsif
"Tiket tidak pernah ready, selalu sold out, busuk",1,0,2.5.8,2.5.8,2023-03-16 17:57:36,tiket tidak ready sold out busuk
Abis nginstall auto langsung hapus..aplikasi g guna mau pesen tiket malah suruh ke agen..kalah sama gunung harta,1,0,2.5.8,2.5.8,2023-03-16 16:30:09,abis nginstall auto hapusaplikasi sen tiket suruh agenkalah gunung harta
"tidak ontime selalu ngaret sudah 4x naik rosalia jam keberangkatan selalu telat, Bus nya ok enak nyaman, servis makan nya juga baik, tetapi uang bagasi dimintaiin lagi seharus nya sudah tertera ditiket maksimal 20kg gratis kenapa dimintaiin uang lagi, kami perjalana ber 4 pas milih kursi di aplikasi ber jejeran tapi pas naik bus nya kursi nya gak berjejer 2 didepan 2 lagi dibelakang gak sesuai sama yg tertera di aplikasi.",2,9,2.5.8,2.5.8,2023-03-15 10:59:16,tidak ontime ngaret rosalia jam berangkat telat bus ok nyaman servis makan uang bagasi dimintaiin harus tera tiket maksimal kg gratis dimintaiin uang perjalana ber milih kursi aplikasi ber jejer bus kursi tidak jejer depan belakang tidak sesuai tera aplikasi
"opsi pembayaran tidak lengkap dan jadwal bisa pemesanan tiket tidak ada standarnya, H-30, H-60 or H-90?",2,0,2.5.7,2.5.7,2023-03-14 21:47:37,opsi bayar tidak lengkap jadwal mesan tiket tidak standar or
Susah dimengerti bikin akun aja ng bisa² anehh,1,0,,Unknown,2023-03-14 09:35:51,susah erti bikin akun ng anehh
aplikasi belum jadi sudah masuk play store,1,0,2.5.8,2.5.8,2023-03-10 14:01:56,aplikasi play store
App g jelas mau pesan gkda tiket malah di arahin ke agen trus pungsi aplikasi buat apaan,1,2,2.5.8,2.5.8,2023-03-08 20:18:14,aplikasi pesan gkda tiket arahin agen trus pungsi aplikasi
Coba dulu,3,0,2.5.8,2.5.8,2023-03-08 16:05:51,coba
"Terlalu banyak bug, tolong dong pihak Rosalia Indah kalo cari developer aplikasi yang bagus",1,3,2.5.8,2.5.8,2023-03-04 14:59:03,bug tolong rosalia indah cari developer aplikasi bagus
Agennya ora danta,1,0,2.5.8,2.5.8,2023-03-03 20:08:19,agen ora danta
Keren banget sumpah rosalia,5,0,2.5.5,2.5.5,2023-03-02 19:07:26,keren banget sumpah rosalia
"Customer service nya fast respon banget, suka",5,0,2.5.8,2.5.8,2023-03-02 06:37:17,customer service fast respon banget suka
"Pas cek tiket di aplikasi katany udh habis, eh sampe ke agen rosin masih tersedia tiket ny, aplikasi sampah+katany bus datang buat tepat waktu buat brangkat nyata ny ngaret 1jam lebih tanpa kabar 👎",1,0,,Unknown,2023-03-02 01:42:30,cek tiket aplikasi katany habis eh sampe agen rosin sedia tiket ny aplikasi sampahkatany bus waktu brangkat ny ngaret jam kabar
Ini aplikasi buat apa ya? Kok ga bisa buat pesen tiket dll,1,0,2.4.9,2.4.9,2023-02-28 16:12:45,aplikasi tidak sen tiket dll
Good,5,0,2.5.8,2.5.8,2023-02-27 15:36:19,good
Ok,5,0,2.5.5,2.5.5,2023-02-26 11:53:05,ok
Aplikasi yg bikin efisien waktu,5,0,2.5.7,2.5.7,2023-02-20 20:47:41,aplikasi bikin efisien waktu
"Tiketnya habis semua, suruh ke agen. Minimal kasih tau lah harganya biar mantep pergi ke agen.",1,11,2.5.8,2.5.8,2023-02-20 10:08:15,tiket habis suruh agen minimal kasih tau harga biar mantep pergi agen
"Tidak bisa beli tiket online,, perjalanan HDD 177 kurang baik. Jgn paksakan perjalalanan yg bukan jadwal driver. Jd nya penumpang merana. Menu makanan mulai menurun.",3,0,,Unknown,2023-02-20 07:15:16,tidak beli tiket online jalan hdd jgn paksa perjalalanan bukan jadwal driver tumpang merana menu makan turun
Top bgt,5,0,2.5.7,2.5.7,2023-02-20 06:11:59,top banget
Khusus Rosalia indah bandar Lampung selalu tidak sesuai jadwal di jadwal brangkat jam 18.00 tapi pas sampe terminal saya harus nunggu bus sampai jam 1 malam. Tolong di tingkat kan lagi kinerjanya 🙏,1,1,2.5.8,2.5.8,2023-02-19 01:08:10,rosalia indah bandar lampung tidak sesuai jadwal jadwal brangkat jam sampe terminal nunggu bus jam malam tolong tingkat kerja
"Fasilitas toilet kurang rapi/bersih, ram/plafon ac sering bocor deras, wifi, tv tdk ada audio musik gak nyaman/sesuai selera mayoritas utk penumpang .... soal waktu tempuh sedang ... kurang gesit / lincah, jgn pakai supir lokal karena sering santai dan kaku cara bw mbl ... trims ini saran klo po. ROSIN ongin laris penumpang ... trimd ..",3,0,2.5.7,2.5.7,2023-02-18 23:40:56,fasilitas toilet rapibersih ramplafon ac bocor deras wifi tv tidak audio musik tidak nyamansesuai selera mayoritas tumpang waktu tempuh gesit lincah jgn pakai supir lokal santai kaku bw mbl trims saran po rosin ongin laris tumpang trimd
Ini gimana si aplikasi kok tiketnya semuanya habis. Pada d borong agen apa yah,1,2,2.5.8,2.5.8,2023-02-17 08:45:31,gimana si aplikasi tiket habis borong agen yah
Aplikasinya Bagus Dan Keren Banget,5,0,,Unknown,2023-02-16 15:29:16,aplikasi bagus keren banget
Pelayanan minus banget,1,0,,Unknown,2023-02-16 14:47:06,layan minus banget
Tolong aplikasi nya diperbaikin lagi terimakasih bang gk bisa di pakai bang,5,0,2.5.8,2.5.8,2023-02-16 07:23:29,tolong aplikasi diperbaikin terimakasih bang tidak pakai bang
Keberangkatan bis tidak pernah tepat waktu. Selalu ngaret lebih dari satu jam.,2,0,,Unknown,2023-02-13 11:30:36,berangkat bis tidak waktu ngaret jam
"Kenapa ga pernah bisa dapet tiket, apakah benar2 terbatas. Keterangannya selalu diarahkan untuk mendatangi agen terdekat. Lah apa gunanya ada fasilitas online ???",1,0,2.5.7,2.5.7,2023-02-13 05:36:20,tidak dapet tiket batas terang arah agen dekat guna fasilitas online
Mau pesen tiket malah di suruh ke agen . Terus aplikasi buat apa,1,1,2.5.8,2.5.8,2023-02-10 16:37:09,sen tiket suruh agen aplikasi
Bagus,5,0,,Unknown,2023-02-09 15:17:01,bagus
"Tiketnya sudah diborong Agen2 terdekat yaa, Knp selalu kehabisan bahkan sampai bulan depan pun kehabisan. Gpp biar agen banyak dikunjungi gitu kan, yawes sakarepmuu",1,7,2.5.8,2.5.8,2023-02-08 14:34:18,tiket borong agen dekat yaa knp habis habis gpp biar agen kunjung gitu yawes sakarepmuu
"Aplikasi ini kurang smooth, seharusnya bisa lihat bangku kosong dulu baru isi data dan banyak bug. Coba beli utk anak, sdh boking dan langsung bayar sukses. Tapi cek status gak bisa2. Benar saja saat hari keberangkatan ke agen, data saya hilang katanya. Terpaksa beli ulang cash. Tidak bisa pilih bangku karena tinggal 1 dan posisi tidak enak. Masih nunggu pengembalian dana yg katanya bisa 14 hari baru cair, hadeuh lama sekali. Semoga perjalanan nya lancar dan ada perbaikan dari pihak ROSALIA",2,17,2.5.8,2.5.8,2023-02-08 08:14:01,aplikasi smooth bangku kosong isi data bug coba beli anak sdh boking bayar sukses cek status tidak berangkat agen data hilang paksa beli ulang cash tidak pilih bangku tinggal posisi tidak nunggu kembali dana cair hadeuh moga jalan lancar baik rosalia
Aplikasine piye to ki. Kok ga bisa buat new acount,1,1,2.5.8,2.5.8,2023-02-03 08:17:54,aplikasine piye to ki tidak new acount
Bermanfaat,5,0,2.5.1,2.5.1,2023-02-03 00:13:02,manfaat
bagus aplikasi yang bermanfaat,5,0,2.5.5,2.5.5,2023-01-30 19:43:23,bagus aplikasi manfaat
Aplikasi tidak responsif dan susah dipahami pengguna. Kalo bikin aplikasi usahakan kasih fitur yang jelas dan informatif biar pengguna yang baru pun bisa mengoperasikan dengan mudah. Aplikasi sekarang jelek,2,14,2.5.8,2.5.8,2023-01-28 11:55:14,aplikasi tidak responsif susah paham guna bikin aplikasi usaha kasih fitur informatif biar guna operasi mudah aplikasi jelek
"Untuk Aplikasinya Mohon Segera di Perbaiki, Ada Poinnya Tapi Belum Bisa Ngecek, Oiyaa mau komplain juga terkait Bis Malam, Untuk Pramugaranya Mohon Lebih Sigap dan Cepat Setiap Menangani Penumpang dan Informasikan Juga Bahwa Untuk Pemberangkatan Sore Tidak Diberikan Snack. Sejauh Ini Saya masih konsisten untuk tetap pakai Rosalia Indah Untuk transportasi darat selain kereta. Sukses Selalu Rosalia Indah. Terima kasih dan mohon segera ditanggapi, kalau sudah segera tak kasih 5 bintang",3,0,2.5.7,2.5.7,2023-01-11 11:55:36,aplikasi baik poin ngecek oiyaa komplain kait bis malam pramugara sigap cepat tangan tumpang informasi berangkat sore tidak snack konsisten pakai rosalia indah transportasi darat kereta sukses rosalia indah terima kasih tanggap kasih bintang
Ga niat bikin aplikasi. Kalau sudah pakai aplikasi kenapa harus hubungi agen terdekat??,1,0,,Unknown,2023-01-10 00:13:21,tidak niat bikin aplikasi pakai aplikasi hubung agen dekat
Tidak bisa di pakai. Sllu berhenti di step isi data,1,0,2.5.7,2.5.7,2023-01-09 16:59:09,tidak pakai sllu henti step isi data
mohon tambahkan fasilitas yg terdapat ditiap kelas bus,5,0,2.5.7,2.5.7,2023-01-06 13:27:15,tambah fasilitas tiap kelas bus
aplikasi sampah..tdk bisa digunakan! nyesel download,1,0,2.5.7,2.5.7,2023-01-04 10:03:52,aplikasi sampahtdk nyesel download
Masih blm bisa d pakai aplikasinya,2,0,2.5.7,2.5.7,2023-01-03 20:26:13,blm pakai aplikasi
Good service and konsisten the time,5,0,2.5.7,2.5.7,2023-01-03 11:34:46,good service and konsisten the time
Buat apa buat aplikasi ujung ujungnya tetep suruh hubungi agen... Paraaaaaah nyesel buat akun,1,0,2.5.7,2.5.7,2023-01-01 21:58:13,aplikasi ujung ujung tetep suruh hubung agen paraaaaaah nyesel akun
bagus,5,0,,Unknown,2023-01-01 18:15:37,bagus
Top banget untuk perjalanan jauh...!!!,5,0,,Unknown,2023-01-01 14:37:14,top banget jalan
"CS gajelas, asisten sopir temperamen, bis nya bocor bestie",1,0,2.5.7,2.5.7,2022-12-31 05:21:34,cs gajelas asisten sopir temperamen bis bocor bestie
Aplikasinya sudah ok. Hanya mohon diperbaiki dibagian pembayaran karena terkadang suka error saat akan melakukan pembayaran.,5,0,2.5.7,2.5.7,2022-12-29 22:13:31,aplikasi ok baik bagi bayar terkadang suka error bayar
"Semua pelayanan ok, cuman 2 saja yg kurang. Yang 1 durasi pas pembelian tiket nya di perpanjang, jangan cmn 2 jam. yang ke 2 nya kalau bisa di apk nya di tambahkan fitur edit data penumpang, semisal saya booking tujuan a, nah beberapa jam saya berubah fikiran mau ke tujuan b, itu bisa di rubah data nya, dri mulai jurusan, no kursi semisal mau merubah no kursi. Jd penumpang ga harus email admin / pihak agen. Jd penumpang bisa merubah nya dgn 1x kesempatan.",5,7,2.5.7,2.5.7,2022-12-29 17:13:01,layan ok cuman durasi beli tiket panjang jangan cmn jam aplikasi tambah fitur edit data tumpang booking tuju jam ubah fikiran tuju rubah data dri jurus no kursi rubah no kursi tumpang tidak email admin agen tumpang rubah sempat
Tolong berikan fitur tracking untuk armada karena fitur ini akan sangat membantu,2,0,2.4.9,2.4.9,2022-12-29 13:19:09,tolong fitur tracking armada fitur bantu
Kacau aplikasinya. Berbelit belit. Ribet. Beli tiket aja spt mau kredit puluhan juta,1,0,2.5.7,2.5.7,2022-12-28 15:10:09,kacau aplikasi belit belit ribet beli tiket spt kredit puluh juta
"kalo gabisa dan ganiat buat aplikasi, gausah sok-sokan buat aplikasi, biar ga ribet, malah makin ribet.",1,2,2.5.7,2.5.7,2022-12-27 19:32:48,gabisa ganiat aplikasi gausah soksokan aplikasi biar tidak ribet ribet
"Buat agen yang di jombang gausah banyak gaya deh lo,bus delay 1 jam an gada itikad maaf nya,pas bus dateng kebetulan ditinggal ke kamar mandi buang air kecil di omelin udah kaya orang ke setanan",1,0,2.5.7,2.5.7,2022-12-27 13:36:02,agen jombang gausah gaya deh lobus delay jam an gada itikad maaf nyapas bus dateng tinggal kamar mandi buang air omelin udah kaya setan
Ga bisa liat kode booking,2,0,2.5.7,2.5.7,2022-12-26 17:56:41,tidak liat kode booking
"Udh daftar account-nya, pas mau pilih tgl berangkat dan cek harganya malah zonk...",1,0,2.5.7,2.5.7,2022-12-25 17:54:37,daftar accountnya pilih tgl berangkat cek harga zonk
Rosalia indah langanan terbaik,5,0,,Unknown,2022-12-23 16:44:21,rosalia indah langanan baik
"Sulit digunakan, udh ngisi tujuan, mlh ujung2nya suruh hubungi agen terdekat -_",1,0,2.5.7,2.5.7,2022-12-23 07:04:35,sulit ngisi tuju mlh ujung suruh hubung agen dekat
Berkali-kali pake armada Rosalia indah untuk PP pulkam baru liburan nataru tahun ini di pol Rosalia Bekasi ada pengamen. Bukan masalah ngamennya tapi etika pengamennya. Ngamen kok maksa harus dikasih dengan kata2 ya gitu deh. Semoga kru di pol Rosalia Bekasi bisa menertibkan pengamen2 tsb. Bukan dilarang tp lebih ke tidak memaksa meminta diberi uang. Terimakasih,2,0,2.5.7,2.5.7,2022-12-22 16:20:26,berkalikali pake armada rosalia indah pp pulkam libur nataru tahun pol rosalia bekas amen bukan ngamennya etika amen ngamen maksa kasih gitu deh moga kru pol rosalia bekas tertib amen tsb bukan larang tidak paksa uang terimakasih
Sebenar ny rosalia indah bagus cm sya kmrin pulang tgl 8 desember jm 6 sore ke boyolali dpt bis no pintu 555 itu supir sm kenek / pramugara ny ngga asik ya sya dan ibu sya mau buang sir kecil slalu fi buru2 trs istirahat makan di subang ngga lbih dri 15 menit sya bw ibu ufh sepuh loh tlong supirny yg bener akhirny nahan kencing smpe boyolali krn klu pipis di toilet bis aga repot 🙏🙏🙏 terima kasih,5,1,,Unknown,2022-12-21 18:20:58,benar ny rosalia indah bagus cm sya kmrin pulang tgl desember jm sore boyolali dpt bis no pintu supir sm kenek pramugara ny ngga asik sya sya buang sir slalu fi buru trs istirahat makan subang ngga lbih dri menit sya bw ufh sepuh loh tlong supirny bener akhirny nahan kencing smpe boyolali klu pipis toilet bis aga repot terima kasih
Pesen tanggal berapa pun dari Cikarang keprambanan ga bisa Suruh menghubungi customer servis,1,0,2.5.7,2.5.7,2022-12-20 09:03:20,sen tanggal cikarang keprambanan tidak suruh hubung customer servis
Aplikasi nggak bisa dipake,1,0,2.5.7,2.5.7,2022-12-20 05:55:26,aplikasi nggak dipake
Apa gunanya aplikasi ini kalau suruh booking tiket gak bisa,1,0,2.5.7,2.5.7,2022-12-19 19:15:01,guna aplikasi suruh booking tiket tidak
"App nya sudah baik, cepat dan mudah, tetapi tolong pada nomor handphone jangan di batasi 12 dijit, karena kebanyakan nomor handphone sekarang 13",4,0,,Unknown,2022-12-18 15:53:44,aplikasi cepat mudah tolong nomor handphone jangan batas dijit banyak nomor handphone
aplikasi gak jelas jadwal setengah 6 agen jatake tangerang udh berangkat awal jam 5 malah agen gak buka2 nunggu bis gak datang2 nyampe mau jam 7 baru berangkat...,1,0,2.5.7,2.5.7,2022-12-18 06:29:06,aplikasi tidak jadwal agen jatake tangerang berangkat jam agen tidak buka nunggu bis tidak nyampe jam berangkat
"Aplikasi sampah. Buat apa bikin aplikasi online kl ujung"" nya suruh hubungi agen?",1,0,,Unknown,2022-12-14 19:29:35,aplikasi sampah bikin aplikasi online kl ujung suruh hubung agen
Nyaman dalam pengalaman pertama membuat saya sulit berpaling,5,0,2.5.7,2.5.7,2022-12-14 09:25:08,nyaman alam sulit paling
"MAU KIRIM PAKET DISKON 20% HANYA BERLAKU UNTUK NON MEMBER, TERUS APA GUNANYA NGAJUIN MEMBER. LAWAK BENER INI ORANG",1,0,,Unknown,2022-12-13 17:59:13,kirim paket diskon laku non member guna ngajuin member lawak bener
ROSALIA memang mantap,5,0,2.5.7,2.5.7,2022-12-12 20:01:58,rosalia mantap
"Harus diupdate secara menyeluruh, dari mulai akun hingga tiket yg digunakan",1,1,2.5.7,2.5.7,2022-12-11 11:43:24,diupdate akun tiket
Aplikasinya ga fungsi dengan baik,1,0,2.5.7,2.5.7,2022-12-09 19:04:22,aplikasi tidak fungsi
"Aplikasi gak bisa digunakan. Masa iya pergi ke semua tempat dan semua tanggal gak bisa, cuma disuruh menghubungi agen terdekat. Gimana bisa menghubungi agen terdekat kalo nomornya aja gak ada. Nyesel dah download pdhl katanya bis terbaik.",1,14,2.5.7,2.5.7,2022-12-07 15:11:59,aplikasi tidak iya pergi tanggal tidak suruh hubung agen dekat gimana hubung agen dekat nomor tidak nyesel dah download pdhl bis baik
Lebih praktis dan enak dgn sistem on line. Kita gak usah datang ke tempat tiketing. Semuanya bisa di atasi dgn on line. Mantap,5,0,,Unknown,2022-12-07 07:33:22,praktis sistem on line tidak tiketing atas on line mantap
Mau masuk untuk boking tiket sja susah Gak bisa2 payahhhh,2,0,2.5.7,2.5.7,2022-12-01 17:02:17,boking tiket sja susah tidak payahhhh
"Tolong untuk servis makan nya ditingkat kan lagi, dan untuk bis bis dengan legrest yang terbaru semua kalo bisa, selebihnya sudah bagus🙏",5,0,,Unknown,2022-11-27 02:55:17,tolong servis makan tingkat bis bis legrest baru lebih bagus
Ga yakin lancar...,1,0,2.5.7,2.5.7,2022-11-24 18:24:14,tidak lancar
Tolong Admin diperbaiki lagi apknya. Terutama saat mau mengecek status ticket. Dikolom isi nomer HP hanya bisa 12 digit angka. Sedangkan nomer HP ada yg 13 digit angka,1,1,2.5.7,2.5.7,2022-11-24 14:24:54,tolong admin baik apknya ecek status ticket kolom isi nomer hp digit angka nomer hp digit angka
Kurang mendukung,1,0,2.5.7,2.5.7,2022-11-24 10:54:57,dukung
"Aplikasi ini memudahkan untuk pemesanan tiket.. tetapi masih ada beberapa kekurangan, tiket yang saya pesan tidak muncul di book tiket dan tidak muncul riwayat pemesanan perjalanan yang sebelumnya..",4,1,2.5.7,2.5.7,2022-11-21 10:30:56,aplikasi mudah mesan tiket kurang tiket pesan tidak muncul book tiket tidak muncul riwayat mesan jalan
Mohon ditambahkan fitur top up saldo biar penumpang makin mudah pembayaran ya,5,0,2.5.7,2.5.7,2022-11-21 06:29:17,fitur top up saldo biar tumpang mudah bayar
Bagus,5,0,2.5.5,2.5.5,2022-11-18 18:22:31,bagus
Pencarian unit nya agak susah!,1,0,2.5.7,2.5.7,2022-11-18 08:51:27,cari unit susah
Aplikasinya tidak berfungsi,1,0,2.5.7,2.5.7,2022-11-16 18:36:44,aplikasi tidak fungsi
aplikasi mainan ini mah login susah ga bisa cari tiket apalagi,1,0,2.5.7,2.5.7,2022-11-16 17:59:19,aplikasi main mah login susah tidak cari tiket
"kecewa dengan rosin, uang saya menghilang setengah juta cuma karna pihak rosin tidak memberi kabar jika peraturan bus berubah",1,0,,Unknown,2022-11-16 14:50:42,kecewa rosin uang hilang juta karna rosin tidak kabar atur bus ubah
Apk TAi....,1,0,2.5.4,2.5.4,2022-11-16 14:25:31,aplikasi tai
Armada bus keren...!!!,5,0,,Unknown,2022-11-14 07:35:19,armada bus keren
Cari tiket di semua tanggal ga ada keluar aplikasinya rusak Disuruh hub agent terdekat tapi tiap nelfon agent ga ada yang nyambung,1,0,2.5.7,2.5.7,2022-11-13 11:28:27,cari tiket tanggal tidak aplikasi rusak suruh hub agent dekat nelfon agent tidak nyambung
Pihak Rosalia indah tolong donk buka rute Bandung malang donk biar bisa meramaikan per bisan di kota bandung,5,0,,Unknown,2022-11-11 15:31:04,rosalia indah tolong donk buka rute bandung malang donk biar ramai bisan kota bandung
Pelayanan PO bus terbaik,5,0,,Unknown,2022-11-08 05:30:28,layan po bus baik
"Pelayanan mantabb , I like it kenapa hilang gak bisa dindownload lagi aplikasinya",5,0,2.4.3,2.4.3,2022-11-01 20:01:46,layan mantabb like it hilang tidak dindownload aplikasi
Aplikasi aneh .kode di kirim ko salah2 mulu,1,0,2.5.7,2.5.7,2022-10-29 21:47:07,aplikasi aneh kode kirim ko salah mulu
"Beli tiket online, pembayaran lewat mbanking bca berhasil, tapi kata adminnya uang saya ga masuk. Masa saya disuruh bayar lagi di Indomaret???? Udah nyoba komplain ke CS nya, jawabannya cuma mbulet ae..",1,0,2.5.7,2.5.7,2022-10-29 14:39:28,beli tiket online bayar mbanking bca hasil adminnya uang tidak suruh bayar indomaret udah nyoba komplain cs jawab mbulet ae
"Saya pesan tiket online super top jadwal berangkat bus jam 14.00, tapi sejak jam 09.30 di telp belasan kali oleh agen bis MADIUN. Telp tidak saya angkat. Ketika menukarkan tiket petugas tiket marah. Ya saya jawab ini kan jadwal berangkat jam 14.00 dan saya tidak lewat jadwal. Diperjalanan isi tas: 1 laptop, 1 hp, uang di dompet hilang. Padahal tas selalu saya bawa saat bis berhenti. Barang hilang di dalam bis saat bis jalan. Saya komplain cs rosin, jawabannya barang tanggung jawab penumpang. 😡",1,0,2.5.7,2.5.7,2022-10-28 18:10:00,pesan tiket online super top jadwal berangkat bus jam jam telp bas agen bis madiun telp tidak angkat tukar tiket tugas tiket marah jadwal berangkat jam tidak jadwal jalan isi tas laptop hp uang dompet hilang tas bawa bis henti barang hilang bis bis jalan komplain cs rosin jawab barang tanggung tumpang
"simple dan mudah digunakan, banyak pilihan menunya",5,0,2.5.7,2.5.7,2022-10-27 08:11:30,simple mudah pilih menu
"CL 407 di agen bekasi tertera keberangkatan 14.30, di agen cikarang juga jam nya 14.30 Ini informasi yang menyesatkan. Mohon diupdate. Waktu sangat berharga min.",1,0,2.5.7,2.5.7,2022-10-21 15:24:21,cl agen bekas tera berangkat agen cikarang jam informasi sesat diupdate waktu harga min
Susah sekali appsnya. Tidak bisa digunakan,1,0,2.5.7,2.5.7,2022-10-21 13:37:02,susah appsnya tidak
Appsnya untuk booking tiket susah sekali. Benar yg menurut tanggal komentar sebelum saya. Susah inilah susah itulah susah semuanyalah. Mohon untuk diperbaiki kedepannya Terimakasih,1,0,,Unknown,2022-10-21 12:24:18,appsnya booking tiket susah tanggal komentar susah susah susah semua baik depan terimakasih
Sebaiknya hire tester sebelum merilis aplikasi,1,0,2.5.7,2.5.7,2022-10-20 19:32:12,hire tester rilis aplikasi
"Opsi metode pembayaran yang tersedia kurang memadai. Seharusnya, untuk pembayaran lewat transfer bank, sediakan juga pembayaran lewat BNI, BRI, dan Mandiri. Lalu kalau kita udah pilih metode pembayaran, sayangnya gak bisa ganti ke metode pembayaran yang lain. Selain itu, kalau status tiket perjalanan bus masih 'menunggu pembayaran' sementara saya memilih keluar dari halaman pembayaran terlebih dulu, gak bisa melanjutkan untuk melakukan pembayaran. Sekian kritik dari saya terhadap aplikasi ini.",1,0,,Unknown,2022-10-17 16:08:59,opsi metode bayar sedia pada bayar transfer bank sedia bayar bni bri mandiri udah pilih metode bayar sayang tidak ganti metode bayar status tiket jalan bus tunggu bayar pilih halaman bayar tidak lanjut bayar sekian kritik aplikasi
Oke,5,0,,Unknown,2022-10-17 11:48:08,oke
"Armada bgs tp aplikasinya jauh dr kata bgs, setiap pesan tiket selalu tdk bs , mohon untuk di benahi agar setiap pengguna apkikasi ini dipermudah untuk boking tiket",2,0,2.5.7,2.5.7,2022-10-16 19:15:28,armada bgs aplikasi dr bgs pesan tiket tidak benah guna apkikasi mudah boking tiket
"Sering naik bis ini, nyaman...tetapiiiiii fasilitas WiFi nya tidak di kasih dengan alasan baru diperbaiki, sedangkan layar tv memakai koneksi WiFi,,tolong di perbaiki lagi layanan nya",2,0,,Unknown,2022-10-16 19:08:11,bis nyamantetapiiiiii fasilitas wifi tidak kasih alas baik layar tv pakai koneksi wifitolong baik layan
Praktis & Cepat 👍,5,0,,Unknown,2022-10-15 18:06:30,praktis cepat
CALL CENTER Bungurasih sering tidak membalas keluhan & pertanyaan,2,0,2.5.7,2.5.7,2022-10-14 02:55:56,call center bungurasih tidak balas keluh
Lebih ditingkatkan lagi,5,0,2.5.7,2.5.7,2022-10-13 20:17:28,tingkat
Tidak nyaman dan skrng Rosalia perjalanan makin Lambat Terhambat Solar.. Masih ada Armada yg tidak ada Toilet..,1,0,,Unknown,2022-10-08 13:03:03,tidak nyaman skrng rosalia jalan lambat hambat solar armada tidak toilet
Aplikasinya susah dlm menu pembayaran. Ketika sudah di boking dan waktu mau bayar dah habis. Tiket yg sdah d boking susah di klik dan mau d bayar susah. Bikin lah pembayaran nya diPermudah aja dlm hal pembayaran jangan setengah2 kl bikin aplikasi.,1,25,2.5.7,2.5.7,2022-10-07 09:13:03,aplikasi susah menu bayar boking waktu bayar dah habis tiket sdah boking susah klik bayar susah bikin bayar mudah bayar jangan kl bikin aplikasi
"Biasanya pelayanan bagus. Tp waktu mau pulang dr Ponorogo ke bogor, harus bayar biaya tambahan bagasi lagi (kata petugas nya dengan alasan karena pembelian tiket nya secara online), dan petugas menyampaikan bahwa kalau beli tiket online seharusnya gak dapat makan juga, sehingga menyarankan untik lain waltu kalau beli tiket langsung ke pool saja. Padahal saya beli melalui aplikasi dari rosalia indah sendiri. Mohon diperbaiki manajemen nya.",3,9,2.5.7,2.5.7,2022-10-05 13:34:38,layan bagus waktu pulang dr ponorogo bogor bayar biaya tambah bagasi tugas alas beli tiket online tugas beli tiket online tidak makan saran untik waltu beli tiket pool beli aplikasi rosalia indah baik manajemen
"Bis bocor nomer bangku 4c dan 4d no bis no. 472,,,, kayaknya udah lama...... Karena Bru ngomong minta tukar bantal petugasnya langsung ngomong no 4c dan 4d... Tolong di perhatikan..... Terima kasih",1,0,2.5.7,2.5.7,2022-10-03 16:24:18,bis bocor nomer bangku no bis no kayak udah bru ngomong tukar bantal tugas ngomong no tolong perhati terima kasih
"Pertama kali download,pertama kali order. Saya fikir,Cukup mudah dimengerti. Pelayanan dari Agen cukup Baik profesional,. Hanya saja Jika bisa diterima masukan dari saya,Begitu memilih pembayaran melalui VA jangan dikenakan Biaya Admin Rp 6.500 dong,Seperti aplikasi Lain Lain.",5,4,2.5.7,2.5.7,2022-10-03 08:18:58,downloadpertama order fikircukup mudah erti layan agen profesional terima masuk sayabegitu pilih bayar va jangan kena biaya admin rp dongseperti aplikasi
ga berfungsi,1,0,2.5.7,2.5.7,2022-10-02 18:59:55,tidak fungsi
"Keberangkatan bus nggak sesuai dengan jadwal, delay kelamaan",2,0,2.5.7,2.5.7,2022-10-01 15:20:28,berangkat bus nggak sesuai jadwal delay
"Aplikasinya sudah lumayan bagus, namun perlu lebih ditingkatkan, terutama untuk opsi pembayarannya, kemudian untuk pemilihan rute nya setidaknya ada estimasi waktu dan transit dimana saja.",3,2,2.5.7,2.5.7,2022-09-30 12:42:03,aplikasi lumayan bagus tingkat opsi bayar pilih rute estimasi waktu transit mana
"Semakin lama rosalia pelayanan buruk, dari saat di resto subang, lauknya gak ada di diemin, air abis, ac bus bocor bikin basah, dll",2,0,,Unknown,2022-09-30 11:11:17,rosalia layan buruk resto subang lauk tidak diemin air abis ac bus bocor bikin basah dll
Gimana sih saya pernah naik bis dan salah beli jumlah tiket gk bisa di return 1 tiket nya terus mana lagi kamar mandi kecil pesing pula pernah juga saya di tinggalin pas ke kamar mandi buruk pokoknya,1,0,,Unknown,2022-09-25 16:44:00,gimana sih bis salah beli tiket tidak return tiket kamar mandi pesing tinggalin kamar mandi buruk pokok
Bagus,5,0,2.5.0,2.5.0,2022-09-24 19:13:06,bagus
"Pembayaran masih ribet gak banyak bank bisa bayar, waktu mau bayar pun susah, mau pesen tiket pun kalau mau kembali malah ulang dari awal, semoga cepet di perbaiki",2,4,2.5.7,2.5.7,2022-09-23 06:38:16,bayar ribet tidak bank bayar waktu bayar susah sen tiket ulang moga cepet baik
Mungkin masukan buat rosalia untuk apk nya metode pembayaran nya ditambah lagi bank nya + jika kita keluar harus nya kode pembayaran itu masih bisa di cek ini tidak coba belajar dari apk lain seperti traveloka karna agak menyusahkan user jika gak sengaja ke close dan kode booking gak bisa di cek + metode pembayaran nya gak bisa di ubah,2,4,2.5.7,2.5.7,2022-09-21 21:32:29,masuk rosalia aplikasi metode bayar tambah bank kode bayar cek tidak coba ajar aplikasi traveloka karna susah user tidak sengaja close kode booking tidak cek metode bayar tidak ubah
Dua dulu,2,0,,Unknown,2022-09-21 21:08:28,
"Pd tgl 12 sep 22 jam 14.00 kami menggunakan rosalia indah no bus 169 dari poll rosin jogja - metro.ditengah perjalan sehabis makan mlm di resto rosin,kita melanjutkan perjalanan tetapi sopir utama(krn kelelahan) digantikan oleh sopir pemgganti.nah yg menjadi keluhan saya sbg pelanggan lama rosin adl sopir pengganti sangat ugal ugal sangat membahayakan NYAWA penumpang & hampir 80% didalam penumpang mabuk semua.beruntungny sesampai disubang akhirnya sopir utama menggantikannya lg smp dgn metro",1,0,2.5.7,2.5.7,2022-09-20 21:23:37,pd tgl sep jam rosalia indah no bus poll rosin jogja metroditengah jalan habis makan mlm resto rosinkita lanjut jalan sopir utamakrn lelah ganti sopir pemggantinah keluh sbg langgan rosin adl sopir ganti ugal ugal bahaya nyawa tumpang dalam tumpang mabuk semuaberuntungny subang sopir utama ganti smp metro
Ga fungsi,1,0,2.5.7,2.5.7,2022-09-15 22:24:56,tidak fungsi
Sesuai dengan experience,5,0,2.5.7,2.5.7,2022-09-15 14:03:37,sesuai experience
"Belu bisa digunakan untuk pemesanan, cuma liat harga aj",1,0,2.5.7,2.5.7,2022-09-13 23:18:22,belu mesan liat harga aj
"Sudah Transaksi, ga ada e-ticket baik dari wa SMS, email ga ada yang masuk.",1,0,2.5.7,2.5.7,2022-09-13 12:15:07,transaksi tidak eticket wa sms email tidak
"Perjalanan bis excutive dari sragen kr jakarta...sragen ke semarang ditempuh 5 jam ,jam 1 berangkat smpai agen semarang jam 6 lebih terus, dari semarang ke jakarta 6-7 jam...sragen jakarta total 12 jam perlu dibenahi systemnya..seharusnya penumpang yg sragen dan solo jgn dijadikan 1 dengan penumpang boyolali solotigo semarang...haduuuh kacau nih systemnya",1,0,2.5.7,2.5.7,2022-09-11 18:43:49,jalan bis excutive sragen kr jakartasragen semarang tempuh jam jam berangkat smpai agen semarang jam semarang jakarta jamsragen jakarta total jam benah systemnyaseharusnya tumpang sragen solo jgn jadi tumpang boyolali solotigo semaranghaduuuh kacau nih systemnya
Sangat memuaskan,4,0,,Unknown,2022-09-10 19:01:07,muas
sangat puas sekali,5,0,,Unknown,2022-09-09 22:52:21,puas
"Aplikasi lawak, sudah booking eh pas buat bayar nggk bisa.",1,1,2.5.7,2.5.7,2022-09-08 07:35:01,aplikasi lawak booking eh bayar nggk
"suka ga bisa milih tiket, stuck di pilih rute",1,0,2.5.7,2.5.7,2022-09-05 08:25:07,suka tidak milih tiket stuck pilih rute
Bus tidak tepat waktu masa nunggu sampe 3 jam an,1,0,2.5.7,2.5.7,2022-09-02 21:31:07,bus tidak waktu nunggu sampe jam an
"Aplikasi ini sgt membantu buat butuh cepat. Untuk saran: 1. No hp bisa sampai 13digit 2. Kode booking dan kode pembayaran ada di riwayat, spy bisa di cek ulang.",3,2,2.5.7,2.5.7,2022-09-02 12:27:37,aplikasi sgt bantu butuh cepat saran no hp digit kode booking kode bayar riwayat spy cek ulang
Oke,5,0,2.5.5,2.5.5,2022-08-28 23:02:23,oke
"Mode pembayaran tiket gk bisa m-banking, Harus lari ke alfamart/indomart",1,0,2.5.7,2.5.7,2022-08-28 17:59:27,mode bayar tiket tidak mbanking lari alfamartindomart
Pelayanan sangat baik,5,0,2.5.7,2.5.7,2022-08-24 16:51:59,layan
"Perlu di perbaiki aplikasinya, kok sering kembali ke unistall aplikasi.",3,1,2.5.7,2.5.7,2022-08-22 02:58:35,baik aplikasi unistall aplikasi
Jossssss,5,0,2.5.7,2.5.7,2022-08-21 23:20:12,jossssss
"MasyaAllah,",4,0,2.5.7,2.5.7,2022-08-21 11:57:14,masyaallah
"Bintang tiga aja ya, kode booking mau di trace lagi gak bisa",3,0,2.5.7,2.5.7,2022-08-20 16:08:44,bintang kode booking trace tidak
bagus sangat memuaskan,5,0,2.5.7,2.5.7,2022-08-20 13:59:25,bagus muas
"Pelayanan ok, bus nyaman, cepat sampai tujuan...mantap👍",5,6,2.5.7,2.5.7,2022-08-19 16:35:10,layan ok bus nyaman cepat tujuanmantap
Tiket selalu abis,1,0,,Unknown,2022-08-18 09:09:50,tiket abis
👍❤️,5,0,2.5.7,2.5.7,2022-08-17 23:49:25,
"Ngelagg parahh, aplikasinya sangat lama loadingnyaa!!",1,0,2.5.7,2.5.7,2022-08-17 10:47:15,ngelagg parahh aplikasi loadingnyaa
Sangat membantu.,5,0,2.5.7,2.5.7,2022-08-16 17:54:27,bantu
Kok ke play store trs,1,0,2.5.7,2.5.7,2022-08-16 15:41:31,play store trs
Good service,4,0,2.5.7,2.5.7,2022-08-16 11:54:41,good service
Aplikasi error terus,3,0,2.5.7,2.5.7,2022-08-16 10:37:26,aplikasi error
"Aplikasi msh blm siap, tolong di perbaiki lagi sampe bener2 siap, jgn sampe ada costumer yg kecewa krn kesulitan utk informasi booking tiket ataupun yg lainnya, trimakasih 🙏🙏",3,4,2.5.7,2.5.7,2022-08-15 23:47:23,aplikasi msh blm tolong baik sampe bener jgn sampe costumer kecewa sulit informasi booking tiket trimakasih
Bermanfaat kejar posisi kursi,5,0,2.5.7,2.5.7,2022-08-15 21:34:02,manfaat kejar posisi kursi
Oke deh,5,0,2.5.7,2.5.7,2022-08-15 15:17:43,oke deh
"Aneh, tiap cari tiket d tgl berapa pun abis. Buat ap ad aplikasi online kl msh d suruh dteng di agen terdekat",3,0,2.5.7,2.5.7,2022-08-15 07:05:56,aneh cari tiket tgl abis ap ad aplikasi online kl msh suruh dteng agen dekat
Opsi pertama dalam setiap perjalananku,4,0,2.5.7,2.5.7,2022-08-15 06:36:13,opsi jalan
Bagus,4,0,2.5.7,2.5.7,2022-08-13 22:42:44,bagus
Masih perlu di sempurnakan lagi aplikasinya,3,0,2.5.7,2.5.7,2022-08-13 14:40:38,sempurna aplikasi
Pemesanan susah + ribet,1,0,2.4.9,2.4.9,2022-08-13 11:24:09,mesan susah ribet
Nyaman Aman,5,0,2.5.7,2.5.7,2022-08-12 22:07:13,nyaman aman
Good,5,0,,Unknown,2022-08-12 21:44:43,good
"Mantaf, kalau bisa bisa mepet pesennya tambah top",4,0,2.5.7,2.5.7,2022-08-12 14:13:28,mantaf mepet sen top
Baru install... Coba coba,3,0,2.5.7,2.5.7,2022-08-11 21:48:09,install coba coba
"Aplikasi tidak sesuai, yang saya butuhkan aplikasi lacak paket rosalia express,",1,0,,Unknown,2022-08-11 13:59:31,aplikasi tidak sesuai butuh aplikasi lacak paket rosalia express
Baru instal mudah mudahan membantu dalam pembelian tiket dan servicenya oke,5,0,2.5.7,2.5.7,2022-08-11 10:08:10,instal mudah mudah bantu beli tiket servicenya oke
Aplikasi ini cukup praktis dan membantu,5,0,2.5.7,2.5.7,2022-08-11 05:31:11,aplikasi praktis bantu
Masih perlu update biar bisa keluar dari aplilasi.,3,0,2.5.7,2.5.7,2022-08-10 16:42:30,update biar aplilasi
Praktis untuk pesan tiket,5,0,2.5.7,2.5.7,2022-08-10 16:32:35,praktis pesan tiket
Sangat bagus,5,0,2.5.7,2.5.7,2022-08-10 07:32:27,bagus
Ok,5,0,,Unknown,2022-08-10 04:06:41,ok
Tidak bisa di akses padahal dulu gampang pesen tiket online nya,1,0,2.5.7,2.5.7,2022-08-09 13:33:46,tidak akses gampang sen tiket online
Kerren,5,0,2.5.7,2.5.7,2022-08-09 12:37:08,kerren
Good banget,5,0,2.5.7,2.5.7,2022-08-09 11:58:00,good banget
Sesuai kondisi,5,0,2.5.7,2.5.7,2022-08-09 10:25:11,sesuai kondisi
Goog,4,0,2.5.7,2.5.7,2022-08-08 23:13:32,goog
Not bad ...👍,3,0,2.5.7,2.5.7,2022-08-08 20:29:03,not bad
Karena harus upgrade dulu,3,0,2.5.7,2.5.7,2022-08-08 18:49:48,upgrade
Mantap,5,0,2.5.7,2.5.7,2022-08-08 16:07:50,mantap
"Dunia sementara, akhirat selamanya.",5,0,2.5.7,2.5.7,2022-08-07 20:00:17,dunia akhirat
Ok sip,5,0,2.5.7,2.5.7,2022-08-07 18:58:01,ok sip
Ok,5,0,2.5.7,2.5.7,2022-08-07 16:10:12,ok
Mantab,5,0,2.5.7,2.5.7,2022-08-07 06:37:01,mantab
Ok,5,0,2.5.7,2.5.7,2022-08-07 00:51:43,ok
Bagus,4,0,2.5.7,2.5.7,2022-08-06 21:27:42,bagus
Tiket saya pesen tngal 28 kok bisa berubah tgal 1 gimna nih,5,0,2.5.7,2.5.7,2022-08-06 17:52:49,tiket sen tngal ubah tgal gimna nih
Ribet.. Setiap buka aplikasi,1,0,2.5.7,2.5.7,2022-08-06 13:22:29,ribet buka aplikasi
Ok lah,4,0,2.5.7,2.5.7,2022-08-06 09:32:09,ok
Top markotop,5,0,2.5.7,2.5.7,2022-08-06 08:44:49,top markotop
"Apaan masak cari tiket kosong,ujung²nya di suruh ke agen. Lah kalau ujung2 ke agen buat apa ada app ini bos !!!",1,1,2.5.7,2.5.7,2022-08-06 01:19:27,masak cari tiket kosongujungnya suruh agen ujung agen aplikasi bos
Perjalanan nyaman aman dan cepat,4,0,2.5.7,2.5.7,2022-08-06 00:02:22,jalan nyaman aman cepat
Ok Lebih ditingkatkan aja untuk pelayanan pembelian tiket langsung,5,0,2.5.7,2.5.7,2022-08-05 17:42:24,ok tingkat layan beli tiket
Kurang siap launching,1,0,2.5.7,2.5.7,2022-08-04 21:21:51,launching
"Aplikasi masih belum sempurna, meskipun sudah update setiap masuk diminta update kembali, tidak bisa keluar aplikasi harus tekan home, setelah selesai pembayaran tiket tidak muncul di mytrip dan tidak ada konfirmasi baik wa maupun email.",3,2,,Unknown,2022-08-04 13:16:53,aplikasi sempurna update update tidak aplikasi tekan home selesai bayar tiket tidak muncul mytrip tidak konfirmasi wa email
mantul,5,0,2.5.7,2.5.7,2022-08-04 08:42:14,mantul
Membantu banget,5,0,2.5.7,2.5.7,2022-08-04 07:01:46,bantu banget
Mantap makasih mas,5,0,,Unknown,2022-08-04 01:09:02,mantap makasih mas
"jadwal tidak tepat alias ngawur, saya pesan bus jurusan Purwokerto di aplikasi naik dari Kartasura, saat check in malah dimarahi mbak nya ticketing karena gak bisa naik lewat Kartasura, bisanya lewat gilingan. Jam juga tidak sesuai, harga apalagi selisih lebih malah 10ribu. Udah gitu mbak nya di ticketing Kartasura judes, malah menyalahkan saya kalo harusnya pilih bus cepat. Saya tanya bus cepat apa, katanya DD padahal di aplikasi gak bisa. Zonk. Aplikasi parah, pelayanan apalagi. Sayang sekali",1,10,2.5.7,2.5.7,2022-08-03 20:32:54,jadwal tidak alias ngawur pesan bus jurus purwokerto aplikasi kartasura check in marah mbak ticketing tidak kartasura bisa giling jam tidak sesuai harga selisih ribu udah gitu mbak ticketing kartasura judes salah pilih bus cepat bus cepat dd aplikasi tidak zonk aplikasi parah layan sayang
Saya mau liat jadwalnya gak bisa,3,0,2.5.7,2.5.7,2022-08-03 20:29:45,liat jadwal tidak
"Amanah... Nyaman, aman.. top abis deh Rosalia... Sukses selalu..",5,0,2.5.7,2.5.7,2022-08-02 14:18:10,amanah nyaman aman top abis deh rosalia sukses
"Bintang 3 dl mbah rosi ya, kl nnt di lapangan sesuai ekspektasi sy naikin bintangnya mbah",3,0,2.5.7,2.5.7,2022-08-02 13:52:56,bintang dl mbah ros kl nnt lapang sesuai ekspektasi sy naikin bintang mbah
Bagus,5,0,2.5.7,2.5.7,2022-08-02 13:35:56,bagus
"MOHON DI PERBAIKI PELAYANANNYA, DI APLIKASI, AGEN DAN CS NYA. SUDAH MENGHUBUNGI AGEN, EMAIL DAN MEDSOS. TAPI TIDAK ADA RESPON. CUMA MAU RESCHEDULE JADWAL AJA SUSAHNYA MINTA AMPUN. KAPOK DAH.",1,0,2.5.7,2.5.7,2022-08-02 11:10:07,baik layan aplikasi agen cs hubung agen email medsos tidak respon reschedule jadwal susah ampun kapok dah
"Blum dicoba,ntar klo sdah di coba bgus,ntar bintangnya di tmbah",3,0,2.5.7,2.5.7,2022-08-02 05:44:07,blum dicobantar sdah coba bgusntar bintang tmbah
mantab semoga sukses selalu..joss,5,0,2.5.7,2.5.7,2022-08-01 22:59:40,mantab moga sukses selalujoss
Lumayan busnya. Lokasi dekat rumah di Cibubur,5,0,2.5.7,2.5.7,2022-08-01 20:58:10,lumayan bus lokasi rumah cibubur
Ok,4,0,2.5.7,2.5.7,2022-08-01 20:19:13,ok
Susah mau daftarnya.. Pas dpt kode Verifikasi gk bisa daftar. Dan terus keluar pembaruan aplikasi...,1,0,2.5.7,2.5.7,2022-08-01 20:16:45,susah daftar dpt kode verifikasi tidak daftar baru aplikasi
"Bintang 3 dulu Aplikasi perlu di upgrade, Setelah pemesanan kita tidak dapat konfirmasi tiket, konfirmasi kode booking & pembayaran via wa tidak konsisten kadang dikirim kadang tidak, tiket harus cek sendiri itu pun harus di website kalau di aplikasi hanya status pembayaran saja, Tambahan di ""My trip"" ketika di klik kita harusnya dapat melihat tiket secara detail",3,19,2.5.7,2.5.7,2022-08-01 19:47:25,bintang aplikasi upgrade mesan tidak konfirmasi tiket konfirmasi kode booking bayar via wa tidak konsisten kadang kirim kadang tidak tiket cek website aplikasi status bayar tambah my trip klik tiket detail
Sangat membantu dapat tiket dengan mudah,5,0,2.5.7,2.5.7,2022-08-01 19:27:00,bantu tiket mudah
Mantaaaaap,5,0,2.5.7,2.5.7,2022-08-01 18:56:41,mantaaaaap
Good,5,0,2.5.7,2.5.7,2022-08-01 18:20:15,good
👍👍👍👍,5,0,2.5.7,2.5.7,2022-07-31 22:37:28,
Aplikasi tidak setabil dan selalu ada perintah perbarui,1,0,2.5.7,2.5.7,2022-07-31 21:32:31,aplikasi tidak setabil perintah baru
Sangat membantu,4,0,2.5.7,2.5.7,2022-07-31 19:12:18,bantu
antaaabh...,5,0,2.5.7,2.5.7,2022-07-31 12:50:49,antaaabh
Okok,5,0,2.5.7,2.5.7,2022-07-31 08:39:36,okok
"Aplikasi perlu perbaikan virtual accont tdk bisa disalin ,keluar dr aplikasi trim rosin.",3,0,2.5.7,2.5.7,2022-07-31 08:19:52,aplikasi baik virtual accont tidak salin dr aplikasi trim rosin
Sangat profesional,5,0,2.5.7,2.5.7,2022-07-30 22:49:53,profesional
"Bus jurusan gemolong plupuh perlu di upgrade semua, berangkat jam 6 pagi dari bitung tangerang sampai gemolong hampir jam 12 malam. Mogok 2x di jalan",1,0,2.5.7,2.5.7,2022-07-30 20:54:58,bus jurus golong plupuh upgrade berangkat jam pagi bitung tangerang golong jam malam mogok jalan
Perjalanan pulang ke rumah nyaman Full service,5,1,2.5.7,2.5.7,2022-07-30 11:18:22,jalan pulang rumah nyaman full service
Ok,5,0,2.5.7,2.5.7,2022-07-30 09:35:55,ok
Sangat membantu kembangkan terus unt bisa melayani pelanggan dgn baik,5,0,2.5.7,2.5.7,2022-07-30 09:25:50,bantu kembang unt layan langgan
"dulu sering bolak balik Semarang Jkt naik Rosalia, semanjak harus harus turun di Mangkang jadi males naik Bus.. jauuuh.. btw aplikasi lumayanlah..",4,1,2.5.7,2.5.7,2022-07-29 15:16:35,bolak semarang jkt rosalia semanjak turun mangkang males bus jauuuh btw aplikasi lumayan
"Ini saya booking untuk 1/8/22, kemudian udah byr sesuai virtual acc tapi kok g ada info lunas dari rosalia indah",5,0,2.5.7,2.5.7,2022-07-28 21:43:53,booking udah byr sesuai virtual acc info lunas rosalia indah
Mantap,5,0,2.5.7,2.5.7,2022-07-28 21:43:36,mantap
Mantap,5,0,2.5.7,2.5.7,2022-07-28 15:24:49,mantap
Mantap,5,0,2.5.7,2.5.7,2022-07-28 11:23:47,mantap
super app. thanks.,5,0,,Unknown,2022-07-27 21:22:13,super app thanks
Jos,5,0,2.5.7,2.5.7,2022-07-27 18:10:52,jos
Sangat membantu,5,0,2.5.7,2.5.7,2022-07-27 17:43:32,bantu
"Sementara bintang 3 dulu, karena setiap buka aplikasi ada instruksi untuk memperbaharui aplikasi. Giliran ke Play store isinya suruh uninstall atau buka. Padahal jelas mau buka.",3,6,2.5.7,2.5.7,2022-07-27 16:14:48,bintang buka aplikasi instruksi baharu aplikasi gilir play store isi suruh uninstall buka buka
Oke,5,0,2.5.7,2.5.7,2022-07-27 03:07:59,oke
Mantabb,5,0,2.5.6,2.5.6,2022-07-26 10:38:30,mantabb
"Nyaman, menyenangkan dan memuaskan",4,0,2.5.7,2.5.7,2022-07-25 21:54:04,nyaman senang muas
👍🏼,5,0,2.5.6,2.5.6,2022-07-25 20:53:41,
"Bus Rosalia indah Cepat nyaman tepat waktu , harus di pertahankan slogan tersebut.",5,0,2.5.7,2.5.7,2022-07-24 22:54:43,bus rosalia indah cepat nyaman waktu tahan slogan
"Sangat membantu,no ribet lgsg dpt tiket",5,0,2.5.7,2.5.7,2022-07-23 22:27:04,membantuno ribet lgsg dpt tiket
Pelayanan bagus tapi sayang Aplikasi tidak bisa di update dan tolong untuk pembayaran ditambahkan bank mandiri m banking nya ya biar enak bayar nya,5,1,2.5.7,2.5.7,2022-07-23 21:03:44,layan bagus sayang aplikasi tidak update tolong bayar bank mandiri banking biar bayar
Sudah lama saya kalau ke Jkt ..pasti naik bus Rosalia indah . Dengan management personel nya yang baik dan bagus ..jadi Bus Rosalia Indah ...selalu jawaban bila perjalanan darat ke Jkt dari solo. Semoga management PO Rosalia Indah terus maju dan inovasi,5,0,2.5.7,2.5.7,2022-07-23 18:27:48,jkt bus rosalia indah management personel bagus bus rosalia indah jalan darat jkt solo moga management po rosalia indah maju inovasi
Mantab nih po rosin,5,0,2.5.6,2.5.6,2022-07-23 17:52:37,mantab nih po rosin
Gak bingung lagi cari kendaraan pulang kampung,5,0,2.5.7,2.5.7,2022-07-23 10:09:48,tidak bingung cari kendara pulang kampung
Mudah dan manfaat,5,0,2.5.7,2.5.7,2022-07-23 06:35:47,mudah manfaat
Mantap,5,0,2.5.7,2.5.7,2022-07-22 16:34:07,mantap
Baru diinstall ko sudah minta update ya..?,3,0,2.5.7,2.5.7,2022-07-22 06:53:03,diinstall ko update
So far so good,4,0,2.5.7,2.5.7,2022-07-22 05:09:54,so far so good
Mantaap,5,0,2.5.7,2.5.7,2022-07-21 21:50:52,mantaap
Oke,5,0,,Unknown,2022-07-21 08:15:45,oke
TOP BGT,5,0,2.5.7,2.5.7,2022-07-20 17:18:44,top banget
Good,5,0,2.5.7,2.5.7,2022-07-19 20:54:57,good
setelah update hanya muncul kelas VIP saja?,3,0,,Unknown,2022-07-19 18:16:49,update muncul kelas vip
Top,5,0,,Unknown,2022-07-19 17:35:46,top
"Sementara sy kasih bintang 3 dulu, karena sy belum pernah naik Firs class dari Semarang ke Jakarta",3,0,2.5.7,2.5.7,2022-07-19 10:31:45,sy kasih bintang sy firs class semarang jakarta
Ok,5,0,2.5.6,2.5.6,2022-07-19 08:14:50,ok
Kota nya ga lengkap padahal ada agen nya di tempat yg dituju,1,0,2.5.7,2.5.7,2022-07-19 01:29:44,kota tidak lengkap agen tuju
Tidak ribet instalnya,4,0,2.5.7,2.5.7,2022-07-18 23:33:53,tidak ribet instalnya
"Harga tiket murah,fasilitas ok,ramah krunya,bersih,toilet jg bersih.saya pkai RI dr th 2000 sll konsisten dlm pelayanan dan tepat waktu.👍",5,0,2.5.7,2.5.7,2022-07-18 19:58:18,harga tiket murahfasilitas okramah krunyabersihtoilet bersihsaya pkai ri dr th sll konsisten layan waktu
Mantaap,5,0,2.5.7,2.5.7,2022-07-18 08:32:33,mantaap
Bagus,5,0,2.5.7,2.5.7,2022-07-18 07:44:30,bagus
Harap di perbaiki klu ada salah pilih armada hrs kembali lg dari awal...knp tdk bisa hbya yg salh saja yg di edit?,5,0,2.5.7,2.5.7,2022-07-18 05:56:32,harap baik klu salah pilih armada hrs awalknp tidak hbya salh edit
Ehh..cara bayar gimana y.. ko pernah pesen & gk muncul cara bayar...,4,0,2.5.7,2.5.7,2022-07-17 19:15:03,ehhcara bayar gimana ko sen tidak muncul bayar
Ok,5,0,2.5.7,2.5.7,2022-07-17 16:59:03,ok
Ayo RosIn ... Perbaiki lagi aplikasinya!!!,1,0,2.5.7,2.5.7,2022-07-17 12:00:12,ayo rosin baik aplikasi
Ok,5,0,2.5.7,2.5.7,2022-07-17 08:50:08,ok
Ok Om,5,0,2.5.7,2.5.7,2022-07-17 06:41:18,ok om
"Mohon diperbaiki lagi aplikasinya, setelah pembayaran tidak ada konfirmasi lebih lanjut, call center tidak bisa dihubungi lalu harus bagaimana. Agak kecewa",4,0,2.5.7,2.5.7,2022-07-16 19:18:02,baik aplikasi bayar tidak konfirmasi call center tidak hubung kecewa
M U A N T A P S E K A L I,5,0,2.5.7,2.5.7,2022-07-16 16:38:02,
Nyaman dan menyenangkan,5,0,2.5.7,2.5.7,2022-07-16 10:41:39,nyaman senang
MANTUL. Sangat membantu sekali,4,0,2.5.7,2.5.7,2022-07-16 05:57:57,mantul bantu
"Aplikasi harusnya mempermudah ini malah gk jelas tolong d benahi, Agar pelanggan lebih mudah penggunaannya",1,0,,Unknown,2022-07-15 23:18:01,aplikasi mudah tidak tolong benah langgan mudah guna
Aq pulang balik ke jogja selalu naik Rosin...trims..,5,0,2.5.7,2.5.7,2022-07-15 19:46:36,aq pulang jogja rosintrims
Nyoba dulu ya,3,0,2.5.7,2.5.7,2022-07-15 12:58:11,nyoba
Bis nyaman driver halus dan ramah,5,1,2.5.7,2.5.7,2022-07-15 11:29:23,bis nyaman driver halus ramah
Kepencet keluar sebelum kodeboking di simpan dan ga bisa di akses lagi.. gmana mau bayarnya.?,2,0,2.5.7,2.5.7,2022-07-15 09:25:39,pencet kodeboking simpan tidak akses gmana bayar
"Cukup membantu travelling dari & ke Bogor, meski kadang kehabisan utk order mendadak di hari sibuk. Utk aplikasi perlu dikembangkan lagi agar lbh lengkap & friendly.",4,2,2.5.7,2.5.7,2022-07-15 09:17:03,bantu travelling bogor kadang habis order dadak sibuk aplikasi kembang lbh lengkap friendly
Aplikasi digunakan ga bisa. Jawaban selalu ga ada.......,2,2,2.5.7,2.5.7,2022-07-15 08:06:14,aplikasi tidak tidak
Minta update terus,3,0,2.5.7,2.5.7,2022-07-15 05:06:50,update
"Aplikasinya sulit digunain. Coba tolong diperbaiki, metode pembayaran nya lebih fleksible bsa pake m-banking semua bank. Dan bs ubah metode pembayaran juga kalau ragu. Untuk check status aja masih susah! Perbaiki tolong ya!",2,3,,Unknown,2022-07-14 21:21:24,aplikasi sulit digunain coba tolong baik metode bayar fleksible bsa pake mbanking bank ubah metode bayar ragu check status susah baik tolong
Oke,4,0,,Unknown,2022-07-14 20:50:51,oke
Sudah bagus tetapi agak sulit jika pesan dari kampung halaman sering tidak bisa pesan melalui apk mohon di upgrade lg dan belum tau soal poin yg didapat bisa digunakan atau cuma poin untuk level pengguna,5,2,2.5.7,2.5.7,2022-07-14 15:23:15,bagus sulit pesan kampung halaman tidak pesan aplikasi upgrade tau poin poin level guna
Keren,5,0,2.5.6,2.5.6,2022-07-14 13:55:17,keren
Woii gimana nih operator gak bisa di hubungin habis pembayaran gak bisa di cek status di aplikasi perbaiki sistem nya dong,1,0,2.5.6,2.5.6,2022-07-14 13:33:39,woii gimana nih operator tidak hubungin habis bayar tidak cek status aplikasi baik sistem
minta di update tapi nggak bisa update.,3,0,2.5.6,2.5.6,2022-07-14 11:03:09,update nggak update
sangat kecewa dg pihak rosalia saat naik dari cibubur ke purwantoro banyak problem di jalan.di awali dr agen saat mau naik hdd 546 selang skitar 1/2 jam agen minta tiket dan bilng klau bus nya ganti hdd 494 tapi saat di rumah makn crew bilng busnya ganti lagi hdd 415 trs jalan baru skitr 4 jam bus mogok dg kerusakan parah. sudah ad 2 jam jg blum ad bus penganti dan crew jg gak ad informasi yg d tunggu2 padahal mobil storing jg sudah dtang. jika busnya belum 100% siap brngkt jangn di paksakan.,1,2,2.5.6,2.5.6,2022-07-14 01:34:01,kecewa dg rosalia cibubur purwantoro problem jalandi awal dr agen hdd selang skitar jam agen tiket bilng klau bus ganti hdd rumah makn crew bilng bus ganti hdd trs jalan skitr jam bus mogok dg rusa parah ad jam blum ad bus anti crew tidak ad informasi tunggu mobil storing dtang bus brngkt jangn paksa
"Pelayanan cs oke banget, cepat dan tanggap. Recomended deh.. Sayangnya mo kluar dr aplikasi tidak bisa",5,1,2.5.6,2.5.6,2022-07-13 23:38:25,layan cs oke banget cepat tanggap recomended deh sayang mo kluar dr aplikasi tidak
Nyippp,5,0,2.5.6,2.5.6,2022-07-13 23:32:56,nyippp
Mtaf,5,0,2.5.6,2.5.6,2022-07-13 20:48:42,mtaf
Good job,5,0,2.5.6,2.5.6,2022-07-13 13:52:22,good job
Bus Atar kota luar provinsi yg menjadi kebutuhan pertama untuk bepergian,4,0,2.5.6,2.5.6,2022-07-13 12:47:04,bus atar kota provinsi butuh pergi
👍👍👍,5,0,2.5.6,2.5.6,2022-07-13 05:38:32,
"Saya pengguna setia Rosalia indah PP Palur-Bogor hampir setiap bulan. Baru kali ini kecewa banget, pesan tiket online SuperTop saya memilih kursi 4B, tapi saat cetak saya tidak memperhatikan ternyata kursi berubah jadi 6B, dengan PD nya saya naik ke bus duduk di kursi nomor 4B, kemudian pramugari memberitahu kursi saya 6B, lucu banget bisa berubah sendiri, kalau saya sadar saat cetak bisa saya komplain langsung disana ini sudah di dalam bis, saya bisa apa???",1,3,2.5.6,2.5.6,2022-07-13 01:05:41,guna setia rosalia indah pp palurbogor kecewa banget pesan tiket online supertop pilih kursi cetak tidak perhati kursi ubah pd bus duduk kursi nomor pramugari memberitahu kursi lucu banget ubah sadar cetak komplain sana bis
Nice,4,0,2.5.6,2.5.6,2022-07-12 21:07:36,nice
Ok,5,0,2.5.6,2.5.6,2022-07-12 11:47:17,ok
"Aplikasi masih belum matang, banyak terjadi bug. Update versi terbaru malah tidak bisa masuk ke menu pembayaran, sedangkan saat dikembali tiketnya sudah terbooking.",3,0,,Unknown,2022-07-12 10:15:43,aplikasi matang bug update versi baru tidak menu bayar kembali tiket terbooking
Terlantar. Habis solar..,1,0,2.5.6,2.5.6,2022-07-11 23:32:42,lantar habis solar
Armada dan pelayan bagus,5,0,2.5.6,2.5.6,2022-07-11 20:26:20,armada layan bagus
"Sementara bintang 2 dlu, karena saya sudah membuat akun baru dan sudah terverifikasi bahwa akun tsb sudah terbuat. tapi belum bs masuk dan ad tulisan bahwa ""belum terdaftar"" Mohon admin untuk menindak lanjuti",2,0,2.5.6,2.5.6,2022-07-11 10:58:29,bintang dlu akun verifikasi akun tsb buat ad tulis daftar admin tindak lanjut
Membantu...dan armada nya t.o.p,5,0,2.5.0,2.5.0,2022-07-11 09:40:21,membantudan armada top
Ok,5,0,2.5.6,2.5.6,2022-07-10 20:06:40,ok
"Dulu ini bus kesayangan gw banget, tapi semenjak kejadian 30 juni 2022 kmren 1 tas gw hilang dibagasi. Gada tanggung jawab sama sekali. Malah gw disalah2in pas udah nyampe di grogol. Dikasih nomor telpon kondekturnya ditelpon ga pernah diangkat. Dm instagram rosalia juga ga pernah digubris. Moga berkah terus ya.",1,1,,Unknown,2022-07-10 14:57:38,bus sayang gw banget semenjak jadi juni kmren tas gw hilang bagasi gada tanggung gw disalahin udah nyampe grogol kasih nomor telpon kondektur telpon tidak angkat dm instagram rosalia tidak gubris moga berkah
Ok,5,0,2.5.6,2.5.6,2022-07-10 09:07:41,ok
Ok,5,0,2.5.6,2.5.6,2022-07-10 04:59:31,ok
Aplikasi guoblok,1,0,,Unknown,2022-07-09 12:53:40,aplikasi guoblok
Cukup membantu dan mempermudah 🙏,5,0,2.5.6,2.5.6,2022-07-09 09:13:40,bantu mudah
Keren,5,0,,Unknown,2022-07-09 02:42:09,keren
ok,5,0,2.5.6,2.5.6,2022-07-08 23:55:17,ok
Baru masuk kok harus update,4,0,2.5.6,2.5.6,2022-07-08 22:00:36,update
Ok,5,0,2.5.6,2.5.6,2022-07-08 21:57:24,ok
👍,5,0,2.5.6,2.5.6,2022-07-08 21:38:31,
Cek tiket bus tidak bisa atau tidak kluar harga tiketya,4,0,2.5.6,2.5.6,2022-07-08 21:02:13,cek tiket bus tidak tidak kluar harga tiketya
membantu,4,0,2.5.6,2.5.6,2022-07-08 19:54:22,bantu
Dear admin.. sangat disayangkan sekali.. pesan armada super top shd jauh2 hari bayar lunas via aplikasi ini. Pada hari H ada pemberitahuan via telp dari rosin ciputat bahwa armada diubah menjadi eks plus dgn alasan tdk dapat kiriman armada dari pusat. Untuk apa para customer booking via aplikasi kalau praktik di lapangan berbeda dgn aplikasi. Cukup terobati karna kru di dalam armada jempol pelayanannya. Demikian terima kasih.,3,4,2.5.6,2.5.6,2022-07-08 18:50:16,dear admin sayang pesan armada super top shd bayar lunas via aplikasi pemberitahuan via telp rosin ciputat armada ubah eks plus alas tidak kirim armada pusat customer booking via aplikasi praktik lapang beda aplikasi obat karna kru armada jempol layan terima kasih
Aplikasinya sangat berguna sekali untuk membantu Anda melihat ketersediaan tiket semua jurusan..,5,0,2.5.6,2.5.6,2022-07-08 17:25:34,aplikasi guna bantu sedia tiket jurus
"Hanya Rosalia Indah yang bisa dipercaya & pelayanannya istimewa, karena pernah ditelantarkan bus lain",5,0,2.5.6,2.5.6,2022-07-08 15:50:51,rosalia indah percaya layan istimewa telantar bus
"Menurut saya aplikasinya kurang bagus. Masih banyak yang perlu di perbaiki. Usahakan bikin aplikasi itu yg bisa membantu dan mudah di pelajari, / di fahami bagi masyarakat awam, Supaya tidak membingungkan bagi yang belum tau.",1,16,2.5.6,2.5.6,2022-07-08 13:22:12,aplikasi bagus baik usaha bikin aplikasi bantu mudah ajar fahami masyarakat awam tidak bingung tau
Selalu tepat waktu,5,0,2.5.6,2.5.6,2022-07-08 09:01:13,waktu
Ok banget,5,0,2.5.6,2.5.6,2022-07-07 14:42:13,ok banget
cari tiket surabaya jogja gak ada semua,1,0,2.5.6,2.5.6,2022-07-07 13:35:26,cari tiket surabaya jogja tidak
B2 dulu ya..blm maksimal pakai aplikasi ini soalnya..,2,0,2.5.6,2.5.6,2022-07-07 12:48:15,yablm maksimal pakai aplikasi
Good,5,0,2.5.6,2.5.6,2022-07-07 12:00:28,good
Nyaman,4,0,2.5.6,2.5.6,2022-07-07 08:59:23,nyaman
Mantap,5,0,2.5.6,2.5.6,2022-07-06 22:36:44,mantap
Pengalaman yang telah mengikuti perjalanan rute bogor malang. Untuk ranting armada dan kru nya 👍 hanya saja menu makan nya tidak gunta ganti.,5,0,2.5.6,2.5.6,2022-07-06 22:21:45,alam ikut jalan rute bogor malang ranting armada kru menu makan tidak gunta ganti
Bagus,4,0,2.5.6,2.5.6,2022-07-06 19:40:15,bagus
Like,5,0,2.5.6,2.5.6,2022-07-06 18:45:31,like
Te o pe be ge te...,5,0,,Unknown,2022-07-06 15:13:35,te pe be ge te
Alhamdulillah bisa liat ketersediaan tiket.. Cukup membantu aplikasinya,5,0,2.5.6,2.5.6,2022-07-06 09:56:16,alhamdulillah liat sedia tiket bantu aplikasi
Mantap,5,0,2.5.6,2.5.6,2022-07-05 23:26:01,mantap
Selalu utamakan keselamatan dan waktu subuh kalau bisa berhenti solat subuh dulu,5,1,2.5.6,2.5.6,2022-07-05 19:14:09,utama selamat waktu subuh henti solat subuh
"Pelayanan memuaskan, terus ditingkatkan.",5,1,2.5.6,2.5.6,2022-07-05 16:42:53,layan muas tingkat
Ok,5,0,2.5.6,2.5.6,2022-07-05 12:18:13,ok
"Ini aplikasi buat apa ya? Masa ga bisa buat pesan tiket, isi tanggal keberangkatan sudah, lokasi awal dan tujuan sudah, jumlah penumpang sudah, kelas juga sudah. Klik cari tiket, yg keluar di layar ""Mohon maaf, silahkan anda menghubungi PO. RosIn atau agen terdekat. Niat install beginian biar ga k agen, tapi kok malah begini",1,0,,Unknown,2022-07-05 12:13:34,aplikasi tidak pesan tiket isi tanggal berangkat lokasi tuju tumpang kelas klik cari tiket layar maaf silah hubung po rosin agen dekat niat install biar tidak agen
No rekomended Sesama bank kog d kasih biaya admin Payahh,1,0,2.5.5,2.5.5,2022-07-05 09:09:39,no rekomended bank kog kasih biaya admin payahh
"Aksesnya muter. Setelah masuk ke beranda diminta update applikasi, tetapi nggak ada update aplikasi. Yang ada langsung buka akses lagi, nggak bisa langsung.",3,3,2.5.6,2.5.6,2022-07-05 08:18:50,akses muter beranda update applikasi nggak update aplikasi buka akses nggak
Aplikasinya bnr2 nggak jelas.. Tim IT nya krg bs menyajikan UI dg baik.. Perlu perbaikan.. Contohlah aplikasi travel yg lain..,1,2,2.5.6,2.5.6,2022-07-05 06:22:58,aplikasi bnr nggak tim it krg saji ui dg baik contoh aplikasi travel
Tiap searching tiket not available trs mau tanggal berapapun. Sebenernya aplikasi nya bisa ngelink ga sih?!,1,0,2.5.6,2.5.6,2022-07-05 00:46:51,searching tiket not available trs tanggal sebenernya aplikasi ngelink tidak sih
Mantul,5,0,2.5.6,2.5.6,2022-07-04 23:15:38,mantul
Mantaap ada progress,5,0,2.5.6,2.5.6,2022-07-04 21:04:20,mantaap progress
Aplikasi nya bagus,5,0,2.5.6,2.5.6,2022-07-04 20:52:22,aplikasi bagus
tolong di perbaiki lagi,4,0,,Unknown,2022-07-04 18:42:04,tolong baik
"Aplikasi sangat belum siap dalam proses booking dan transaksi, kode pembayaran tidak bisa diakses kembali saat sudah keluar, dan bahkan kode booking juga tidak bisa diakses jika sudah selesai transaksi kalau sudah kembali Ini kemudian bagaimana untuk penyelesaiannya? Bahkan selesai lunas pembayaran pun tdk ada konfirmasi seperti di email atau tiket kita Mohon perbaiki dahulu, coba tiru seperti e commerce lain yg sudah proper atau join pada mereka demi kenyamanan pengguna saat pemesanan",2,71,2.5.6,2.5.6,2022-07-04 13:34:48,aplikasi proses booking transaksi kode bayar tidak akses kode booking tidak akses selesai transaksi selesai selesai lunas bayar tidak konfirmasi email tiket baik coba tiru commerce proper join nyaman guna mesan
Good app,4,0,2.5.6,2.5.6,2022-07-04 05:06:14,good aplikasi
Ok,5,0,2.5.6,2.5.6,2022-07-04 01:31:17,ok
"Sejak th 2000 ketika itu saya bertugas di Kediri Jatim sudah menjadi member Rosin Begitu juga ketika dimutasi ke Wonosobo masih menjadi member kini tugas di Lampung, hanya Rosin yang aku percaya dan memuaskan dari pelayanan dan armadanya tambah bagus krunya tidak ugalugalan. Pokoknya Rosin tetap no wahid dihatiku...👍🏻👍🏻👍🏻",5,0,2.5.6,2.5.6,2022-07-03 18:48:33,th tugas diri jatim member rosin mutasi wonosobo member tugas lampung rosin percaya muas layan armada bagus kru tidak ugalugalan pokok rosin no wahid hati
busnya good..!,5,0,2.5.6,2.5.6,2022-07-03 12:57:23,bus good
Sangat membantu,5,0,2.5.6,2.5.6,2022-07-03 12:52:17,bantu
Mantul,5,0,,Unknown,2022-07-03 11:15:38,mantul
"Dulu mau booking aplikasinya masih ribet, tapi sekarang udh praktis dan memudahkan, keren rosalia indah, semoga terus berinovasi 👍",5,0,2.5.6,2.5.6,2022-07-03 08:11:18,booking aplikasi ribet praktis mudah keren rosalia indah moga inovasi
Mantap... Rosalia memang Indah selama perjalanan,5,0,2.5.6,2.5.6,2022-07-02 21:05:51,mantap rosalia indah jalan
Segera di update sistem pembayaran hanya tampil di WEB ..susah buat kami mau bayar kalo jaringan error maka tidak tampil kode pembayaran..jadi gantung pesanan saya..mau bayar bingung soalnya kode pembayaran tidak ada di aplikasi hanya kode boking aja,2,1,2.5.6,2.5.6,2022-07-02 19:21:28,update sistem bayar tampil web susah bayar jaring error tidak tampil kode pembayaranjadi gantung pesan sayamau bayar bingung kode bayar tidak aplikasi kode boking
Lumayan aplikasinya,4,0,2.5.6,2.5.6,2022-07-02 18:45:32,lumayan aplikasi
Vendornya jelek,1,0,2.5.6,2.5.6,2022-07-02 17:17:03,vendor jelek
Untuk pembayarannya sangat ribet. Versi web dan aplikasinya tidak sincron,1,0,2.5.6,2.5.6,2022-07-02 17:08:53,bayar ribet versi web aplikasi tidak sincron
Oke,5,0,2.5.6,2.5.6,2022-07-02 15:22:14,oke
"Aplikasi ringan simpel gampang di gunakan, tapi metode pembayaran kurang lengkap, tolong di tabahin bisa bayar lewat aplikasi BRIMO dari bank BRI",5,0,2.5.6,2.5.6,2022-07-02 13:27:59,aplikasi ringan simpel gampang metode bayar lengkap tolong tabahin bayar aplikasi brimo bank bri
"Kurang baik ya, saya booking lewat pak ini dan sudah bayar, tp pas chek status dan masukan kode booking eh kode booking nya salah katanya, gimana coba",2,0,2.5.6,2.5.6,2022-07-02 09:05:31,booking bayar chek status masuk kode booking eh kode booking salah gimana coba
"Lumayan bagus dan sederhana, tapi masih banyak bug yg harus diperhatikan",4,0,2.5.5,2.5.5,2022-07-01 21:15:02,lumayan bagus sederhana bug perhati
Mantap,5,0,2.5.6,2.5.6,2022-07-01 19:40:31,mantap
Cukup membantu,5,0,2.5.6,2.5.6,2022-07-01 18:14:57,bantu
Good,5,0,2.5.6,2.5.6,2022-07-01 15:14:07,good
"Baru juga didownload udah disuruh update, gimana dah ini aplikasi. 🤦🏽‍♂️",3,0,2.5.6,2.5.6,2022-07-01 15:04:34,didownload udah suruh update gimana dah aplikasi
Hasil pencarian tiket selalu habis dan hrus masih bnyak lgi perbaikan . Pdhal klw k agen masih ada.... Udah sering begini alhasil jd ga bermanfaat bgi saya ni apk. Pelanggan setia ROS IN.,2,0,,Unknown,2022-07-01 14:12:48,hasil cari tiket habis hrus bnyak lgi baik pdhal klw agen udah alhasil tidak manfaat bgi ni apk langgan setia ros in
Luar biasa,5,0,2.5.6,2.5.6,2022-07-01 13:07:18,
Sangat membantu,5,0,2.5.6,2.5.6,2022-07-01 11:30:35,bantu
Ingin coba,5,0,2.5.6,2.5.6,2022-07-01 07:15:51,coba
bagus cuma lodingnya lama,5,0,2.5.6,2.5.6,2022-06-30 21:36:37,bagus lodingnya
Good,5,0,2.5.6,2.5.6,2022-06-30 15:17:10,good
Masih baru coba,4,0,2.5.6,2.5.6,2022-06-30 14:33:20,coba
Nyaman always,5,0,2.5.6,2.5.6,2022-06-30 03:20:39,nyaman always
Ok,5,0,2.5.6,2.5.6,2022-06-29 17:45:09,ok
Mohon perbanyak metode pembayaran ya,5,0,2.5.6,2.5.6,2022-06-29 12:23:15,banyak metode bayar
"setelah up grade tidak bisa booking tiket, stuck di pemilihan tanggal keberangkatan......",4,1,2.5.6,2.5.6,2022-06-29 06:49:54,up grade tidak booking tiket stuck pilih tanggal berangkat
Semoga nyaman menggunakan bus Rosalia indah,5,0,2.5.6,2.5.6,2022-06-28 23:44:06,moga nyaman bus rosalia indah
Ok,5,0,2.5.6,2.5.6,2022-06-28 21:57:19,ok
Good,5,0,2.5.6,2.5.6,2022-06-28 18:33:08,good
Siipp,5,0,2.5.6,2.5.6,2022-06-28 17:15:32,siipp
Belum mencoba,4,0,2.5.6,2.5.6,2022-06-28 12:58:02,coba
Yang dari Cikarang ke palembang kok belum ada,3,0,,Unknown,2022-06-28 12:07:41,cikarang palembang
Tidak ada notif utk peringatan perjalanan,4,0,,Unknown,2022-06-27 19:56:25,tidak notif ingat jalan
Ok,5,0,2.5.4,2.5.4,2022-06-27 19:26:39,ok
Pelayanan memuaskan,5,0,2.5.6,2.5.6,2022-06-27 18:21:33,layan muas
Tidak ada promo,3,0,2.5.6,2.5.6,2022-06-27 14:55:44,tidak promo
Ok lah,5,0,2.5.6,2.5.6,2022-06-27 12:37:23,ok
Ok,5,0,,Unknown,2022-06-27 12:17:31,ok
"Aplikasi perlu diupgrade lagi. Masih ada beberapa kendala. Pertama, tdk bisa keluar aplikasi, harus pencet home dr layar hp. Kedua, pembayaran tiket masih nge link ke website alias tdk include ke apl RI transport. Ketiga, booking setelah lewat 2 jam belum terbayar kursi masih belum bisa dipilih alias nunggu smp 24 jam. Tolong untuk diperhatikan dan menjadi perbaikan untuk tim IT Rosalia",4,64,2.5.5,2.5.5,2022-06-26 21:44:22,aplikasi diupgrade kendala tidak aplikasi pencet home dr layar hp bayar tiket nge link website alias tidak include apl ri transport tiga booking jam bayar kursi pilih alias nunggu smp jam tolong perhati baik tim it rosalia
Web online sering heng,2,0,2.5.6,2.5.6,2022-06-26 18:32:52,web online heng
Sangat Membantu,5,0,2.5.6,2.5.6,2022-06-26 14:43:41,bantu
Mantapp teman dalam perjalanan darat,5,0,2.5.6,2.5.6,2022-06-26 11:00:42,mantapp teman jalan darat
ok,5,0,2.5.6,2.5.6,2022-06-26 10:24:12,ok
"Armadanya bagus, layanannya juga bagus. Saya udah tiga kali nyoba bus Rosalia Indah, pertama menggunakan sleeper; kedua menggunakan double Decker yang bawah; ketiga menggunakan yang tingkat. Saya lebih cocokenggunakan double decker yang bawah, kaki leluasa; kalo mau ke toilet juga dekat.",4,2,2.5.6,2.5.6,2022-06-26 07:39:38,armada bagus layan bagus udah nyoba bus rosalia indah sleeper double decker tiga tingkat cocokenggunakan double decker kaki leluasa toilet
Dengan adanya aplikasi ini sangat membantu informasi tentang PO. Rosalia Indah terutama dlm hal ticketing.,5,0,2.5.6,2.5.6,2022-06-25 19:47:48,aplikasi bantu informasi po rosalia indah ticketing
Kenapa semua tanggal dan semua tujuan tiket habis...,1,0,2.5.6,2.5.6,2022-06-25 19:39:55,tanggal tuju tiket habis
Sip pokok nya,5,0,2.5.6,2.5.6,2022-06-25 15:52:08,sip pokok
semoga lebih jaya,5,0,2.5.6,2.5.6,2022-06-25 13:12:43,moga jaya
Good,5,0,2.5.6,2.5.6,2022-06-25 07:58:34,good
"Sangat membantu saya yg jarak rumah ke agen sangat jauh yang berada diRangkasbitung_Tangerang/Serang,,saran saya tolong pihak pengelola Rosin utk menambah/membuka agen baru didaerah dekat saya,Krn didaerah saya banyak orang perantauan terutama dari Jawa tengah & timur,dan juga didaerah sini belum ada satupun armada bis yg melayani trayek ke Jawa.",4,0,2.5.6,2.5.6,2022-06-25 06:35:57,bantu jarak rumah agen dirangkasbitungtangerangserangsaran tolong kelola rosin menambahmembuka agen daerah sayakrn daerah rantau jawa tengah timurdan daerah satu armada bis layan trayek jawa
"Selalu naik Rosalia indah kalo pulang kampung,,, tapi baru pertama x ini mau mesen tiket online",5,0,2.5.6,2.5.6,2022-06-24 21:40:51,rosalia indah pulang kampung mesen tiket online
Ok,5,0,2.5.6,2.5.6,2022-06-24 14:28:02,ok
Good App 👍 👍,5,0,2.5.6,2.5.6,2022-06-24 08:36:08,good aplikasi
Cepat gak perlu capek2,5,0,2.5.6,2.5.6,2022-06-24 08:02:39,cepat tidak capek
Bagus banget,5,0,2.5.6,2.5.6,2022-06-24 06:28:18,bagus banget
Bikin apk masih blm becus busuk,1,0,,Unknown,2022-06-23 14:56:32,bikin aplikasi blm becus busuk
Bagus,5,0,2.5.6,2.5.6,2022-06-23 13:13:46,bagus
Baik,5,0,2.5.6,2.5.6,2022-06-23 00:18:28,
"Knapa apk rosin kaya gini sekarang ya,,minta di update,,ok aku updet tapi setiap kali buka apk ya suruh updet terus,kenapa ini ,,tolong perbaiki dong,,biar kaya dulu lagi normal gitu",3,1,2.5.6,2.5.6,2022-06-22 23:04:36,knapa aplikasi rosin kaya gin yaminta updateok updet buka aplikasi suruh updet teruskenapa tolong baik dongbiar kaya normal gitu
"Baik pelayanan nya..👍. Utk servis makan nya,mohon waktu nya ditambah.supaya tidak ter buru buru.🙏",5,1,,Unknown,2022-06-22 21:20:59,layan servis makan nyamohon waktu ditambahsupaya tidak ter buru buru
dicoba dulu,5,0,2.5.6,2.5.6,2022-06-22 16:17:59,coba
"Kapok saya naik rosalia bus 146 rutenya gak jelas masak dr tangerang jam 12.30 mau ke smg busnya muter2 aja tangrang kali deres cari penumpang br jamb15.35 jalan arah jawa rugi waktu jadinya. Dr rosalia untuk waktu dan rutenya perjelas lg lah, mana supir kernet agen ditanyain gak jawab lg katanya pelayananya no 1 ternyata ndak sesuai",1,0,2.5.3,2.5.3,2022-06-22 15:40:53,kapok rosalia bus rute tidak masak dr tangerang jam smg bus muter tangrang deres cari tumpang br jamb jalan arah jawa rugi waktu dr rosalia waktu rute jelas supir kernet agen ditanyain tidak pelayananya no ndak sesuai
Ok ..,5,0,2.5.6,2.5.6,2022-06-22 14:03:55,ok
sangat membantu,5,0,2.5.6,2.5.6,2022-06-22 13:18:37,bantu
Di minta update tpi di playstore gak ada keterangan update trus akhirnya erorr.. mohon di perbaiki lagi rasa dari masakan di RM subang yang selalu rasanya hambar dan pelayanan di RM subang yang amat kurang ramah.. beberapa kali saya merekomendasikan teman semua komplain tentang masakan dan pelayanan di RM subang.. Terima kasih🙏🏻,3,0,2.5.6,2.5.6,2022-06-22 01:29:40,update tpi playstore tidak terang update trus erorr baik masakan rm subang hambar layan rm subang ramah rekomendasi teman komplain masakan layan rm subang terima kasih
Saya suka dengan perjalanan dengan armada bus Rosalia indah tapi saya belum pernah memesan tiket perjalanan d aplikasi tapi saya melalui loket resmi,3,0,2.5.6,2.5.6,2022-06-21 22:06:30,suka jalan armada bus rosalia indah mes tiket jalan aplikasi loket resmi
Ok,1,0,2.5.6,2.5.6,2022-06-21 21:18:17,ok
Ok,5,0,2.5.4,2.5.4,2022-06-21 18:04:24,ok
Sangat membantu sekali,5,0,2.5.6,2.5.6,2022-06-21 17:52:07,bantu
2 dl,2,0,2.5.6,2.5.6,2022-06-21 16:55:43,dl
Pelayanan ramah,5,0,2.5.6,2.5.6,2022-06-21 16:29:05,layan ramah
aplinya ga bisa di buka nih,4,0,,Unknown,2022-06-21 15:17:00,aplinya tidak buka nih
👍👍👍👍,5,0,2.5.6,2.5.6,2022-06-21 15:00:52,
"Aplikasi error', gbsa loading server,",3,0,2.5.6,2.5.6,2022-06-21 13:52:57,aplikasi error gbsa loading server
"Update tapi updatean buka bukan update, saya sudah bayar kemungkinan tinggal cek di kantor rosin. Terima kasih",5,0,2.5.6,2.5.6,2022-06-21 10:57:33,update updatean buka bukan update bayar tinggal cek kantor rosin terima kasih
Sip lah,5,0,,Unknown,2022-06-20 21:27:20,sip
Good Aplication,5,0,2.5.6,2.5.6,2022-06-20 19:34:22,good aplication
"Joss...mantaab, tambahkan chanel pembayaran seperti link aja, ovo dan gopay 👍👍",5,0,2.5.6,2.5.6,2022-06-20 18:43:22,jossmantaab tambah chanel bayar link aja ovo gopay
mantap,5,0,2.5.6,2.5.6,2022-06-20 16:57:53,mantap
"Dari kecil sdh sering naik RI, sama Bpk, sampai skrg punya anak tetap naik RI, semoga makin bagus pelayanannya dan harga tiketnya makin murah hehehehe",5,0,2.5.6,2.5.6,2022-06-20 14:53:07,sdh ri bpk skrg anak ri moga bagus layan harga tiket murah hehehehe
Di pesanan dan etiket berangkat jam 16.30 nomer kursi 1A dengan tiba tiba diganti jam pemberangkatan 15.30 dan kursi jadi 1c tanpa konfirmasi lewat TLP/wa/email 👎👎👎👎👎👎,1,1,2.5.6,2.5.6,2022-06-20 14:15:56,pesan etiket berangkat jam nomer kursi ganti jam berangkat kursi konfirmasi tlpwaemail
Bagus,5,0,2.5.6,2.5.6,2022-06-20 09:55:58,bagus
"Saya sudah update tapi knapa stiap saya masuk ke aplikasi Ri slalu muncul tulisan update,? Dan saya udah booking tiket dan melakukan pembayaran tapi tidak bisa buka kode bookingan tiket saya.. Ini gimana bos.?",5,6,2.5.6,2.5.6,2022-06-20 09:34:53,update knapa stiap aplikasi ri slalu muncul tulis update udah booking tiket bayar tidak buka kode bookingan tiket gimana bos
Bgus,5,0,2.5.6,2.5.6,2022-06-19 23:34:10,bgus
Keren,5,0,,Unknown,2022-06-19 21:35:29,keren
Mantap mudah cepet,5,0,2.5.6,2.5.6,2022-06-19 18:30:29,mantap mudah cepet
Mantap,4,0,2.5.6,2.5.6,2022-06-19 17:39:22,mantap
Top markotop jos gandos semoga jadi langganan 🙏🙏🙏,5,0,2.5.6,2.5.6,2022-06-19 14:38:56,top markotop jos gandos moga langgan
Recomended,5,0,2.5.6,2.5.6,2022-06-19 13:13:27,recomended
Ok,5,0,2.5.6,2.5.6,2022-06-19 11:49:52,ok
Bagus,5,0,2.5.6,2.5.6,2022-06-19 10:19:21,bagus
Sangat membantu,5,0,2.5.6,2.5.6,2022-06-19 08:07:18,bantu
Aplikasi ga berguna. Berkali2 cb pale ga pernah ada pilihan armadanya. Ujung2nya pesen lewat agen,1,1,2.5.6,2.5.6,2022-06-19 04:10:18,aplikasi tidak guna kali cb pale tidak pilih armada ujung sen agen
Mantul,5,0,2.5.3,2.5.3,2022-06-18 13:02:22,mantul
Ga jelas bikin aplikasi!,1,0,2.5.6,2.5.6,2022-06-18 10:53:46,tidak bikin aplikasi
Oke,4,0,2.5.6,2.5.6,2022-06-17 22:26:27,oke
The best of land transpotation,5,0,2.5.6,2.5.6,2022-06-17 22:24:22,the best of land transpotation
bagus,5,0,2.5.6,2.5.6,2022-06-17 19:36:40,bagus
Naik bus yg aman dan nyaman ya rosalia indah..,5,0,,Unknown,2022-06-17 09:48:46,bus aman nyaman rosalia indah
bagus,5,0,2.5.6,2.5.6,2022-06-17 07:36:32,bagus
sangat baik dan lebih efisien efektif dalam pemesanan tiketnya,5,0,2.5.6,2.5.6,2022-06-17 06:58:02,efisien efektif mesan tiket
"KEPADA SELURUH JAJARAN MANAJEMEN ROSALIA INDAH DENGAN SEGALA HORMAT IJINKAN SAYA UNTUK MEMBERIKAN MASUKAN UNTUK ROSALIA INDAH AGAR MEMBUKA JALUR DARI BANDUNG MENUJU BALI VIA UTARA TRANSJAWA, DI KARENA KAN ARMADA MENUJU JATENG, JATIM DAN BALI KHUSUSNYA DI JALUR UTARA VIA MAJALENGKA SUDAH BANYAK TIDAK BEROPERASI. SEMOGA ROSALIA INDAH INI BISA MEMPERTIMBANGKAN ATAS MASUKAN SAYA INI. KARENA BUKAN RAHASIA UMUM LAGI JIKALAU ROSALIA INDAH INI BANYAK DI SUKAI PELANGGANNYA. TERIMA KASIH SALAM JAYA",4,0,2.5.6,2.5.6,2022-06-16 20:39:03,jajar manajemen rosalia indah hormat ijinkan masuk rosalia indah buka jalur bandung bal via utara transjawa armada jateng jatim bal jalur utara via majalengka tidak operasi moga rosalia indah timbang masuk bukan rahasia umum rosalia indah suka langgan terima kasih jaya
Alhamdulillah sangat membantu,5,0,2.5.6,2.5.6,2022-06-16 20:36:55,alhamdulillah bantu
"My Special Bus For Traveler,and Good facility in the Bus,I Hope the Next Trip with Rosalia Indah Bus",5,0,2.5.6,2.5.6,2022-06-16 17:00:43,my special bus for travelerand good facility in the busi hope the next trip with rosalia indah bus
Tolong ditambah pembayaran lewat aplikasi seperti RosinPay kek gitu terimakasih,4,0,2.5.5,2.5.5,2022-06-16 13:13:24,tolong tambah bayar aplikasi rosinpay kek gitu terimakasih
pelayanan sangat memuaskan. terbaik di antara bus bus yang lain,5,0,2.5.5,2.5.5,2022-06-13 21:07:17,layan muas baik bus bus
"Ni q tambahin bintang 1 nya, aplikasi sampah Mw boking gk bisa bisa auruh hub pihak rosalia mulu, rosa sama lia nya lg bokerrr",1,0,2.5.5,2.5.5,2022-06-13 01:18:45,ni tambahin bintang aplikasi sampah mw boking tidak auruh hub rosalia mulu rosa lia bokerrr
mantap,5,0,,Unknown,2022-06-12 21:27:07,mantap
Daftar nya kebanyakan syarat kalauh no hp aja ap g bisa ya,1,0,,Unknown,2022-06-12 16:50:30,daftar banyak syarat kalauh no hp ap
Membantu,5,0,2.5.4,2.5.4,2022-06-12 05:49:59,bantu
Siip,5,0,2.5.5,2.5.5,2022-06-11 18:48:20,siip
Pesan transportasi tanpa ribet keterminal atau agen bus,5,0,2.5.5,2.5.5,2022-06-11 00:18:56,pesan transportasi ribet terminal agen bus
Good,4,0,,Unknown,2022-06-11 00:05:26,good
Top bgt,5,0,2.5.5,2.5.5,2022-06-09 22:07:42,top banget
Lumayan lah,5,0,2.5.4,2.5.4,2022-06-09 07:51:07,lumayan
Jika mengulang aplikasinya harus isi dari awal.. ribet,2,0,2.5.5,2.5.5,2022-06-09 04:47:51,ulang aplikasi isi ribet
"Secara umum sudah cukup baik, kekurangannya tidak ada invoice dari PO Bus untuk penumpang, buat pengguna baru tentunya akan bingung sebab setelah pembayaran tidak adalagi instruksi buat calon penumpang",4,0,2.5.5,2.5.5,2022-06-07 10:07:50,umum kurang tidak invoice po bus tumpang guna bingung bayar tidak adalagi instruksi calon tumpang
Mantap bos,5,0,,Unknown,2022-06-03 05:45:14,mantap bos
di tiket jam 8 brangkat tapi real nya jam 11.15 baru nongol bus nya..,1,0,,Unknown,2022-06-02 18:18:53,tiket jam brangkat real jam nongol bus
Mantaaab 👍 Teruuus Rosin,5,0,2.5.5,2.5.5,2022-06-02 12:20:06,mantaaab teruuus rosin
Aplikasi sangat membantu dan mempermudah .perlu diingat bagi customer .demi kelancaran transaksi dan konfirmasi untuk selalu mencatat kode booking .,5,0,2.5.5,2.5.5,2022-06-01 02:13:13,aplikasi bantu mudah customer lancar transaksi konfirmasi catat kode booking
"Bintang 4 dulu ya,mau coba di pergunakan selalu tampil tulisan kunjungi agen terdekat.. Pesen dr sumber artha ke semin ja susah banget gagal trus tetep suruh kunjungi agen terdekat. Gimana pake aplikasi'y klo kaya gini?? Padahal agen deket dr tempat tinggal saya di bekasi dan kampung halaman saya di semin.. Tapi kenapa gk bisa boking via aplikasi,saya belum tes untuk tujuan lain tp untuk tujuan ke semin dan sebalik nya dari semin ke bekasi gk bisa di gunakan.. Mohon beritahu caranya bos",4,0,2.5.5,2.5.5,2022-05-31 05:32:22,bintang yamau coba guna tampil tulis kunjung agen dekat sen dr sumber artha min ja susah banget gagal trus tetep suruh kunjung agen dekat gimana pake aplikasiy kaya gin agen deket dr tinggal bekas kampung halaman min tidak boking via aplikasisaya tes tuju tuju min balik min bekas tidak beritahu bos
Aplikasi gk guna..cari tiket sby jkt saja gk bisa. Sdh coba pindah2 yg agen jkta..tetep .suruh hub agen terdekat.,1,0,2.5.4,2.5.4,2022-05-30 11:58:25,aplikasi tidak gunacari tiket sby jkt tidak sdh coba pindah agen jktatetep suruh hub agen dekat
Rosalia indah tapi tak seindah aplikasinya...kalau busnya jangan diragukan lagi,1,0,2.5.5,2.5.5,2022-05-28 17:11:22,rosalia indah indah aplikasinyakalau bus jangan ragu
Pelayanannya sangat ramah,5,0,2.5.4,2.5.4,2022-05-28 15:05:15,layan ramah
"Sampai sekarang belum ada jawaban dari pihak Rosalia tentang pergantian pembatalan tiket,di DM IG gak da jawaban pula..",1,0,2.5.5,2.5.5,2022-05-27 01:23:35,rosalia ganti batal tiketdi dm ig tidak da
Sulit,1,0,2.5.5,2.5.5,2022-05-26 02:40:32,sulit
Susah,3,0,,Unknown,2022-05-24 15:43:04,susah
"Aplikasi tidak memiliki menu untuk melihat kode booking dan kode pembayaran kembali, jika saat mau transfer dan aplikasi tertutup dengan tidak sengaja wassalam... tinggal tanya dukun berapa nomer booking dan kode transfernya karena call centernya gak pernah diangkat... capek deh...",1,5,2.5.5,2.5.5,2022-05-22 21:16:59,aplikasi tidak milik menu kode booking kode bayar transfer aplikasi tutup tidak sengaja wassalam tinggal dukun nomer booking kode transfer call centernya tidak angkat capek deh
"Aplikasi gak jelas, booking tiket online lanjut pembayaran dari mulai lewat alfamart, indomart, sampai BCA banking, virtual accountnya kagak ada yang bisa dipakek, dengan alasan nomor virtual account tidak terdaftar...",1,2,2.5.5,2.5.5,2022-05-22 20:08:02,aplikasi tidak booking tiket online bayar alfamart indomart bca banking virtual accountnya kagak dipakek alas nomor virtual account tidak daftar
"Sangat puas dengan pelayanannya,apalagi saat naik double Decker sleeper seperti dimanjakan.",5,1,2.5.5,2.5.5,2022-05-22 08:26:09,puas pelayanannyaapalagi double decker sleeper manja
Mantap,5,0,2.5.4,2.5.4,2022-05-21 13:48:59,mantap
Ok,5,0,2.5.5,2.5.5,2022-05-21 06:56:23,ok
Ok,5,0,2.5.4,2.5.4,2022-05-21 00:20:54,ok
Good...selalu perbaiki aplikasinya..point member tolong ditampilkan.,5,0,2.5.4,2.5.4,2022-05-20 16:11:50,goodselalu baik aplikasinyapoint member tolong tampil
Bagus si..tp ga bisa di pesan/ Naik di agen-agen rosalia yang kecil,5,1,2.5.5,2.5.5,2022-05-20 15:00:08,bagus sitp tidak pesan agenagen rosalia
Super cepat mudah handal,5,0,2.5.5,2.5.5,2022-05-20 14:58:35,super cepat mudah handal
Gampang dan praktis,5,0,2.5.5,2.5.5,2022-05-20 10:23:01,gampang praktis
Aplikasi sangat membantu Tolong lah min untuk segi pembayaran bisa dikasih internet banking atau M-banking supaya lebih efisien pesan dimana pun dari pada harus ke atm atau ke indomaret/alfamart..,5,0,,Unknown,2022-05-20 09:08:21,aplikasi bantu tolong admin segi bayar kasih internet banking mbanking efisien pesan mana atm indomaretalfamart
Memuaskan,5,0,2.5.4,2.5.4,2022-05-19 18:59:05,muas
Mantul,5,0,2.5.4,2.5.4,2022-05-19 14:55:47,mantul
"Pelanggan setia ku, Rosali indah Mitra Setia Perjalanan Anda,Pembelian tiket yg paling mudah dan praktis via online,tdk harus mondar mandir ke agen / Pool, cukup di Rumah saja, pembayaran bisa via, Indomaret,Alfamart dan Bank,,👍👍👍",5,0,2.5.5,2.5.5,2022-05-19 12:48:34,langgan setia ku rosali indah mitra setia jalan andapembelian tiket mudah praktis via onlinetdk mondar mandir agen pool rumah bayar via indomaretalfamart bank
TOP,5,0,2.5.4,2.5.4,2022-05-19 12:21:55,top
Sangat membantu,5,0,2.5.5,2.5.5,2022-05-19 04:05:21,bantu
"aplikasi sangat tidak user friendly, menu terbatas, lemot, pilihan pembayaran terbatas dan susah.",1,1,2.5.4,2.5.4,2022-05-17 15:44:01,aplikasi tidak user friendly menu batas lot pilih bayar batas susah
"Memudahkan pemesanan tiket,dan klo bisa aplikasinya diperbaikin lagi agar lebih mudah dlm pemakaian dan pemesanan tiket",5,1,2.5.4,2.5.4,2022-05-17 05:16:10,mudah mesan tiketdan aplikasi diperbaikin mudah pakai mesan tiket
Mudah mudahan bisa bermanfaat,5,0,,Unknown,2022-05-15 20:36:36,mudah mudah manfaat
Jos,5,0,,Unknown,2022-05-14 20:42:39,jos
Opsi pembayaran musti di perbanyak. Terimakasih,5,0,,Unknown,2022-05-13 07:28:10,opsi bayar musti banyak terimakasih
"Setiap mau pesan tiket keterangan habis terus, sudah gonta ganti tanggal tapi keterangan sama aja",2,2,2.5.4,2.5.4,2022-05-12 19:27:02,pesan tiket terang habis gonta ganti tanggal terang
"Sudah berkali kali menggunakan aplikasi ini sangat praktis nda ribet dan hasilnya sesuai keberangkatan untuk dari Cibitung-Jogja, tapi kalo dari arah timur kebarat jadwal suka meleset mundur mungkin karena faktor jalan. Perlu ditingkatkan untuk area rest area terutama yang di Subang. semakin kesini sepertinya kurang terawat Menu, Mushola, Toilet dan smoking area yang harus dipisah. Untuk keagenan mohon dipertahanin sejauh yang sering saya temuin untuk beberapa titik sangat ramah.",5,53,2.5.4,2.5.4,2022-05-12 10:57:53,kali aplikasi praktis nda ribet hasil sesuai berangkat cibitungjogja arah timur barat jadwal suka meleset mundur faktor jalan tingkat area rest area subang kesini awat menu mushola toilet smoking area pisah agen dipertahanin temuin titik ramah
Saya daftar gak bisa bisa gagal terus😕,1,0,2.5.4,2.5.4,2022-05-11 14:26:37,daftar tidak gagal
"Masih banyak kekurangan tolong di perhatikan untuk Rosalia Indah, saya mesan tiket 3 orang untuk keluarga saya boking kursi beredekatan malah di pisah"". Dan sistem pembayaran masih kurang lengkap",1,1,2.5.4,2.5.4,2022-05-11 09:57:37,kurang tolong perhati rosalia indah mesan tiket keluarga boking kursi beredekatan pisah sistem bayar lengkap
Seling bermasalah ketika online ticketing... Dan mengecek status pemesanan... Dan juga saat membuat akun sering terjadi stuck...,1,0,2.5.4,2.5.4,2022-05-10 20:46:58,seling masalah online ticketing ecek status mesan akun stuck
Cara cek story pembelian nya dimana ya? Kode booking tiket saya kok g muncul padahal saya sudah melakukan pembayaran,5,0,2.5.4,2.5.4,2022-05-10 18:56:19,cek story beli mana kode booking tiket muncul bayar
ROSALIA INDAH memang tiada duanya..,5,0,2.5.4,2.5.4,2022-05-10 12:25:37,rosalia indah tiada dua
mantap.. 👍,5,0,2.5.1,2.5.1,2022-05-10 11:41:48,mantap
coba dulu,1,0,,Unknown,2022-05-09 21:27:56,coba
Lambat,1,0,2.5.4,2.5.4,2022-05-09 15:17:13,lambat
Tolong pihak rosalia lebih memperhatikan armada dan kenek untuk bus nomer HD 150.sabtu 7 mei 2022 jam 16.30 dari terminal Kalideres sampai solo minggu pukul 20.00.sempat bus ac mati.terus kenek dan driver kurang mengerti rute jalan.semoga kedepannya rosalia makin baik pelayanaanya ke penumpang.terimakasih,1,0,2.5.4,2.5.4,2022-05-09 12:37:16,tolong rosalia perhati armada kenek bus nomer hd sabtu mei jam terminal kalideres solo minggu bus ac matiterus kenek driver erti rute jalansemoga depan rosalia pelayanaanya penumpangterimakasih
Good,5,0,,Unknown,2022-05-09 05:32:00,good
Semakin mantaap pelayananny....,5,0,2.5.4,2.5.4,2022-05-08 20:57:31,mantaap pelayananny
Bagus jadi simpel oesen tiket,5,0,2.5.4,2.5.4,2022-05-08 07:04:09,bagus simpel oesen tiket
Tingkatkan lagi msh ada yang blm sempurna,3,0,2.5.4,2.5.4,2022-05-07 18:30:56,tingkat msh blm sempurna
Oke,5,0,,Unknown,2022-05-06 18:18:52,oke
Sangat membantu,5,0,2.5.3,2.5.3,2022-05-06 15:07:10,bantu
Mantap,5,0,2.5.3,2.5.3,2022-05-05 12:48:36,mantap
Maaf sy kasih segini soalnya masih susah persen via onlain,1,0,2.5.4,2.5.4,2022-05-03 10:09:51,maaf sy kasih gin susah persen via onlain
Ok,5,0,,Unknown,2022-05-03 09:25:07,ok
apk gak jelas. sampai 2 bulan kedpan cek tiket ko kosong/habis trus. pembodohan ini namanya,1,0,2.5.4,2.5.4,2022-05-02 00:42:44,aplikasi tidak kedpan cek tiket ko kosonghabis trus bodoh nama
"Biasa pesen di aplikasi ini kalau mau naik RosIn, jadi tidak ribet",5,0,,Unknown,2022-04-30 18:19:06,sen aplikasi rosin tidak ribet
Kerennn n mantap,5,0,,Unknown,2022-04-30 09:29:34,kerennn mantap
"Pernah beli online,kode booking gak dkirim via sms ataupun email,akhirnya nanya ke agen cengkareng,smpai di sn agennya gak mau bukain malah katanya suruh komplen ke kantor pusat,dia bilang lagian ngapain beli online,utng ada ibunya yg mau bantu،،lha kok aneh agennya ada penumpang beli online di jawabnya sinis..tolong dong kantor pusat di edukasi lagi tiap agennya kl ada penumpang beli online tapi kode booking lupa gak di save utk dibantu,krn online kan harusnya mempermudah costumer..mksih",2,4,2.5.4,2.5.4,2022-04-30 00:56:28,beli onlinekode booking tidak dkirim via sms emailakhirnya nanya agen cengkarengsmpai sn agen tidak bukain suruh komplen kantor pusatdia bilang ngapain beli onlineutng ibu bantulha aneh agen tumpang beli online sinistolong kantor pusat edukasi agen kl tumpang beli online kode booking lupa tidak save dibantukrn online mudah costumermksih
Ini Kalo Mode Pesawat Emirates Kelasnya!!!,5,0,2.5.4,2.5.4,2022-04-30 00:20:31,mode pesawat emirates kelas
"Pelayanan prima, tolong tambah armadanya untuk tujuan muara enim ke surabaya",5,0,2.5.4,2.5.4,2022-04-29 21:55:43,layan prima tolong armada tuju muara enim surabaya
"Pembayarannya kurang komplit,seharusnya bisa dibayar dr mobile banking mandiri,bni,bri dsb nya,gak hanya dr bca dan minimarket saja..tolong ditambah metode pembayarannya,trimakasih",4,9,2.5.4,2.5.4,2022-04-29 21:26:44,bayar komplitseharusnya bayar dr mobile banking mandiribnibri dsb nyagak dr bca minimarket sajatolong tambah metode pembayarannyatrimakasih
Keren...,4,0,2.5.3,2.5.3,2022-04-29 19:53:22,keren
Good servis,5,0,2.5.3,2.5.3,2022-04-29 19:29:53,good servis
Minnnn ..mbok diperbaiki Aplikasinya .. Cek Booking kaluar mau ganti tanggal masak ngulang dari awal ngetik ulang .. Ketika balik biar masih utuh pencarian terakhir tinggal edit yang mau dirubah aja ..TRIMS,4,0,2.5.3,2.5.3,2022-04-29 18:02:40,minnnn mbok baik aplikasi cek booking kaluar ganti tanggal masak ngulang ngetik ulang biar utuh cari tinggal edit rubah trims
Jjossss,5,0,2.5.3,2.5.3,2022-04-29 17:10:23,jjossss
Baik,5,0,2.5.3,2.5.3,2022-04-29 13:08:26,
aplikasi nya belum sempurna..tolong di benahi..,5,0,2.5.3,2.5.3,2022-04-29 06:53:57,aplikasi sempurnatolong benah
Mantap,5,0,2.5.3,2.5.3,2022-04-28 19:41:35,mantap
Ok,5,0,2.5.4,2.5.4,2022-04-28 16:36:24,ok
"Mantap, nyaman safety first 👍🏼👍🏼👍🏼",5,0,2.5.4,2.5.4,2022-04-28 11:28:23,mantap nyaman safety first
"Mosok setiap mau pesan selalu habis, habis muluk via online.. Ya gak usah ada aja aplikasi nya, percuma, tetap harus ke loket beli tiket... Ngapain ada aplikasi pesan tiket!!!!",1,21,2.5.3,2.5.3,2022-04-27 16:47:19,mosok pesan habis habis muluk via online tidak aplikasi loket beli tiket ngapain aplikasi pesan tiket
Ok,5,0,2.5.1,2.5.1,2022-04-26 12:26:01,ok
Bagus nih,5,0,2.5.3,2.5.3,2022-04-25 00:39:38,bagus nih
Yooo,5,0,2.5.3,2.5.3,2022-04-24 23:49:15,yooo
Tolong ditingkatkan lagi aplikasi nya,3,0,,Unknown,2022-04-24 23:38:31,tolong tingkat aplikasi
Maaf y min saya kasih segini bintangnya....soalnya pas saya pasang app kenapa pas mau daftar masa g bisa mulu muncul terus otp sampai berkali2 dan me looping bikin kesel. Maaf y min ini tolong di perbaiki sistem algoritmatnya kalau belum siap diluncurkan jangan mending uji coba dulu trail error nya,1,22,2.5.3,2.5.3,2022-04-24 20:32:09,maaf admin kasih gin bintangnyasoalnya pasang aplikasi daftar mulu muncul otp kali me looping bikin kesel maaf admin tolong baik sistem algoritmatnya luncur jangan mending uji coba trail error
sistem apk nya kenapa ya padahal ngga ada updatean tapi dr apk ada notice perbarui terus,1,0,,Unknown,2022-04-24 17:33:34,sistem aplikasi ngga updatean dr aplikasi notice baru
RosIn mantaaapp. Pemesanan tiketnya sangat memudahkan sekali,5,0,2.5.3,2.5.3,2022-04-24 15:46:07,rosin mantaaapp mesan tiket mudah
"Setiap abis install n cari tiket, ada notif suruh ke Agen terdekat",4,0,2.5.3,2.5.3,2022-04-24 13:59:23,abis install cari tiket notif suruh agen dekat
Good... Pelayanan bagusss dijamin,5,0,2.5.3,2.5.3,2022-04-24 11:32:20,good layan bagusss jamin
Registrasi susah setiap ingin cek kode verifikasi selalu mengulang dari awal lagi. Tolong di perbaiki lagi aplikasinya.,1,0,2.5.3,2.5.3,2022-04-23 16:22:47,registrasi susah cek kode verifikasi ulang tolong baik aplikasi
"Aplikasinya sangat membantu, hanya pembayaran secara e banking terbatas",5,0,2.5.3,2.5.3,2022-04-23 16:14:07,aplikasi bantu bayar banking batas
"Aplikasinya ngg bisa dikeluarin,dan respon nya masih lemot,tolong diperbarui lagi aplikasinya",1,0,2.5.3,2.5.3,2022-04-23 15:49:50,aplikasi ngg dikeluarindan respon lemottolong baru aplikasi
Ok,5,0,2.5.3,2.5.3,2022-04-23 14:32:07,ok
Bagus,5,0,2.5.3,2.5.3,2022-04-23 13:48:53,bagus
Sangat baik,5,0,2.5.3,2.5.3,2022-04-23 11:48:48,
Siiiplah,3,0,2.5.3,2.5.3,2022-04-23 05:17:18,siiiplah
Mantap,5,0,2.5.3,2.5.3,2022-04-23 00:04:11,mantap
ok,5,0,2.5.3,2.5.3,2022-04-22 22:40:05,ok
"Enak..sopirnya keneknya para pegawainya dan semua staff Rosalia bahkan dit4 makan nya semuanya ramah-ramah, baik-baik dan mengayomi ketika bertanya dan sebagainya.. seakan2 kita keluarga meskipun aku berangkat sendirian tp jadi tidak khawatir🥰 terimakasih banyak, jazakumullah khairon aljaza 🙏🏻 semoga semua staff Rosalia diberkahi Rizki umur dan amalnya..dan dimasukkan ke syurgaNya kelak aamiin yaa rabbal'alaamiin 🤲🏻",5,0,2.5.3,2.5.3,2022-04-22 22:35:32,enaksopirnya kenek pegawai staff rosalia dit makan ramahramah baikbaik ayom akan keluarga berangkat tidak khawatir terimakasih jazakumullah khairon aljaza moga staff rosalia kah rizki umur amalnyadan masuk syurganya kelak aamiin yaa rabbalalaamiin
Kode Verifikasi tidak masuk,1,0,2.5.3,2.5.3,2022-04-22 19:12:33,kode verifikasi tidak
Recommend,5,0,2.5.3,2.5.3,2022-04-22 18:43:37,recommend
Cukup membantu dlm pembelian tiket,4,0,2.5.3,2.5.3,2022-04-22 18:32:47,bantu beli tiket
Sangat membantu,5,0,2.5.1,2.5.1,2022-04-22 14:43:20,bantu
Aplikasi kurang mendukung,2,0,2.5.3,2.5.3,2022-04-22 14:42:49,aplikasi dukung
"Bagus, supaya ditambah promo dan kemudahan pembayaran",5,0,2.5.3,2.5.3,2022-04-22 11:58:17,bagus tambah promo mudah bayar
Ini kalau beli tiket. Emang nggak ada pesan di email yaa. Soalnya saya nggak dapet email atas pembelian yg saya lakukan,3,1,2.5.3,2.5.3,2022-04-22 10:28:45,beli tiket emang nggak pesan email yaa nggak dapet email beli laku
Bus Trans Jawa yang sangat nyaman ... tak ingin berpaling ke yang lain ... semoga pelayanannya makin ditingkatkan ... 👍👍👍👍👍,5,0,2.5.3,2.5.3,2022-04-22 06:22:01,bus trans jawa nyaman paling moga layan tingkat
Ok,5,0,2.5.3,2.5.3,2022-04-22 04:34:37,ok
Sangat membantu sekali.,5,0,,Unknown,2022-04-21 18:05:04,bantu
Sangat bermanfaat,5,0,2.5.3,2.5.3,2022-04-21 16:36:02,manfaat
Sangat membantu klo mau pulang kampung...ga repot lagi beli tiketnya,5,0,2.5.3,2.5.3,2022-04-21 15:30:41,bantu pulang kampungga repot beli tiket
Belum di coba kaya ya ribet nih bagaimana cara pesan tiket masukin no kursi yg susah,4,0,2.5.3,2.5.3,2022-04-21 12:17:22,coba kaya ribet nih pesan tiket masukin no kursi susah
Siip,2,0,2.5.3,2.5.3,2022-04-21 11:55:14,siip
Pelayana ok bgt,5,0,2.5.3,2.5.3,2022-04-21 06:09:16,pelayana ok banget
Rosalia indah nyaman aman dn baik,5,0,2.5.3,2.5.3,2022-04-20 20:48:24,rosalia indah nyaman aman dn
"Jika mencari tiket kadang gak ada,perlu di perbaiki lagi",1,0,2.5.3,2.5.3,2022-04-20 20:00:34,cari tiket kadang tidak adaperlu baik
Recommended Bus,5,0,2.5.3,2.5.3,2022-04-20 18:03:23,recommended bus
Ok,5,0,2.5.3,2.5.3,2022-04-20 15:03:57,ok
MantuuUuLL pokok nya... perjalanan dari BSD Serpong ke Ajibarang. Pelayanan nya ok Supir kenek ramah... resto nya juga rapih tepat waktu gaspoll👍👍👍🤗🤗⭐⭐⭐⭐⭐Juara Pokoknya Rosalia Indah 🏆,5,0,2.5.3,2.5.3,2022-04-20 14:20:33,mantuuuull pokok jalan bsd serpong ajibarang layan ok supir kenek ramah resto rapih waktu gaspolljuara pokok rosalia indah
Ok,5,0,2.5.3,2.5.3,2022-04-20 09:38:15,ok
Muantap,5,0,2.5.3,2.5.3,2022-04-20 09:34:47,muantap
Ok,5,0,2.5.3,2.5.3,2022-04-20 04:57:12,ok
Oook,5,0,2.5.3,2.5.3,2022-04-19 23:48:38,oook
Ok,5,0,2.5.3,2.5.3,2022-04-19 00:54:31,ok
Is good,5,0,,Unknown,2022-04-18 23:59:23,is good
mantap,5,0,2.5.3,2.5.3,2022-04-18 22:58:50,mantap
Tidak ada menu Cetak Kwitansi (kadang perlu untuk penggantian biaya perjalanan) Tidak ada menu rescedule / refund,5,0,2.5.3,2.5.3,2022-04-18 22:58:44,tidak menu cetak kwitansi kadang ganti biaya jalan tidak menu rescedule refund
Ok,5,0,2.5.3,2.5.3,2022-04-18 20:35:41,ok
Lumayan,2,0,2.5.3,2.5.3,2022-04-18 15:50:54,lumayan
Jooos tenan,5,0,2.5.3,2.5.3,2022-04-18 15:47:13,jooos tenan
Ok,5,0,2.5.3,2.5.3,2022-04-18 14:00:20,ok
"Mungkin klo belum siap aplikasinya sebaiknya tidak usah di launching dahulu...kasihan customer nya, sec teknis di lapangan bagus, namun tdk didukung management IT yg baik.",2,14,2.5.3,2.5.3,2022-04-18 12:49:21,aplikasi tidak launching dahulukasihan customer sec teknis lapang bagus tidak dukung management it
Mantap,5,0,2.5.3,2.5.3,2022-04-18 12:04:25,mantap
Top,5,0,2.5.3,2.5.3,2022-04-18 09:04:31,top
"4 dulu, pengguna baru",3,0,2.5.3,2.5.3,2022-04-18 05:15:03,guna
Transit nunggu 3jam,1,0,2.5.0,2.5.0,2022-04-17 15:54:01,transit nunggu jam
sangat memuaskan,4,0,2.5.3,2.5.3,2022-04-17 13:47:50,muas
Lost access terus,1,0,2.5.3,2.5.3,2022-04-17 13:10:03,lost access
Mantap,5,0,2.5.3,2.5.3,2022-04-17 12:01:46,mantap
Jos,4,0,2.5.3,2.5.3,2022-04-17 11:03:20,jos
Ok tq..,5,0,2.5.1,2.5.1,2022-04-17 11:00:02,ok tq
nyaman dalam perjalanan,4,0,2.5.3,2.5.3,2022-04-17 09:51:08,nyaman jalan
gak bisa booking,1,0,2.5.3,2.5.3,2022-04-17 04:44:39,tidak booking
Sangat membantu dalam proses pembelian tiket,5,0,2.5.3,2.5.3,2022-04-17 04:36:30,bantu proses beli tiket
Parahhhhhhh,1,0,2.5.3,2.5.3,2022-04-17 04:09:02,parahhhhhhh
Bagus dan berguna,5,0,2.5.3,2.5.3,2022-04-16 21:25:46,bagus guna
I like it,5,0,2.5.3,2.5.3,2022-04-16 21:23:40,like it
Mntap,5,0,,Unknown,2022-04-16 20:15:54,mntap
"Nyaman,Aman dan juga ramah.",5,0,2.5.3,2.5.3,2022-04-16 20:14:25,nyamanaman ramah
Permudah pencarian tiket,5,0,2.5.3,2.5.3,2022-04-16 19:38:24,mudah cari tiket
"Semenjak update,Semakin buruk untuk lihat busnya,",1,0,2.5.3,2.5.3,2022-04-16 17:53:14,semenjak updatesemakin buruk bus
Check,5,0,2.5.3,2.5.3,2022-04-16 15:54:36,check
Lemot,3,0,2.5.3,2.5.3,2022-04-16 14:10:37,lot
Bus yang nyaman sopan dijalan pelayanan bintang 5,5,0,2.5.3,2.5.3,2022-04-16 11:15:31,bus nyaman sopan jalan layan bintang
Masih mencoba aplikasi ini pertama kali,4,0,2.5.3,2.5.3,2022-04-16 10:39:29,coba aplikasi
Ok,5,0,2.5.3,2.5.3,2022-04-16 10:08:55,ok
Pelayanan juara dan sopan,5,0,2.5.3,2.5.3,2022-04-16 05:45:45,layan juara sopan
Semoga makin jaya terus aplikasi rosalianya,5,0,,Unknown,2022-04-16 03:12:11,moga jaya aplikasi rosalianya
Top dah,5,0,2.5.3,2.5.3,2022-04-15 23:29:44,top dah
No recomended. pertama kali pakai tiket untuk semua tanggal keberangkatan tidak jelas.,1,0,2.5.3,2.5.3,2022-04-15 22:54:43,no recomended pakai tiket tanggal berangkat tidak
Pelayanan Memuaskan,5,0,2.5.3,2.5.3,2022-04-15 21:23:11,layan muas
"Fontya kurang gede ngab, popup updatenya ilangin napa weird banget.",3,0,,Unknown,2022-04-15 21:17:34,fontya gede ngab popup updatenya ilangin napa weird banget
Ok,5,0,2.5.3,2.5.3,2022-04-15 21:11:39,ok
Mantul armadanya,5,0,2.5.3,2.5.3,2022-04-15 13:57:37,mantul armada
Ok,3,0,2.5.3,2.5.3,2022-04-15 13:54:30,ok
Sering memakai aplikasi unt pesen tiket..mudah,5,0,,Unknown,2022-04-15 13:08:57,pakai aplikasi unt sen tiketmudah
DIKASIH KRITIK & SARAN NAMUN TIDAK PERNAH DITINDAKLANJUTI PERUBAHAN APLIKASINYA!!! SELALU MUNCUL NOTIF UPDATE NAMUN KETIKA DI KLIK TIDAK ADA UPDATE!!! SAYANG SEKALI BILA INI SERING TERJADI YANG ADA PELANGGAN KABURRRR,1,0,2.5.3,2.5.3,2022-04-15 12:22:40,kasih kritik saran tidak ditindaklanjuti ubah aplikasi muncul notif update klik tidak update sayang langgan kaburrrr
Pemesanan mudah,5,0,2.5.3,2.5.3,2022-04-15 11:05:03,mesan mudah
Oke,5,0,,Unknown,2022-04-15 03:37:32,oke
Masa cari keberangkatan dr tangerang ke banyumas smua tgl gk ada,1,0,2.5.3,2.5.3,2022-04-14 23:37:32,cari berangkat dr tangerang banyumas smua tgl tidak
Mantap,5,0,2.5.3,2.5.3,2022-04-14 21:31:35,mantap
Memudahkan,5,0,2.5.3,2.5.3,2022-04-14 19:03:36,mudah
Kelasss,5,0,2.5.3,2.5.3,2022-04-14 17:51:52,kelasss
Lumayan kl pesen bangku jgn di rubah yaa,4,0,2.5.3,2.5.3,2022-04-14 16:49:00,lumayan kl sen bangku jgn rubah yaa
Kurang simpli,4,0,2.5.3,2.5.3,2022-04-14 15:21:05,simpli
Coba dulu pakek via aplikasi,4,0,2.5.3,2.5.3,2022-04-14 10:19:05,coba pakek via aplikasi
ok,5,0,2.5.3,2.5.3,2022-04-14 00:00:33,ok
Ntabb,5,0,2.5.1,2.5.1,2022-04-13 12:33:29,ntabb
Sangat nyaman,5,0,,Unknown,2022-04-13 08:07:44,nyaman
Bagus,5,0,2.5.0,2.5.0,2022-04-12 19:02:33,bagus
"Tolong di aplikasi, urutkan kelas pelayanan dari yg termahal, jangan acak-acakan.",4,2,2.5.2,2.5.2,2022-04-12 18:50:47,tolong aplikasi urut kelas layan mahal jangan acakacakan
Anjay aku bohong,4,0,,Unknown,2022-04-12 13:51:08,anjay bohong
Mantapp,5,0,2.5.1,2.5.1,2022-04-12 12:14:13,mantapp
Aplikasi tidak berguna. Saya gak bisa cari bisnya. Apa perusahaan sudah bangkrut?,1,0,2.5.2,2.5.2,2022-04-11 23:48:27,aplikasi tidak guna tidak cari bis usaha bangkrut
Mantaap,3,0,2.5.2,2.5.2,2022-04-11 21:13:58,mantaap
Good,5,0,2.5.1,2.5.1,2022-04-11 13:36:35,good
"Selalu utamakan pelayanan, rosalia indah top markotooop",5,0,2.5.2,2.5.2,2022-04-11 13:23:07,utama layan rosalia indah top markotooop
Luar biasa,5,0,2.5.2,2.5.2,2022-04-11 10:51:49,
Lebih mudah... Beli tiketnya,5,0,2.5.2,2.5.2,2022-04-11 08:13:43,mudah beli tiket
Kemudahan boking tiket....,5,0,2.5.0,2.5.0,2022-04-11 07:52:35,mudah boking tiket
Pembayaran lewat bri kok jadi gak bisa,2,0,2.5.2,2.5.2,2022-04-11 04:24:31,bayar bri tidak
Good,5,0,2.5.2,2.5.2,2022-04-11 01:10:23,good
Semoga lebih baik,4,0,2.5.2,2.5.2,2022-04-10 22:40:10,moga
Siiiip,5,0,2.4.9,2.4.9,2022-04-10 21:06:50,siiiip
Belum pernah naik,2,0,2.5.2,2.5.2,2022-04-10 19:31:37,
Busnya sangat nyaman,5,0,2.5.2,2.5.2,2022-04-10 19:02:31,bus nyaman
Ok,5,0,2.5.2,2.5.2,2022-04-10 13:22:09,ok
Bagus dan cepat uda brapa kali pesen slalu ok,5,0,2.5.2,2.5.2,2022-04-10 13:10:40,bagus cepat uda brapa sen slalu ok
Nyaman,5,0,2.5.2,2.5.2,2022-04-10 12:44:11,nyaman
Oke,5,0,2.5.2,2.5.2,2022-04-10 05:17:27,oke
Memudahkan pelanggan untuk pesan tiket,5,0,2.5.2,2.5.2,2022-04-09 23:54:32,mudah langgan pesan tiket
Ok,4,0,2.5.2,2.5.2,2022-04-09 22:06:02,ok
"Pelayanannya memuaskan. Saya lupa ss kode booking, langsung email ke CS nya. Beberapa menit kemudian customer servicenya langsung mengirim etiket. Terima kasih 🙏🏻",5,1,2.5.2,2.5.2,2022-04-09 14:22:41,layan muas lupa ss kode booking email cs menit customer servicenya kirim etiket terima kasih
Ka cra pembayaran nya gmna tdi saya udh pilih bca tpi pas mau bayar gd linknya,4,0,2.5.2,2.5.2,2022-04-09 11:21:56,ka cra bayar gmna tdi pilih bca tpi bayar gd linknya
Good,3,0,,Unknown,2022-04-09 11:09:01,good
Sesuai jadwal dan tepat waktu,5,0,2.5.0,2.5.0,2022-04-08 21:55:42,sesuai jadwal waktu
Nyamannn,5,0,2.4.9,2.4.9,2022-04-08 21:38:04,nyamannn
"Ngak jelas nih apk, ngak bisa boking tiket bolakbalik isi biodata dllnya, cuma buang buang waktu",1,0,2.5.1,2.5.1,2022-04-07 20:54:50,ngak nih apk ngak boking tiket bolakbalik isi biodata dllnya buang buang waktu
"Nggak sesuai jadwal di versi web sama aplikasi, bikin bingung yang bener jadwal keberangkatan jam berapa??? Terus info persyaratan keberangkatan juga beda yang di aplikasi sama web, mana infonya telat update, bikin penumpang kelabakan kudu nyiapin2 lagi berkas yg harusnya ga di siapin. NGESELIN BGT. TAU GITU KAN SAYA BISA SIAP2 JAUH2 HARI, KYK GINI PAS DIBUTUHIN PERGI DADAKAN JADI KELABAKAN NYIAPINYA KRN AWALNY GA DISURUH BW BERKAS. EH MENDADAK MUNCUL PERSYARATAN BEGITU, TLNG BGT DIUAPPNY APPNYA",4,17,2.5.1,2.5.1,2022-04-06 00:58:05,nggak sesuai jadwal versi web aplikasi bikin bingung bener jadwal berangkat jam info syarat berangkat beda aplikasi web info telat update bikin tumpang laba kudu nyiapin berkas tidak siapin ngeselin bgt tau gitu gin dibutuhin pergi dada laba nyiapinya awalny tidak suruh bw berkas eh dadak muncul syarat tlng banget diuappny appnya
Sangat membantu dalam proses pencarian tiket mobil ke semarang,5,0,2.5.1,2.5.1,2022-04-04 12:38:06,bantu proses cari tiket mobil semarang
Mantullll,5,0,2.5.0,2.5.0,2022-04-03 23:13:09,mantullll
Buat apa aplikasinya ?? Kalau harus bayar lewat agent terdekat,1,0,,Unknown,2022-04-03 14:15:05,aplikasi bayar agent dekat
Rosalia sakjose,5,0,,Unknown,2022-04-03 10:15:23,rosalia sakjose
"Pengalaman mudik lebaran dg rosalia sebelum covid19 ,hrga pertiket hampir 600K ,makan dg urap kol dan lele ... Kalah dg PO lain dg tiket bawah 500K makan banyak pilihan menu .. dan tertibkan kondekturnya dg pungli bagasi",2,0,2.4.0,2.4.0,2022-04-01 11:52:02,alam mudik lebaran dg rosalia covid hrga tiket makan dg urap kol lele kalah dg po dg tiket makan pilih menu tertib kondektur dg pungli bagasi
"Barusan instal lagi setelah unistal tahun lalu..eh tetep sama ga berguna, mau pakai laptop maupun smartphone hasilnya sama..sampah, kayanya yg bikin emg baru belajar.",1,7,2.4.3,2.4.3,2022-03-31 16:35:51,barusan instal unistal tahun lalueh tetep tidak guna pakai laptop smartphone hasil samasampah kaya bikin emg ajar
Tinggal update kerjasama dg BRI karena Mocash BRI sudah tidak diakomodir pada aplikasi BRI Mobile terbaru.,5,0,2.5.1,2.5.1,2022-03-29 15:17:12,tinggal update kerjasama dg bri mocash bri tidak diakomodir aplikasi bri mobile baru
Bagus,5,0,,Unknown,2022-03-29 08:47:17,bagus
Bus transit lama banget menunggu berjam jam tidak datang,1,0,,Unknown,2022-03-26 19:07:39,bus transit banget tunggu jam jam tidak
Cukup menyenangkan,4,0,2.4.9,2.4.9,2022-03-26 15:56:50,senang
Udah daftar .. login gagal terus,1,0,2.5.1,2.5.1,2022-03-25 12:39:55,udah daftar login gagal
Aplikasi asuuu,2,0,,Unknown,2022-03-24 23:00:08,aplikasi asuuu
Aplikasih yg paling jelek,1,0,2.5.1,2.5.1,2022-03-24 16:10:13,aplikasih jelek
Oke,5,0,,Unknown,2022-03-24 11:40:01,oke
Bagus,5,0,2.5.0,2.5.0,2022-03-23 07:56:44,bagus
Enak dan nyaman di perjalanan,4,0,2.5.1,2.5.1,2022-03-21 10:57:04,nyaman jalan
"Buka aplikasi, buka website tiket selalu tidak available. Padahal pesen dari jauh2 hari. Disuruh langsung ke agen. hahaha..",1,0,,Unknown,2022-03-21 10:06:12,buka aplikasi buka website tiket tidak available sen suruh agen hahaha
Baik,5,0,2.5.0,2.5.0,2022-03-16 10:34:08,
Pembayaran lewat mocash BRI agak rumit Sediakan pembayaran pakai Dana,3,0,2.5.0,2.5.0,2022-03-15 01:14:31,bayar mocash bri rumit sedia bayar pakai dana
Sangat membantu dan memudahan mencari transportasi Bis tanpa melalui calo. 👍,5,1,2.5.1,2.5.1,2022-03-14 13:00:03,bantu mudah cari transportasi bis calo
"Sangat mempermudah dalam pemesanan tiket Bus, karena saya tiap 2 mgg, jkt-smg-jkt.",5,0,2.5.0,2.5.0,2022-03-13 22:15:28,mudah mesan tiket bus mgg jktsmgjkt
Maaf kakak.. Saya mau pesan bus Super Top SHd.. Keberangkatan dari Kalideres tujuan Solo kog gak ada pilihan nya.. Soalnya biasanya saya pesan selalu ada untuk pilihan Super Top Shd ada.. Kog ini tiba tiba saya mau pesan kog gak ada ya.. Terimah kasih,5,36,2.5.1,2.5.1,2022-03-13 12:59:42,maaf kakak pesan bus super top shd berangkat kalideres tuju solo kog tidak pilih pesan pilih super top shd kog pesan kog tidak terimah kasih
Sering kecewa dengan aplikasi ini. Saat membutuhkan. aplikasi tidak bisa bekerja dengan Maximal.mengecewakan para customer.,1,7,2.5.1,2.5.1,2022-03-12 21:16:27,kecewa aplikasi butuh aplikasi tidak maximalmengecewakan customer
Saya kasih bintang 5 kalo udah ada metode pembayaran MANDIRI,3,0,2.5.0,2.5.0,2022-03-12 19:19:30,kasih bintang udah metode bayar mandiri
Bagus,5,0,,Unknown,2022-03-12 11:54:51,bagus
"slalu pakai aplikasi milik ros in ini mudah dan efisien,bisa pilih bangku",5,0,,Unknown,2022-03-11 13:57:11,slalu pakai aplikasi milik ros in mudah efisienbisa pilih bangku
"Mantap deh aplikasinya. Jd gampang buat pesen online dari jauh2 hari. Untuk pelayanan CS juga baik,saya pernah pindah jam dan up class fast respon. Untuk armada juga bagus2. Pelayanan crew nya juga ramah banget.",5,1,2.5.0,2.5.0,2022-03-11 08:05:33,mantap deh aplikasi gampang sen online layan cs baiksaya pindah jam up class fast respon armada bagus layan crew ramah banget
"Sangat kecewa, pesan tiket dan sudah bayar , tapi jam keberangkatan di rubah secara mendadak, dan gak ada keterangannya",1,4,2.5.1,2.5.1,2022-03-10 21:55:23,kecewa pesan tiket bayar jam berangkat rubah dadak tidak terang
Mudah,5,0,2.5.1,2.5.1,2022-03-10 21:12:05,mudah
Mewah,5,0,2.5.0,2.5.0,2022-03-10 16:52:54,mewah
Mantap,5,0,2.5.1,2.5.1,2022-03-10 13:54:31,mantap
Ini niat buat aplikasi gak sih???,1,0,2.5.1,2.5.1,2022-03-10 08:53:25,niat aplikasi tidak sih
"Pada pilihan tujuan, klu kita sdh memilih kota keberangkatan, mestinya pilihan kota kedatangan hny ada pilihan yg dilayani oleh armada Rosalia. Tks",4,5,2.5.1,2.5.1,2022-03-09 21:18:26,pilih tuju klu sdh pilih kota berangkat mesti pilih kota datang hny pilih layan armada rosalia tks
Top,5,0,2.5.1,2.5.1,2022-03-09 20:08:03,top
Respon cepat,5,0,2.5.1,2.5.1,2022-03-09 19:40:27,respon cepat
Saya juga penasaran knapa rosalia indah bus nya bagus kok susah pesen tiket onlen mohon donk di perbaiki biar mudah pesan dan gampang klo mau naik bus ini makasih,2,0,,Unknown,2022-03-09 19:24:04,penasaran knapa rosalia indah bus bagus susah sen tiket onlen donk baik biar mudah pesan gampang bus makasih
"Aplikasi masih ngebuk,,isi data penumpang gak gak bisa..",1,1,2.5.1,2.5.1,2022-03-09 17:29:44,aplikasi ngebukisi data tumpang tidak tidak
Pelayanan 👍👍👍,5,0,2.5.0,2.5.0,2022-03-08 05:53:03,layan
"Perjalanan dari jkt ke solo saya teledor pas turun hp ketinggalan,gercep deh lapor agen alhamdullilah besoknya hp saya bisa di temukan trimakasih crew rosalia indah mental anda sungguh baik,oyaa armadanya jg sangat nyaman.moga bisa di pertahankan",5,0,,Unknown,2022-03-06 08:19:28,jalan jkt solo teledor turun hp ketinggalangercep deh lapor agen alhamdullilah besok hp temu trimakasih crew rosalia indah mental sungguh baikoyaa armada nyamanmoga tahan
Pemberangkatan selalu jam karet,1,0,2.5.0,2.5.0,2022-03-04 19:09:49,berangkat jam karet
Tetep ok,5,0,,Unknown,2022-03-04 01:14:51,tetep ok
"Saya ga bisa bayarnya setiap mau dibayar ga bisa menunya stuck disitu saja, lalu saya hubungi pihak rosin Lampung mlhn menolak untuk pesan tiket dengan dia karena alasan pribadinya tidak suka saja dengan saya, tidak mementingkan kostumer mlhn kepentingan keegoisan pribadi saja.",1,1,2.5.0,2.5.0,2022-03-02 15:01:24,tidak bayar bayar tidak menu stuck situ hubung rosin lampung mlhn tolak pesan tiket alas pribadi tidak suka tidak penting kostumer mlhn penting egois pribadi
Aplikasi yg mudah dan praktis,5,0,,Unknown,2022-03-01 07:43:28,aplikasi mudah praktis
Cara biar aplikasi ini berguna gmn ya? Mencari tiket selalu tidak ada semua,1,0,2.5.0,2.5.0,2022-02-28 17:15:48,biar aplikasi guna gmn cari tiket tidak
Mantap cepat,5,0,,Unknown,2022-02-28 15:12:00,mantap cepat
Susah banget di gunakan aplikasinya,1,0,2.5.0,2.5.0,2022-02-25 22:04:05,susah banget aplikasi
"Apakah setiap booking tiket kita harus selalu masukin nama,no hp,email..? Koq nggak sekali aja,trus tersimpan. Trus fungsi apk di update kalo minim perbaikan,kasian kan ?!. Selebihnya apk RI ini bagus,gampang. Thanks RI",4,11,2.5.0,2.5.0,2022-02-24 15:22:08,booking tiket masukin namano hpemail koq nggak ajatrus simpan trus fungsi aplikasi update minim perbaikankasian lebih aplikasi ri bagusgampang thanks ri
Luar biasa responsif dan kenyamanan penumpang sangat diutamakan,5,0,2.5.0,2.5.0,2022-02-24 14:35:11,responsif nyaman tumpang utama
Assalamualaikum mohon maaf sehubungan banyak masyarakat memakai bank BRI untuk pembayaran bisa di tambah brimo dong,4,1,2.5.0,2.5.0,2022-02-22 21:17:06,assalamualaikum maaf hubung masyarakat pakai bank bri bayar brimo
"Susah banget pake aplikasi ini.ketika sdh order dan klik pembayaran, ga ada kelanjutannya..pernah email ke cs, dibalas, tp ga ada perubahan..ayo dong diperbaiki lagi..seat yg tersedia saat pemesanan, jadi bisa milih seat, pembayaran jg dimudahkan dan diperbanyak pilihannya..jangan kalah sama KAI atw penerbangan..Rosin udah keren, harus makin keren lagi...",3,20,2.5.0,2.5.0,2022-02-21 11:22:35,susah banget pake aplikasi iniketika sdh order klik bayar tidak kelanjutannyapernah email cs balas tidak perubahanayo baik lagiseat sedia mesan milih seat bayar mudah banyak pilihannyajangan kalah kai atw penerbanganrosin udah keren keren
Mau booking tiket tp pilihan busnya tidak muncul-muncul.,1,0,2.5.0,2.5.0,2022-02-15 21:35:05,booking tiket pilih bus tidak munculmuncul
Jelek,3,0,,Unknown,2022-02-09 03:41:29,jelek
Sangat membantu,5,0,,Unknown,2022-02-09 02:26:40,bantu
"Alhamdulilah, sekarang lebih simple dan up to date aplikasinya, tambah sukses ya rosalian indah dan lebih ditingkatkan lagi service/pelayanannya.",5,0,,Unknown,2022-02-06 15:57:23,alhamdulilah simple up to date aplikasi sukses rosalian indah tingkat servicepelayanannya
bisa pilih seat,3,0,2.4.9,2.4.9,2022-02-06 07:04:39,pilih seat
"Pesan > transfer done > konfirmasi pemesanan tiket tdk muncul,telp cs tidak aktif",1,1,2.5.0,2.5.0,2022-02-05 15:04:54,pesan transfer done konfirmasi mesan tiket tidak muncultelp cs tidak aktif
Rosalia lndah transpotasi mudah enggak ribet tepat waktu,4,0,2.5.0,2.5.0,2022-02-04 10:58:37,rosalia lndah transpotasi mudah ribet waktu
Servernya kurang besar memory nya.tgl 1 Februari 2022 aku pesen tiket exsekutif dari Balaraja tujuan gilingan solo cari bus berangkat jam 18.00.kata petugas tiket dah habis.dicek di aplikasi masih tersedia.dicek lagi di aplikasi tanggal 3 February masih tersedia.yang bener yang mana nii offline atau online.infonya.mohon perbaikan server biar uptudate gitu lho.,5,0,2.5.0,2.5.0,2022-02-03 08:31:03,servernya memory nyatgl februari sen tiket exsekutif balaraja tuju giling solo cari bus berangkat jam tugas tiket dah habisdicek aplikasi tersediadicek aplikasi tanggal february tersediayang bener nii offline onlineinfonyamohon baik server biar uptudate gitu lho
"Pilihan pembayaran ditambah dong, via va atau uang elektronik gt",4,11,2.5.0,2.5.0,2022-02-02 17:15:52,pilih bayar tambah via va uang elektronik gt
"Saya tidak bisa boking tiket dari aplikasi abal abal ini, jadi percuma kalau akhirnya disuruh datang ke agen.",2,0,,Unknown,2022-02-02 13:31:57,tidak boking tiket aplikasi abal abal suruh agen
"Baru install, langsung uninstall. Bingung cara kerja aplikasinya. Booking tiket, gak bisa2. Sudah ganti2 tempat pemberangkatan, tapi kosong terus hasilnya.",2,0,,Unknown,2022-02-02 11:42:55,install uninstall bingung aplikasi booking tiket tidak ganti berangkat kosong hasil
"Knp kode boking dan e tiket tidak di kirim ke email ya, sya kehilangan kode boking dan sudah berkali2 email cs nya tp no respon, di telp jga tdk di angkat2",1,0,,Unknown,2022-01-30 08:27:58,knp kode boking tiket tidak kirim email sya hilang kode boking kali email cs no respon telp jga tidak angkat
Kosong terus dicoba semua tanggal,1,0,,Unknown,2022-01-27 21:40:13,kosong coba tanggal
"Aplikasi bukan mempermudah malah bikin sulit, pesen tiket harus cek agen satu per satu ,tiket kosong semua harus ke agen juga akhirnya",1,0,,Unknown,2022-01-26 16:21:17,aplikasi bukan mudah bikin sulit sen tiket cek agen tiket kosong agen
Belibet,1,0,2.5.0,2.5.0,2022-01-21 12:55:42,belibet
GA GUNA,1,0,2.5.0,2.5.0,2022-01-19 20:51:11,tidak
"Kurang forum pembatalan tiket ,, jd susah",3,2,2.5.0,2.5.0,2022-01-19 16:03:30,forum batal tiket susah
Pelayananya mengecewakan kalo diagen,1,0,2.3.6,2.3.6,2022-01-19 14:01:05,pelayananya kecewa agen
"1 tahun gak melakukan perjalanan, giliran mau liat jadwal perjalanan gk bisa, perbaiki apk ini",1,1,2.5.0,2.5.0,2022-01-17 20:18:27,tahun tidak jalan gilir liat jadwal jalan tidak baik aplikasi
"Bagus sekali, sangat membantu",5,1,2.5.0,2.5.0,2022-01-15 06:50:05,bagus bantu
"Gimana sih masak mau lihat jadwal berangkat harus cari satu per satu.. harus pilih agen, harus pilih jenis bus yang banyak.... Kalau dicari juga belum tentu ada.. Kenapa gk diperlihatkan aja langsung seperti ""PADA TANGGAL 1 DI KOTA JEMBER ADA KEBERANGKATAN KE TUJUAN X, Y, Z DENGAN JAM SEBAGAI BERIKUT"" Jadi kita tinggal pilih tanggal & kota asal langsung diperlihatkan keberangkatan yg ada.. kan lebih simpel !!!",2,50,2.5.0,2.5.0,2022-01-15 01:46:47,gimana sih masak jadwal berangkat cari pilih agen pilih jenis bus cari tidak tanggal kota jember berangkat tuju jam tinggal pilih tanggal kota berangkat simpel
Setiap pesan lewat aplikasi jogja malang selalu tidak tersedia,2,0,2.5.0,2.5.0,2022-01-13 12:26:36,pesan aplikasi jogja malang tidak sedia
Mantap,5,0,,Unknown,2022-01-12 14:43:24,mantap
"Guna nya applikasi apa kalo pembayaran via mbanking ga bisa, merubah metode pembayaran gk bisa yg sudah terlanjur milih. Gk ada kode virtual nya. Tolong sdm iT nya di perbaikin.",2,8,2.5.0,2.5.0,2022-01-10 19:19:54,applikasi bayar via mbanking tidak rubah metode bayar tidak lanjur milih tidak kode virtual tolong sdm it perbaikin
Aplikasi tidak bisa di close. Tolong perbaiki lagi.,1,5,2.5.0,2.5.0,2022-01-10 02:22:11,aplikasi tidak close tolong baik
"KRITIK : untuk driver bus dengan nomor 468, keberangkatan yogyakarta - jember pada tanggal: 06-01-2022. Kenceng boleh yaa, tp kalo ngerem yg alus lah. Masa ngerem gk ada halus halusnya, terus kalo di jalur klakah jember bawanya kayak bawa bus ekonomi, jalan turunan dibejek kenceng aja. Nakutin penumpang lain . Kenceng boleh tp yg haluss, baru ini saya naek rosalia indah bawaannya kayak bukan naek ATB , gak enak banget. Saran : dibimbing lagi itu sopirnya 468 tgl 6 januari 2022 rute jbr",1,49,2.5.0,2.5.0,2022-01-08 20:49:13,kritik driver bus nomor berangkat yogyakarta jember tanggal kenceng yaa ngerem alus ngerem tidak halus halus jalur klakah jember bawa kayak bawa bus ekonomi jalan turun dibejek kenceng aja nakutin tumpang kenceng haluss naek rosalia indah bawa kayak bukan naek atb tidak banget saran bimbing sopir tgl januari rute jbr
"Masalah di login gak terdaftar terus, padahal dah sesuai, pasword gak bisa dibuka, jadi gak bisa lihat kita ngetik ya bener apa typo, bener gak bagus nih, cuma bikin emosi aja",1,0,,Unknown,2022-01-05 15:55:48,login tidak daftar dah sesuai pasword tidak buka tidak ngetik bener typo bener tidak bagus nih bikin emosi
Rosalia Service Nya Best Pokoknya 👍💯,4,0,2.5.0,2.5.0,2022-01-04 17:16:17,rosalia service best pokok
"Ga ada foto2nya dan ribet mau pesen, salah dikit ulangi dr awal, gmn mau tau itu bus nya dan kyk gmn gambarnya... Atau mungkin aslinya dalamanya bus nya jelek makanya ga dikasih foto dalam nya...??? Klo ga siap bikin aplikasi mending ga sa bikin, atau ganti yg buat lah jelek bgt aplikasinya",1,3,2.5.0,2.5.0,2022-01-02 19:46:09,tidak foto ribet sen salah dikit ulang dr gmn tau bus gmn gambar asli dalamanya bus jelek tidak kasih foto tidak bikin aplikasi mending tidak sa bikin ganti jelek banget aplikasi
"Gimana sih, tiap mau book tiket online g bisa",1,1,2.5.0,2.5.0,2022-01-01 18:39:44,gimana sih book tiket online
Jos membantu sekali aplikasinya gak perlu ribet ke agen dlu kalo mau pesen tiket,5,1,2.5.0,2.5.0,2021-12-30 17:06:55,jos bantu aplikasi tidak ribet agen dlu sen tiket
Langganan Super topnya Rosalia 😁,5,0,,Unknown,2021-12-29 19:00:57,langgan super top rosalia
"Sebenarnya sudah bagus sih, hanya saja tiap masuk pasti ada notifikasi untuk update tapi setelah dicek gaada pembaruan lg (sudah versi terbaru). Edited : sudah normal lg",5,8,2.5.0,2.5.0,2021-12-29 14:25:54,bagus sih notifikasi update cek gaada baru versi baru edited normal
Aplikasi BUSUK,1,0,2.5.0,2.5.0,2021-12-28 09:45:53,aplikasi busuk
Sangat puas dengan pelayanan,5,1,2.5.0,2.5.0,2021-12-27 15:41:07,puas layan
"Alhamdulillah pertama pakai aplikasi rosalia indah sangat membantu disaat agen slowrespon, pesen buat H-2 tgl 26 Dec alhmdllh msh kebagian seat meskipun dibelakang. After payment, lgsg e-tiket terbit, tp harus lewat web kalau mau download atau cetak. Di aplikasi blm bisa untuk fitur tersebut. Mungkin bisa dikembanhkan lagi, dan jg eticket bisa dikirimkan via email. Kode booking dikirim via sms, sangat membantu.",5,31,2.5.0,2.5.0,2021-12-25 07:06:42,alhamdulillah pakai aplikasi rosalia indah bantu saat agen slowrespon sen tgl dec alhmdllh msh bagi seat belakang after payment lgsg etiket terbit web download cetak aplikasi blm fitur dikembanhkan eticket kirim via email kode booking kirim via sms bantu
Bagus lebih mudah reservasi tiket tidak harus capek capek dateng ke agen,5,5,2.5.0,2.5.0,2021-12-24 06:59:01,bagus mudah reservasi tiket tidak capek capek dateng agen
Aplikasi ora mutu ora iso cek harga hapus aja google play store,1,2,2.5.0,2.5.0,2021-12-23 23:52:07,aplikasi ora mutu ora iso cek harga hapus google play store
"Mao mesen tiket kaga bisa"" 😥",1,2,2.5.0,2.5.0,2021-12-23 22:09:10,mao mesen tiket kaga
Lancar aplikasinya,5,0,2.5.0,2.5.0,2021-12-23 18:22:29,lancar aplikasi
Naik Bus Rosalia VIP. Cikarang Klaten. AC nya tdk Dingin. Freon nya hbis. Toilet nya kotor.,1,9,2.5.0,2.5.0,2021-12-23 15:40:48,bus rosalia vip cikarang klaten ac tidak dingin freon hbis toilet kotor
"Trmksh bs membantu ketika akan plg kmpung,layanan oke,armadanya jg oke,bs psn tiket lwt online",5,0,2.5.0,2.5.0,2021-12-23 09:13:43,trmksh bantu plg kmpunglayanan okearmadanya okebs psn tiket lwt online
"Aplikasinya sangat membantu perjalanan, semoga selalu mengutamakan layanan yg baik terus kedepannya",5,0,,Unknown,2021-12-22 21:47:58,aplikasi bantu jalan moga utama layan depan
Oke pelsysnan.,5,0,2.4.9,2.4.9,2021-12-22 14:32:09,oke pelsysnan
"Aplikasi tidak bisa exit, Aplikasi setelah diupdate malah tulisan update selalu muncul 😂",1,4,2.5.0,2.5.0,2021-12-22 07:19:54,aplikasi tidak exit aplikasi diupdate tulis update muncul
Belum bisa booking tiket online lewat aplikasi ini,4,0,2.4.9,2.4.9,2021-12-22 01:31:03,booking tiket online aplikasi
"Kurang responsif aplikasinya, tiket online habis dr tgl 23/12 smp tgl 13/01 namun kita di suruh menghubungi agen, sementara agen saya telpon gak mau angkat, di chat lama responnya... Hadeuh APUS ajalah ini aplikasi cuma menuhin memori aja ga bisa buat booking tiket.",2,1,2.4.9,2.4.9,2021-12-20 16:26:16,responsif aplikasi tiket online habis dr tgl smp tgl suruh hubung agen agen telpon tidak angkat chat responnya hadeuh apus aja aplikasi menuhin memori tidak booking tiket
Mantap,5,0,2.4.9,2.4.9,2021-12-20 10:40:09,mantap
"Armada besar tp ga mengutamakan kenyamanan, berangkat dri semarang ke Tangerang dr jam 20.30 di undur sampek jam 22.00 di jalan bis macet lebih dari 3x ga jelas emang",1,0,2.4.9,2.4.9,2021-12-20 05:42:33,armada tidak utama nyaman berangkat dri semarang tangerang dr jam undur sampek jam jalan bis macet tidak emang
Ok,5,0,2.4.9,2.4.9,2021-12-19 19:00:44,ok
Saran : tambahkan metode pembayaran seperti m-banking atau virtual payment lain agar lebih mudah.,4,1,2.4.9,2.4.9,2021-12-19 18:12:36,saran tambah metode bayar mbanking virtual payment mudah
Saya bener2 kecewa sama rosalia kali ini..katanya full tol..prjalanan dr palembang tujuan surabaya..tp nyatanya sampai detik ini belum sampai2..tryta ndak lwat tol lg,1,0,,Unknown,2021-12-17 21:36:59,bener kecewa rosalia inikatanya full tolprjalanan dr palembang tuju surabayatp detik sampaitryta ndak lwat tol
"Bru pertama kali Ri, disuru tunggu 1 jam dr jadwal kbrangkatan.. hzzzz gk on time",2,0,2.4.9,2.4.9,2021-12-16 11:49:08,bru ri disuru tunggu jam dr jadwal kbrangkatan hzzzz tidak on time
"parah bgt nih aplikasi, metode pembayarannya lebih lengkap di web, tapi di web gak bisa cek status pemesanan (ada pilihannya udh diisi tapi gak bisa di klik), kalo ke close udah gatau tadi berapa kode bookingnya, sampe proses apa ulang dari awal, tapi kursinya udh kepilih. ribet bgt",1,5,2.4.9,2.4.9,2021-12-13 08:29:00,parah banget nih aplikasi metode bayar lengkap web web tidak cek status mesan pilih isi tidak klik close udah gatau kode bookingnya sampe proses ulang kursi pilih ribet banget
UI/UX nya jelek bgt tolong diperbaiki,1,0,2.4.9,2.4.9,2021-12-08 19:59:43,uiux jelek banget tolong baik
Sekarang sering terlambat ditiket jam 6 sore jam20.30 belum berangkat dobel deker harga 250 tgl 30 nov 2021 dari Ciputat ke Semarang perbaiki lah manajemen waktu jangan penumpang suruh nunggu ngga jelas jaman digital Kaya jam batu.....,1,0,2.4.9,2.4.9,2021-11-30 20:31:09,lambat tiket jam sore jam berangkat dobel deker harga tgl nov ciputat semarang baik manajemen waktu jangan tumpang suruh nunggu ngga jaman digital kaya jam batu
"Bus datang telat mulu, sampe 2 jam",1,0,2.4.9,2.4.9,2021-11-26 23:08:40,bus telat mulu sampe jam
"Tepat waktu dalam perjalanan, dan harga tiket wajar.",5,0,2.4.2,2.4.2,2021-11-22 19:13:09,waktu jalan harga tiket wajar
Bayar tiket mahal2 tetep aja pelayanan amatir..payaaaah,1,0,2.4.9,2.4.9,2021-11-22 09:50:38,bayar tiket mahal tetep layan amatirpayaaaah
"Saat booking tiket, setelah membaca menu ""Peraturan dan Kondisi Terkait Pemesanan Tiket"" lalu kembali, Data yang sudah di isi tidak tersimpan/reset, tetapi kursi yang sudah di pilih tadi sudah terisi dan tidak dapat dipilih kembali. Tolong untuk hal seperti ini agar segera di benahi",1,6,2.4.9,2.4.9,2021-11-09 21:37:58,booking tiket baca menu atur kondisi kait mesan tiket data isi tidak tersimpanreset kursi pilih isi tidak pilih tolong benah
"Pengalaman menggunakan rosalia express, nyata. Jadi mau komplain gak dikasih media digital nya. Motor saya pengiriman dari Jogja ke bogor. Banyak kendala 1. Dari web lama banget jeda nya kurang wajar banget 2. Pas sudah sampai gak dikasih tau 3. Pas sampai motor injeksi gak mau nyala 4. Bisa2 nya ban belakang macet 5. Ke bengkel lagi dah biar bisa nyala",1,16,2.4.9,2.4.9,2021-11-09 09:46:18,alam rosalia express komplain tidak kasih media digital motor kirim jogja bogor kendala web banget jeda wajar banget tidak kasih tau motor injeksi tidak nyala ban macet bengkel dah biar nyala
"Service baik dan bagus, mohon bisa ditampilkan jadwal keberangkatan mulai titik awal hingga titik akhir.",4,0,2.4.9,2.4.9,2021-11-09 06:28:34,service bagus tampil jadwal berangkat titik titik
Cipppp,5,0,2.4.9,2.4.9,2021-11-08 23:00:57,cipppp
Ok,5,0,2.4.9,2.4.9,2021-11-08 17:30:15,ok
Aplikasi ok,5,0,2.4.9,2.4.9,2021-11-08 11:52:37,aplikasi ok
"Sudah instal, lengkapi data, eehh tiap dibuka ada info tuk update??? Sudah pilih tanggal, tempat berangkat dlll tapi gak muncul m3nu berikutnya",1,3,2.4.9,2.4.9,2021-11-08 10:52:22,instal lengkap data eehh buka info tuk update pilih tanggal berangkat dlll tidak muncul mnu
Keren,5,0,2.4.9,2.4.9,2021-11-07 21:39:16,keren
Cari tiket malah ada tulisan disuruh cari agen terdekat.. Trus gunanya aplikasi buat apa yah?? Nyesel download tapi ga ada guna nya..,1,1,2.4.9,2.4.9,2021-11-06 16:37:37,cari tiket tulis suruh cari agen dekat trus guna aplikasi yah nyesel download tidak
"Bersih, Nyaman dan tepat waktu",5,0,2.4.9,2.4.9,2021-11-06 11:54:35,bersih nyaman waktu
setelah di update koq malah tidak bisa digunakan. muncul pesan error,4,4,2.4.9,2.4.9,2021-11-06 09:08:59,update koq tidak muncul pesan error
"Kok minta update aplikasi terus ya, padahal baru install",5,0,2.4.9,2.4.9,2021-11-06 08:16:25,update aplikasi install
Top,5,0,2.4.9,2.4.9,2021-11-06 02:24:30,top
"Insyaallah,nyaman ,,🙏🏻😊 Dandi beekahi keselamatan bagi semua crew Rosalina indah Aammin",5,0,,Unknown,2021-11-05 19:51:53,insyaallahnyaman dandi beekahi selamat crew rosalina indah aammin
Bagus,5,0,2.4.9,2.4.9,2021-11-05 13:08:58,bagus
"Kurang user friendly aplikasinya, gabisa langsung nampilin tempat duduk sebelum pesen & kalau mau koreksi tanggal atau tempat keberangkatan maupun penurunan atau nyari pilihan bus lain setelah masuk halaman pemesanan harus kembali ke menu awal terus nulis ulang kriteria pencarian, kurang praktis",3,6,2.4.9,2.4.9,2021-11-05 04:50:21,user friendly aplikasi gabisa nampilin duduk sen koreksi tanggal berangkat turun nyari pilih bus halaman mesan menu nulis ulang kriteria cari praktis
System ok,5,0,2.4.9,2.4.9,2021-11-04 17:14:25,system ok
Ok,5,0,,Unknown,2021-11-04 16:36:47,ok
"Tingkatkan kualitas lagi, BIAR mudah pesan tiket Busnya",5,0,2.4.9,2.4.9,2021-11-04 09:20:23,tingkat kualitas biar mudah pesan tiket bus
siiip jioos,5,0,2.4.9,2.4.9,2021-11-03 09:32:28,siiip jioos
RosIn Mantuul..,5,0,2.4.9,2.4.9,2021-11-02 19:23:08,rosin mantuul
"Bagus nih buat Booking tiket terlebih dahulu sebelum berangkat. Oiya, mohon untuk di update, ketika pilih rute/bus mohon juga di sertakan detail seperti fasilitas apa yang di dapatkan jika memilih VIP, Super Executive atau sebagainya. Dan juga foto bus nya. Terimakasih",4,0,,Unknown,2021-11-02 18:16:34,bagus nih booking tiket berangkat oiya update pilih rutebus serta detail fasilitas dapat pilih vip super executive foto bus terimakasih
Masih belum bisa buka,3,0,2.4.9,2.4.9,2021-11-02 17:57:16,buka
Ok,5,0,2.4.9,2.4.9,2021-11-02 17:02:57,ok
Saya puas dg pelayanannya.. saya langganan terus untuk mudik dan balik lagi.. bagus sebenernya.. cuma kecewanua kemarin untuk pelayanan agen via online .. slow respon.. booking dari pagi tapi gk diproses sampai akhirnya kehabisan. Itu saja,1,0,,Unknown,2021-11-02 14:42:34,puas dg layan langgan mudik bagus sebenernya kecewanua kemarin layan agen via online slow respon booking pagi tidak proses habis
Ribet dan ga order,1,0,2.4.9,2.4.9,2021-11-02 11:35:37,ribet tidak order
Service penumpang oke,5,0,2.4.9,2.4.9,2021-11-01 19:46:58,service tumpang oke
Sangat membantu...,5,0,2.4.9,2.4.9,2021-11-01 09:19:35,bantu
Lagi dipelajari,3,0,2.4.9,2.4.9,2021-10-31 16:15:01,ajar
Mohon di bantu cara pembayaran via bca ko g muncul di vritual mau lanjut pembayaran.gi mana caranya,2,0,,Unknown,2021-10-30 13:58:08,bantu bayar via bca ko muncul vritual pembayarangi
"Saya pernah naik bis Rosalia Indah enak, nyaman, aman, tepat waktu",5,0,2.4.9,2.4.9,2021-10-30 13:37:35,bis rosalia indah nyaman aman waktu
Bagus,5,0,2.4.9,2.4.9,2021-10-29 23:42:49,bagus
Mantap,5,0,2.4.9,2.4.9,2021-10-29 16:37:41,mantap
Tepat waktu dan nyaman,5,0,2.4.9,2.4.9,2021-10-29 09:32:22,waktu nyaman
Bintang 1 saja dulu sbb saya sdh pasang Dan beli tiket nya tapi Kok gak bisa cek status tiket di aplikasi Dan email saya??? Padahal saya pelanggan setianya Rosalia 😳,1,3,2.4.9,2.4.9,2021-10-28 21:00:53,bintang sbb sdh pasang beli tiket tidak cek status tiket aplikasi email langgan setia rosalia
We good,5,0,2.4.9,2.4.9,2021-10-28 16:24:47,we good
Rosalia Indah armada yang nyaman..sudah saya gunakan sejak 2004 sampai sekarang,5,0,2.4.9,2.4.9,2021-10-28 16:22:53,rosalia indah armada nyamansudah
"Mantaappss,,,",5,0,2.4.9,2.4.9,2021-10-27 15:10:21,mantaappss
Kita coba dulu mudah2an jadi PO terbaik dalam pelayanan dan selalu berinovasi,4,0,2.4.9,2.4.9,2021-10-27 10:39:04,coba mudah po baik layan inovasi
Mantab,5,0,2.4.9,2.4.9,2021-10-27 06:45:57,mantab
Pelayanan ramah dan baik,5,0,2.4.9,2.4.9,2021-10-26 22:00:01,layan ramah
Semoga terus berkembang,5,0,2.4.9,2.4.9,2021-10-26 14:32:15,moga kembang
"Ga bisa cek harga tiket dulu tanpa harus isi data2, waktu daftar selesai klik akun kudu isi data2 pribadi lagi. Saya keberatan kalo harus ambil memberikan data2 pribadi untuk aplikasi seperti ini, seharusnya cukup dengan nama dan no hp aja udah cukup ga harus pake alamat dan ktp kuatir kebocoran data. Dan permudah juga untuk pengecekan harga tiket",1,15,2.4.9,2.4.9,2021-10-26 09:41:41,tidak cek harga tiket isi data waktu daftar selesai klik akun kudu isi data pribadi berat ambil data pribadi aplikasi nama no hp udah tidak pake alamat ktp kuatir bocor data mudah kece harga tiket
"Agak membingungkan penggunaannya aplikasi RI, mohon pengarahannya tks",3,0,2.4.9,2.4.9,2021-10-26 06:14:51,bingung guna aplikasi ri arah tks
Susah,2,0,,Unknown,2021-10-25 23:49:57,susah
Ok,5,0,2.4.9,2.4.9,2021-10-25 20:01:05,ok
Top apps,5,0,,Unknown,2021-10-25 16:49:49,top apps
"Sa terkendala login, padahal sudah benar input password+emailnya",3,0,2.4.9,2.4.9,2021-10-25 14:32:11,sa kendala login input passwordemailnya
Ok banget,5,0,2.4.9,2.4.9,2021-10-25 09:12:53,ok banget
Servis bagus,5,0,2.4.9,2.4.9,2021-10-24 22:43:32,servis bagus
Alhamdulillah..semua karena pertolongan allah sehingga semua urusan untuk pembelian tiket dimudahkan...terimakasih allah terimakasih rosalia,5,0,2.4.9,2.4.9,2021-10-24 10:52:42,alhamdulillahsemua tolong allah urus beli tiket dimudahkanterimakasih allah terimakasih rosalia
Ok,4,0,2.4.9,2.4.9,2021-10-23 20:56:10,ok
Ok,4,0,2.4.9,2.4.9,2021-10-22 19:54:19,ok
bagus,5,0,2.4.9,2.4.9,2021-10-22 18:45:31,bagus
Penyamanan,5,0,2.4.9,2.4.9,2021-10-22 17:34:46,nyaman
Mau coba dulu,4,0,,Unknown,2021-10-22 17:12:29,coba
Bagus dan membantu,4,0,,Unknown,2021-10-22 06:58:08,bagus bantu
Senang tepat waktu,5,0,2.4.9,2.4.9,2021-10-21 15:41:35,senang waktu
"Minta update Mulu, padahal ga ada update an",1,0,,Unknown,2021-10-21 14:17:38,update mulu tidak update an
"Udh psen tiket gk dapet email atau wa,pagi ini jalan tp bnr2 bingung mau ke outlet konfirmasi tkut gmna2. Anjggg",1,0,2.4.9,2.4.9,2021-10-21 05:27:43,psen tiket tidak dapet email wapagi jalan bnr bingung outlet konfirmasi tkut gmna anjggg
Ok mantap juoss,5,0,2.4.9,2.4.9,2021-10-21 00:05:16,ok mantap juoss
Aplikasi nya meminta utk update terus setiap kali berada di menu home,1,0,2.4.9,2.4.9,2021-10-20 18:55:05,aplikasi update menu home
Mantap,5,0,2.4.9,2.4.9,2021-10-20 18:29:59,mantap
"Kenapa disuruh update terus, padahal udh terupdate otomatis.. Sampai un-instal..",3,0,,Unknown,2021-10-20 14:48:50,suruh update terupdate otomatis uninstal
Good,5,0,2.4.9,2.4.9,2021-10-20 13:17:58,good
Top,4,0,,Unknown,2021-10-20 07:09:37,top
Top lah,5,0,,Unknown,2021-10-20 03:22:57,top
Nyaman,3,0,2.4.9,2.4.9,2021-10-19 23:33:45,nyaman
Good,5,0,2.4.9,2.4.9,2021-10-19 16:29:28,good
Siip,5,0,2.4.9,2.4.9,2021-10-19 10:08:35,siip
Keren,5,0,2.4.9,2.4.9,2021-10-18 19:35:52,keren
mbulet ae,1,0,2.4.9,2.4.9,2021-10-18 14:20:52,mbulet ae
Sangat mmbantu,5,0,2.4.9,2.4.9,2021-10-18 11:01:52,mmbantu
"bus bagus, pelayanan baik ramah, keselamatan baik, ketepatan waktu baik",5,0,2.4.9,2.4.9,2021-10-17 10:22:17,bus bagus layan ramah selamat tepat waktu
"Sudh download 100%, gabisa di instal loading teruss",1,0,,Unknown,2021-10-16 18:53:37,sudh download gabisa instal loading teruss
Nice,5,0,2.4.9,2.4.9,2021-10-16 10:31:30,nice
Memuaskan,5,0,2.4.9,2.4.9,2021-10-16 07:54:21,muas
"Sudah melakukan pembayaran tetapi tidak dapat email e-tiketnya. Sebagai customer merasa dirugikan. Lebih baik hati"" jika ingin melakukan pembelian online pada jasa transport rosalia ini",1,4,2.4.9,2.4.9,2021-10-15 22:18:52,bayar tidak email etiket customer rugi hati beli online jasa transport rosalia
Belom bisa di gunakan dengan sempurna apk ini ya admin mohon segara di perbaiki ya boss,1,0,2.4.9,2.4.9,2021-10-15 19:46:16,bom sempurna aplikasi admin segara baik boss
Bagus,5,0,2.4.9,2.4.9,2021-10-15 15:33:27,bagus
Kenapa kode verifikasi akun baru di GMAIL. Tidak keluar kode OTP. Sudah saya ulangi baik di web. Maupun aplikasi. Tapi tidak ada notif kode OTP di gmail....? Mohon pencerahan nya....?,3,1,,Unknown,2021-10-15 10:50:00,kode verifikasi akun gmail tidak kode otp ulang web aplikasi tidak notif kode otp gmail cerah
Top,5,0,2.4.9,2.4.9,2021-10-15 09:06:59,top
"Mulai naik lagi Rosalia Indah tyt masalah classic tetap terjadi, Dua kali ini pulang pergi dr Serang ke Boyolali dan Muntilan ke Serang masih saja Bus tdk On Time, mundur dr jam keberangkatan tidak kira2 1 jam lebih, ini jadwal ke Serang jam 18.00 sdh tiba dr jam 17.30 tp sampai ini ditulis jam 19.23 blm nongol juga busnya, malah dibilang 30 menit lagi sama agennya.. gilaaaaa....",1,8,2.4.9,2.4.9,2021-10-14 19:23:52,rosalia indah tyt classic pulang pergi dr serang boyolali muntilan serang bus tidak on time mundur dr jam berangkat tidak jam jadwal serang jam sdh dr jam tulis jam blm nongol bus bilang menit agen gilaaaaa
Aplikasi gak mutu.gak jelas bikinya setengah setengah,1,0,2.4.9,2.4.9,2021-10-14 07:09:33,aplikasi tidak mutugak bik
Sudah bayar e tiket pakai bca kode boking lipa di aplikasi cuman ada transakasi aja perlu ada perbaikan menu aplikasi,3,0,2.4.9,2.4.9,2021-10-13 18:41:37,bayar tiket pakai bca kode boking lipa aplikasi cuman transakasi baik menu aplikasi
Bagus dan pelayanan prima.,5,0,2.4.9,2.4.9,2021-10-13 18:31:50,bagus layan prima
Aplikasi ga jelas... udh di download malah ga bs cari tiket.. rugi gw,1,0,2.4.9,2.4.9,2021-10-13 09:05:57,aplikasi tidak download tidak cari tiket rugi gw
ok,5,0,,Unknown,2021-10-12 22:23:24,ok
Mantap,5,0,2.4.9,2.4.9,2021-10-12 20:49:21,mantap
⭐⭐⭐⭐⭐,5,0,2.4.9,2.4.9,2021-10-12 20:19:24,
Like,5,0,2.4.9,2.4.9,2021-10-11 20:51:32,like
Bagus,4,0,2.4.9,2.4.9,2021-10-11 20:08:13,bagus
Mantapp,5,0,2.4.9,2.4.9,2021-10-11 19:42:30,mantapp
Aplikasinya sangat membantu dan memudahkan untuk order tiket online,5,0,2.4.9,2.4.9,2021-10-11 17:04:24,aplikasi bantu mudah order tiket online
Aplikasi gak guna,1,0,,Unknown,2021-10-11 15:44:03,aplikasi tidak
Good,5,0,2.4.9,2.4.9,2021-10-11 13:01:11,good
Mantaaap abizzzz,4,0,2.4.9,2.4.9,2021-10-10 22:19:21,mantaaap abizzzz
oke banget,4,0,2.4.9,2.4.9,2021-10-10 21:54:57,oke banget
"-Informasi perjalanan di aplikasi sering gak nyambung dg layanan di Counter (Cust Service), prnh beli lewat aplikasi dan sdh dibyr ternyata armada gak brngkat. -Selain informasi jam keberangkatan, agar di tampilkan juga jam kedatangan di tempat tujuan, agar lebih pasti waktu tempuh dan lama perjalanan -menu Pembelian tiket agar bisa fasilitas Pulang Pergi (PP) -Layanan Cust Service diperbaiki, sering telpon ke CS sering gk direspon (telpon gak diangkat)",1,6,2.4.9,2.4.9,2021-10-10 21:20:30,informasi jalan aplikasi tidak nyambung dg layan counter cust service prnh beli aplikasi sdh dibyr armada tidak brngkat informasi jam berangkat tampil jam datang tuju waktu tempuh jalan menu beli tiket fasilitas pulang pergi pp layan cust service baik telpon cs tidak direspon telpon tidak angkat
Gagal booking tiket,1,0,2.4.9,2.4.9,2021-10-09 19:45:04,gagal booking tiket
"Aplikasi kok minta update terus, tp aetelah masuk ke play store yg ada tombol buka, bukan update.. E tiket nya bisa dilijat dimana, kok diaplikasi tidak ada, dan diemail juga tidak ada... ?",1,10,2.4.9,2.4.9,2021-10-09 13:53:23,aplikasi update aetelah play store tombol buka bukan update tiket dilijat mana aplikasi tidak email tidak
kenapa tidak bisa verivikasi email,1,0,2.4.9,2.4.9,2021-10-09 10:28:55,tidak verivikasi email
"Booking online tidak bisa, percuma !",1,0,2.4.9,2.4.9,2021-10-08 23:12:24,booking online tidak
Kasih 4 bintang dulu,4,0,2.4.9,2.4.9,2021-10-08 18:28:59,kasih bintang
Bagus,5,0,2.4.9,2.4.9,2021-10-08 10:45:27,bagus
oke,5,0,2.4.9,2.4.9,2021-10-08 10:42:51,oke
Cukup puas,3,0,2.4.9,2.4.9,2021-10-08 07:41:55,puas
Saya order via aplikasi dan sudah selesai payment dengan virtual account BCA. Cuma status tidak berubah2 dan sekarang malah hilang. Notifikasi di email atau SMS juga gak ada. Mohon segera konfirmasinya. Bukti dll sudah saya kirim email dan DM Instagram.,1,23,2.4.9,2.4.9,2021-10-08 00:26:31,order via aplikasi selesai payment virtual account bca status tidak ubah hilang notifikasi email sms tidak konfirmasi bukti dll kirim email dm instagram
Nyaman..dan menyenangkan,5,0,2.4.9,2.4.9,2021-10-07 21:27:41,nyamandan senang
Nyaman,5,0,2.4.9,2.4.9,2021-10-07 17:59:31,nyaman
Very very good,5,0,,Unknown,2021-10-06 09:18:17,very very good
"Pelayanan memuaskan, armada mantap, cuma wifi nya jarang yang aktiv...",5,0,2.4.9,2.4.9,2021-10-06 08:39:23,layan muas armada mantap wifi jarang aktiv
Recomended,5,0,2.4.9,2.4.9,2021-10-06 03:09:00,recomended
Keren,5,0,2.4.9,2.4.9,2021-10-06 00:15:51,keren
Ok,5,0,2.4.9,2.4.9,2021-10-05 20:58:12,ok
Belum di coba. Mudah2an bagus utk saya dan netizen yg berbudiman,3,0,2.4.9,2.4.9,2021-10-05 16:04:31,coba mudah bagus netizen budiman
Mantap,4,0,2.4.9,2.4.9,2021-10-04 23:13:56,mantap
Saya member sejak 6/2015,5,0,2.4.9,2.4.9,2021-10-04 19:01:58,member
Cek app,4,0,2.4.9,2.4.9,2021-10-04 14:23:48,cek aplikasi
Ok,5,0,2.4.9,2.4.9,2021-10-04 12:04:06,ok
Semuanya terasa lancar & mudah,5,0,2.4.9,2.4.9,2021-10-04 09:31:52,lancar mudah
Bagus,5,0,2.4.9,2.4.9,2021-10-03 17:48:23,bagus
"semakin kesini Apk semakin tak jelas error mulu ,perbarui terus,...trs riwayat beli tiket seharus nya di sertakan kode booking tempat duduk ,trs email gak ada masuk trs wa ,sms juga gak ada ,kalau memang ribet hapus aja APK nya ,biar tidak menyusahkan pelanggan ,cari simpel malah ribet",1,12,2.4.9,2.4.9,2021-10-03 12:39:45,kesini aplikasi error mulu baru terustrs riwayat beli tiket harus serta kode booking duduk trs email tidak trs wa sms tidak ribet hapus aplikasi biar tidak susah langgan cari simpel ribet
Pelayanan mantap,5,0,2.4.9,2.4.9,2021-10-03 10:21:13,layan mantap
Memudahkan calon penumpang,5,0,2.4.9,2.4.9,2021-10-02 22:15:47,mudah calon tumpang
Ok,5,0,2.4.9,2.4.9,2021-10-02 17:44:04,ok
Semoga memberi pelayanan yg baik,4,0,2.4.9,2.4.9,2021-10-02 17:38:43,moga layan
Tolong kearah Purwantoro dikasih armada Double Deckernya.....,3,0,,Unknown,2021-10-02 16:15:24,tolong arah purwantoro kasih armada double deckernya
Sangat baik,5,0,,Unknown,2021-10-02 08:41:56,
"Aplikasinya gak support. Waktu creat account disuruh masukin kode verifikasinya tapi gamasuk ke email. Udah pesen tiket udah bayar tapi kode booking gak bisa dicari lagi, hub CS gak respon haduh gimana sih. Susah jadinya kaya gini.",1,0,,Unknown,2021-10-01 18:41:51,aplikasi tidak support waktu creat account suruh masukin kode verifikasi gamasuk email udah sen tiket udah bayar kode booking tidak cari hub cs tidak respon haduh gimana sih susah kaya gin
"Sayang pembayaran via BNI tidak ada, tapi jangan khawatir tetap saya kasih bintang 5",5,0,2.4.9,2.4.9,2021-10-01 16:25:17,sayang bayar via bni tidak jangan khawatir kasih bintang
Sangat membantu dan ramah pelayanan,5,0,2.4.9,2.4.9,2021-10-01 10:28:34,bantu ramah layan
"Minta tolong supaya ditambahkan rute rute nya,, agar kami bisa memamtau juga ketersediaan jurusan yg mau kita ambil lewat aplikasi",5,0,2.4.9,2.4.9,2021-10-01 09:19:16,tolong rute rute memamtau sedia jurus ambil aplikasi
Mantab,5,0,2.4.9,2.4.9,2021-10-01 08:40:47,mantab
Mudah untuk pemesanan dari jauh ga harus ke agen,5,0,2.4.9,2.4.9,2021-09-30 12:17:51,mudah mesan tidak agen
My favorit bus mantuuuul,5,0,,Unknown,2021-09-30 09:45:23,my favorit bus mantuuuul
Bus yang nyaman,5,0,2.4.9,2.4.9,2021-09-30 08:36:57,bus nyaman
Mantap,5,0,2.4.9,2.4.9,2021-09-30 08:33:59,mantap
Sangat membantu perjalanan nya,4,0,2.4.9,2.4.9,2021-09-29 19:56:28,bantu jalan
Ok,5,0,2.4.9,2.4.9,2021-09-29 18:02:06,ok
Ok,5,0,2.4.9,2.4.9,2021-09-29 13:27:50,ok
Ok bagus,5,0,2.4.9,2.4.9,2021-09-29 13:11:06,ok bagus
Good,5,0,2.4.9,2.4.9,2021-09-29 12:38:38,good
Agen ri jangan ganti nomor trus n apabila ada calon pembeli dilayani dg baik wlpn via wa jangan dianggap repotin...,3,0,,Unknown,2021-09-29 09:58:00,agen ri jangan ganti nomor trus calon beli layan dg wlpn via wa jangan anggap repotin
Ok,5,0,2.4.9,2.4.9,2021-09-28 23:44:37,ok
baik,5,0,2.4.9,2.4.9,2021-09-28 21:20:24,
Jakarta - Purwantoro berapa mas Executive Plus yang dari kmp rambutan ya jangan dari jati jajar,5,0,2.4.9,2.4.9,2021-09-28 20:08:56,jakarta purwantoro mas executive plus kmp rambutan jangan jati jajar
Lancar,5,0,2.4.9,2.4.9,2021-09-28 18:50:11,lancar
Aplikasi ga bagus sering minta update,1,0,,Unknown,2021-09-28 15:37:13,aplikasi tidak bagus update
Ok,5,0,2.4.9,2.4.9,2021-09-28 09:49:57,ok
Ok,5,0,2.4.9,2.4.9,2021-09-28 07:41:39,ok
Mantap,5,0,2.4.9,2.4.9,2021-09-27 19:39:27,mantap
Sangat membantu,5,0,2.4.9,2.4.9,2021-09-27 18:16:21,bantu
Keren. Membantu,4,0,2.4.9,2.4.9,2021-09-27 09:48:11,keren bantu
Safety first,5,0,2.4.9,2.4.9,2021-09-26 20:26:59,safety first
Lupa paswordnya,4,0,,Unknown,2021-09-26 06:47:14,lupa paswordnya
Mantap,5,0,2.4.9,2.4.9,2021-09-26 04:26:30,mantap
Mantapp,5,0,2.4.9,2.4.9,2021-09-25 22:22:48,mantapp
Aplikasi sampah habis habisin kuota pesan online kok semua penuh dari h-1 sampai seminggu kedepan semua kelas jurusan ke jawa timur.. Jangan download aplikasi ini.. Buang buang kuota aja,1,2,2.4.9,2.4.9,2021-09-25 08:20:26,aplikasi sampah habis habisin kuota pesan online penuh minggu depan kelas jurus jawa timur jangan download aplikasi buang buang kuota
Nyaman,5,0,2.4.9,2.4.9,2021-09-24 21:15:11,nyaman
Praktis,5,0,2.4.9,2.4.9,2021-09-23 21:32:31,praktis
Yeay,5,0,2.4.9,2.4.9,2021-09-23 14:39:35,yeay
Ok,5,0,2.4.9,2.4.9,2021-09-23 13:17:37,ok
"Alhamdulillah...armada yg amanah,tidak ugal ugalan dan tepat waktu dan yg terpenting drivernya tidak merokok didalam bus ketika perjalanan ...istiqomah yaa...smoga berkah",5,0,,Unknown,2021-09-23 12:26:31,alhamdulillaharmada amanahtidak ugal ugalan waktu penting drivernya tidak rokok dalam bus jalan istiqomah yaasmoga berkah
"Armada n pelayanan saya acungin jempol, dah langganan dr 2018 malang - bogor pp. sekedar masukan lebih lengkap ada aplikasi buat download tiket yg sudah di beli biar lebih jelas,jd g perlu lagi print saat ceckin",5,7,2.4.9,2.4.9,2021-09-22 21:16:53,armada layan acungin jempol dah langgan dr malang bogor pp dar masuk lengkap aplikasi download tiket beli biar jelasjd print ceckin
sipp ok,4,0,2.4.9,2.4.9,2021-09-22 19:53:00,sipp ok
Aplikasi jadul . Susah buat transaksi,1,0,2.4.9,2.4.9,2021-09-22 13:37:17,aplikasi jadul susah transaksi
"Ni aplikasi selalu "" hubungi agen terdekat "" ... Buat apa bikin aplikasi gk bs d oake? 😂😂😂",1,0,,Unknown,2021-09-22 06:41:05,ni aplikasi hubung agen dekat bikin aplikasi tidak oake
Good,4,0,2.4.9,2.4.9,2021-09-21 21:35:54,good
Kenyamanan dan terpercaya,5,0,2.4.9,2.4.9,2021-09-21 21:01:21,nyaman percaya
Mantul,5,0,,Unknown,2021-09-21 18:44:17,mantul
"Rosalia Indah full service, rumah makan milik sendiri..TOP.",5,0,2.4.9,2.4.9,2021-09-21 14:13:22,rosalia indah full service rumah makan milik sendiritop
"Selamat siang. Mohon dibenahi untuk penempatan denah kursi yg di aplikasi, kemaren saat saya pesan lewat aplikasi toiletnya berada di belakang. Ketika sudah di dalam bis ternyata toilet di tengah. Saya sudah menghindari agar tidak dekat toilet, malah tepat diatas toilet .terimakasih",3,0,,Unknown,2021-09-21 13:23:33,selamat siang benah tempat denah kursi aplikasi kemaren pesan aplikasi toilet bis toilet tengah hindar tidak toilet atas toilet terimakasih
Ok,5,0,2.4.9,2.4.9,2021-09-21 12:47:07,ok
Good job,5,0,2.4.9,2.4.9,2021-09-21 11:43:26,good job
Mantab,5,0,2.4.9,2.4.9,2021-09-21 05:54:42,mantab
Mantap,5,0,2.4.9,2.4.9,2021-09-20 16:18:20,mantap
"Saran : - Tolong ditambahkan rute perjalanan yg diambil (menu pilih rute) agar informasi yang didadapat pelanggan lebih detail. - Sebaiknya SPBU yg berkerjasama dengan Rosin yang dekat dengan pintu Tol, pengalaman saya terjebak macet parah di Cikampek karena mau isi BBM. - Toilet rest area / perwakilan / agen Rosin gratis. Saya mendukung Rosin untuk menjadi 5 stars.",4,34,2.4.9,2.4.9,2021-09-20 13:59:45,saran tolong rute jalan ambil menu pilih rute informasi didadapat langgan detail spbu berkerjasama rosin pintu tol alam jebak macet parah cikampek isi bbm toilet rest area wakil agen rosin gratis dukung rosin stars
Kurang bagus aplikasi Rosalia Indah,2,0,2.4.9,2.4.9,2021-09-20 13:22:33,bagus aplikasi rosalia indah
Membantu buat pesen RosIn,5,0,2.4.9,2.4.9,2021-09-20 13:16:05,bantu sen rosin
Tidak bisa pesan online,4,0,,Unknown,2021-09-20 03:34:32,tidak pesan online
"Baru juga download, masa udah disuruh update :(",3,0,2.4.9,2.4.9,2021-09-19 17:42:11,download udah suruh update
"Tiketnya habis, meski masih minggu depan",1,0,2.4.9,2.4.9,2021-09-19 16:54:48,tiket habis minggu
Good,5,0,2.4.6,2.4.6,2021-09-18 17:34:45,good
"Sudah update, tapi selalu surih update",2,0,2.4.9,2.4.9,2021-09-18 16:20:29,update surih update
👍,5,0,2.4.9,2.4.9,2021-09-18 15:20:18,
Bus rosalia.. memang Top.. tepat waktu.. danntidaknpernah meaikan serta menurunkan penumpang di sembarang jalan.. top abis,5,0,,Unknown,2021-09-18 09:23:54,bus rosalia top waktu danntidaknpernah meaikan turun tumpang sembarang jalan top abis
🙂,5,0,2.4.9,2.4.9,2021-09-18 00:59:38,
Ok banget,5,0,2.4.9,2.4.9,2021-09-17 20:04:46,ok banget
Puas banget pelayanan bus nya memuat pokoknya..Joss muantab,5,0,,Unknown,2021-09-17 11:56:57,puas banget layan bus muat pokoknyajoss muantab
Benar2 buruk,1,1,2.4.9,2.4.9,2021-09-16 16:51:31,buruk
"Minta update mulu notifnya,smpe dihapus download lg sma aja..lama² hapus permanen nih apk",1,0,2.4.9,2.4.9,2021-09-16 14:53:37,update mulu notifnyasmpe hapus download sma ajalama hapus permanen nih aplikasi
Susah di buka,5,0,,Unknown,2021-09-16 09:18:33,susah buka
👍🏻👍🏻👍🏻,5,0,2.4.9,2.4.9,2021-09-15 19:10:36,
Agak susah,2,1,2.4.9,2.4.9,2021-09-15 17:13:11,susah
"Booking lewat web, giliran pembayaran sukses webnya not found sebelum dapat kode booking, tlp ke CS parah gaada jawaban tlp ga bisa dihubungi",1,0,,Unknown,2021-09-15 07:51:15,booking web gilir bayar sukses webnya not found kode booking tlp cs parah gaada tlp tidak hubung
Good,5,0,2.4.9,2.4.9,2021-09-14 23:40:05,good
👍👍👍👍,5,0,2.4.9,2.4.9,2021-09-13 20:37:25,
Mantab,5,0,,Unknown,2021-09-13 19:40:35,mantab
Masa baru di instal udh minta update lg..mana nyoba cari tiket ga bisa 😣,3,0,2.4.9,2.4.9,2021-09-13 17:34:24,instal update lgmana nyoba cari tiket tidak
Jooos,5,0,2.4.9,2.4.9,2021-09-12 22:55:56,jooos
Pelayanan bagus,5,0,2.4.9,2.4.9,2021-09-12 20:46:38,layan bagus
"Istimewa, nyaman,aman, pelayanan memuaskan tp sayang cuma satu kadang sampai tujuan telat dr estimasinya... Skses selalu RosIn",5,0,2.4.9,2.4.9,2021-09-12 18:21:00,istimewa nyamanaman layan muas sayang kadang tuju telat dr estimasi skses rosin
Good,5,0,2.4.9,2.4.9,2021-09-12 17:07:39,good
Bis nyaman pelayanan ok.,5,0,2.4.9,2.4.9,2021-09-11 23:04:05,bis nyaman layan ok
Wow amazing solo - citeureup murmer + makan,5,0,2.4.9,2.4.9,2021-09-11 14:58:36,wow amazing solo citeureup murmer makan
Bagus,5,0,2.4.9,2.4.9,2021-09-11 10:02:35,bagus
Pemesanan Bus Class masih gak ngerti,3,0,2.4.9,2.4.9,2021-09-11 02:49:22,mesan bus class tidak ngerti
Ok,5,0,,Unknown,2021-09-10 20:14:23,ok
Sudah mendaftar tapi ko ga dapet balasan email? Harusnya ada balasan nama user dan password-nya malah di register ulang katanya alamat email sudah terdaftar tapi blom dapet balasan juga tolong di perbaiki lagi,5,1,2.4.9,2.4.9,2021-09-10 10:52:32,daftar ko tidak dapet balas email balas nama user passwordnya register ulang alamat email daftar blom dapet balas tolong baik
Sangat membantu,5,0,2.4.3,2.4.3,2021-09-10 08:44:03,bantu
Bagus namun sayang respon cd-nya lambat,1,0,,Unknown,2021-09-10 07:10:40,bagus sayang respon cdnya lambat
Gak da guna aplikasi ini.. Tiap saya pesen udah masukin semua. Tujuan apalah... Tiket habis....,1,3,2.4.9,2.4.9,2021-09-09 13:46:11,tidak da aplikasi sen udah masukin tuju apa tiket habis
Mantap,5,0,2.4.9,2.4.9,2021-09-09 08:21:01,mantap
"Ah aplikasi apa ini baru aja di instal minta update , bikin account baru aja lelet",1,0,2.4.9,2.4.9,2021-09-08 13:37:43,ah aplikasi instal update bikin account lelet
Alhamdulillah mudah di gunakan,5,0,2.4.9,2.4.9,2021-09-08 13:32:30,alhamdulillah mudah
Good,5,0,2.4.9,2.4.9,2021-09-08 11:23:37,good
Josssa,5,0,2.4.9,2.4.9,2021-09-08 10:46:01,josssa
Okey ...,5,0,2.4.3,2.4.3,2021-09-08 07:56:56,okey
ok,5,0,2.4.9,2.4.9,2021-09-07 09:38:04,ok
Great,5,0,2.4.9,2.4.9,2021-09-06 22:01:38,great
Good,5,0,,Unknown,2021-09-06 21:17:24,good
biasa aja !,5,0,,Unknown,2021-09-06 20:01:29,
Good,5,0,2.4.9,2.4.9,2021-09-06 19:20:12,good
Mantap,5,0,2.4.9,2.4.9,2021-09-06 16:31:12,mantap
Kendaraan nyamam,5,0,2.4.9,2.4.9,2021-09-06 15:09:44,kendara nyamam
"Aplikasinya kurang simple terutama pada kolom pemesanan bus, masih mudah layer redb*s",4,0,2.4.9,2.4.9,2021-09-05 09:59:07,aplikasi simple kolom mesan bus mudah layer redbs
Susah aksesnya,2,0,,Unknown,2021-09-05 09:53:05,susah akses
"Baik, pelayanan mantap",5,0,,Unknown,2021-09-05 09:21:44,layan mantap
mantab,4,0,2.4.9,2.4.9,2021-09-05 07:28:56,mantab
Mantap,5,0,2.4.9,2.4.9,2021-09-04 08:02:00,mantap
Terima kasih ROSIN 🙏,5,0,2.4.9,2.4.9,2021-09-03 18:45:47,terima kasih rosin
Fine,4,0,2.4.9,2.4.9,2021-09-03 13:24:27,fine
sangat memuaskan,5,0,2.4.9,2.4.9,2021-09-03 11:34:16,muas
Bagus,5,0,2.4.9,2.4.9,2021-09-03 10:29:50,bagus
Online malah gajelas!!!!,1,0,2.4.9,2.4.9,2021-09-01 23:46:59,online gajelas
Mantap,5,0,2.4.9,2.4.9,2021-09-01 15:25:47,mantap
Pelayanan bagu,5,0,2.4.6,2.4.6,2021-09-01 13:20:06,layan bagu
G pernah kecewa naik Rosalia Indah..,5,0,2.4.9,2.4.9,2021-08-30 15:24:42,kecewa rosalia indah
"Penanganan komplain parah sekali, saya pesan tiket pembayaran sudah masuk saat tidak bs jalan krn ternyata kode expired untuk refund kita disuruh urus sendiri ke Bank Permata, dari pihak Rosalia lepas tangan. Saran saya hati2 untuk pengguna lain jangan sampai perlu refund tiket dengan kondisi seperti saya yg ada kita sudah rugi, repot urusnya, pengembalian juga tidak jelas apa bs dikembalikan",1,19,2.4.9,2.4.9,2021-08-29 19:05:37,tangan komplain parah pesan tiket bayar tidak jalan kode expired refund suruh urus bank permata rosalia lepas tangan saran hati guna jangan refund tiket kondisi rugi repot urus kembali tidak kembali
armada ros in yg double decker mantull 👍,5,0,2.4.9,2.4.9,2021-08-29 12:11:49,armada ros in double decker mantull
Matur nuwun,5,0,2.4.9,2.4.9,2021-08-29 05:52:56,matur nuwun
Ada yg punya no wa gagen Bekasi timur depan Depsos,4,0,,Unknown,2021-08-28 14:35:35,no wa gagen bekas timur depsos
Benahi sistem,2,0,2.4.9,2.4.9,2021-08-28 05:17:41,benah sistem
Good,5,0,2.4.9,2.4.9,2021-08-27 22:28:59,good
Dicoba aplikasinya,5,0,,Unknown,2021-08-27 20:36:41,coba aplikasi
"Tolong lah jgn di persulit suruh update terus , mau pesen bukan mau utang",5,0,2.4.9,2.4.9,2021-08-26 17:50:43,tolong jgn sulit suruh update sen bukan utang
Bagus,5,0,2.4.9,2.4.9,2021-08-26 16:48:57,bagus
Ok,5,0,2.4.9,2.4.9,2021-08-26 10:25:09,ok
Nyaman enak..penuh sensasi..,5,0,2.4.9,2.4.9,2021-08-26 08:48:58,nyaman enakpenuh sensasi
Manjiwww,5,0,2.4.9,2.4.9,2021-08-25 18:38:52,manjiwww
Mantull,4,0,2.4.9,2.4.9,2021-08-25 11:07:05,mantull
"Baru download udah suruh update, maunya apa 😦",2,0,2.4.9,2.4.9,2021-08-24 20:23:56,download udah suruh update mau
"Aplikasi yang mumpuni 👍, terus tingkatkan dan pertahankan mutu pelayanan ✨✨✨",5,0,2.4.9,2.4.9,2021-08-24 18:06:10,aplikasi mumpuni tingkat tahan mutu layan
Aplikasi yg mudah digunakan dan sangat membantu. Mohon admin update selalu bila ada perubahan terutama pada masa PPKM ini. Terimakasih,5,1,2.4.9,2.4.9,2021-08-24 06:57:19,aplikasi mudah bantu admin update ubah ppkm terimakasih
Belum nyoba smg bagus,4,0,2.4.9,2.4.9,2021-08-22 11:51:15,nyoba smg bagus
Ok,5,0,2.4.9,2.4.9,2021-08-22 07:22:25,ok
Ok,5,0,2.4.9,2.4.9,2021-08-22 06:46:06,ok
No handphone yg di isi harus yg sambung wa ato enggak??,3,0,2.4.9,2.4.9,2021-08-21 15:02:58,no handphone isi sambung wa ato
Mantap,5,0,2.4.9,2.4.9,2021-08-20 22:22:46,mantap
Good,5,0,2.4.9,2.4.9,2021-08-20 10:03:15,good
Sampah,4,0,2.4.9,2.4.9,2021-08-20 09:03:24,sampah
bagus,5,0,2.4.9,2.4.9,2021-08-20 00:07:35,bagus
"Tujuan ke Klaten - Cikarang / Cikarang - Klaten pilihan menu bus untuk double Decker / non double Decker untuk sekelas diatas nya VIP dan executive class blum tersedia kah,?",4,21,2.4.9,2.4.9,2021-08-19 20:57:11,tuju klaten cikarang cikarang klaten pilih menu bus double decker non double decker kelas atas vip executive class blum sedia kah
Rosalia indah memang hebat selalu lebih maju dari yg lain,5,0,2.4.9,2.4.9,2021-08-19 18:27:24,rosalia indah hebat maju
Semoga gak ada kendala,5,0,,Unknown,2021-08-19 16:59:32,moga tidak kendala
Okr,5,0,2.4.9,2.4.9,2021-08-19 12:57:05,okr
"Aplikasi bagus, sangat memudahkan pelanggan rosalia dalam pemesanan tiket. Sekedar masukan, tolong diperbanyak lagi metode pembayarannya. Transfer bank contohnya. Terimakasih.",5,0,2.4.9,2.4.9,2021-08-18 16:42:37,aplikasi bagus mudah langgan rosalia mesan tiket dar masuk tolong banyak metode bayar transfer bank contoh terimakasih
Baru pakai ... Nanti kasih bintang 5 jika okay,4,0,2.4.9,2.4.9,2021-08-18 13:06:18,pakai kasih bintang okay
"Untuk hp saya yg tidak bagus ini, aplikasi nya sedikit aneh, seperti ketika telah memilih tiket lalu ke sesi isi data diri penumpang, ketika di back ingin mencari hari lain malah daftar tiket yang sebelumnya muncul menjadi hilang, alhasil harus ulang lagi deh dari awal isi tanggal dll. Setelah itu mungkin bisa di munculkan rute"" Yg bisa di tuju, soalnya kadang bingung gak ada tiket nya 😭",3,21,2.4.9,2.4.9,2021-08-18 10:38:40,hp tidak bagus aplikasi aneh pilih tiket sesi isi data tumpang back cari daftar tiket muncul hilang alhasil ulang deh isi tanggal dll muncul rute kadang bingung tidak tiket
Top,4,0,2.4.9,2.4.9,2021-08-17 20:16:47,top
"Aplikasinya dari dulu gini gini aja,ga berkembang....mau cari tiketi disini amat susah",2,0,,Unknown,2021-08-17 20:04:24,aplikasi gin gin ajaga berkembangmau cari tiket susah
Sippppp,5,0,2.4.9,2.4.9,2021-08-17 06:47:32,sippppp
"Mudah"" dengan aplikasi ini bisa lebih gampang kalau mau pesen tiket",5,0,2.4.9,2.4.9,2021-08-16 15:15:24,mudah aplikasi gampang sen tiket
Keren,5,0,2.4.9,2.4.9,2021-08-16 11:19:59,keren
Good,4,0,2.4.9,2.4.9,2021-08-16 09:31:53,good
Ok,5,0,2.4.9,2.4.9,2021-08-16 07:55:34,ok
Mantap,5,0,2.4.9,2.4.9,2021-08-16 07:37:14,mantap
Good,5,0,2.4.9,2.4.9,2021-08-15 10:27:41,good
Khusus yg Double Decker pelayanan istimiwir,5,0,2.4.9,2.4.9,2021-08-14 07:29:20,double decker layan istimiwir
TOP,5,0,2.4.9,2.4.9,2021-08-14 06:17:10,top
Aplikasinya jelek. Mau bikin account aja gak bisa. Apalagi pesan tiket.,1,0,,Unknown,2021-08-13 20:37:58,aplikasi jelek bikin account tidak pesan tiket
Cukup mudah untuk cari tiket,5,0,2.4.9,2.4.9,2021-08-13 19:17:40,mudah cari tiket
Oke ...,4,0,2.4.9,2.4.9,2021-08-13 08:45:34,oke
Baik,5,0,2.4.9,2.4.9,2021-08-13 08:37:47,
Sangat bagus,5,0,2.4.9,2.4.9,2021-08-12 09:01:37,bagus
Mantp nyaman,5,0,2.4.9,2.4.9,2021-08-12 08:17:20,mantp nyaman
"Perlu disempurnakan, belum. Bisa bayar pakai mandiri Online, etiket belum bisa kedownload",4,0,2.4.9,2.4.9,2021-08-11 14:21:31,sempurna bayar pakai mandiri online etiket kedownload
"Untung ada rosalia online, ga susah datang ke agen, bisa pilih kursi, bisa mbaking pula. Mantab rosalia indah, mengikuti jaman banget",5,6,2.4.9,2.4.9,2021-08-11 00:55:10,untung rosalia online tidak susah agen pilih kursi mbaking mantab rosalia indah ikut jaman banget
Pelayaman po rosalia samgat baik & tepat waktu,5,0,2.4.9,2.4.9,2021-08-11 00:43:57,layam po rosalia samgat waktu
Ok,5,0,,Unknown,2021-08-10 15:13:12,ok
Transportasi yg memuaskan emang ROSALIA INDAH...dng pelayanan yg ramah dan harga tiket yg terjangkau....👍👍👍,5,1,2.4.9,2.4.9,2021-08-10 15:07:56,transportasi muas emang rosalia indahdng layan ramah harga tiket jangkau
Praktis dan terpercaya,5,0,2.4.9,2.4.9,2021-08-10 12:35:01,praktis percaya
mantapp,5,0,2.4.9,2.4.9,2021-08-10 08:49:09,mantapp
Saya coba pesan lewat aplikasi koq tidak bisa cek kode pemesanan?? error teruss... No.WA pemesanan brp yaa?? saya mau berangkat besok hari selasa... Trims,5,6,2.4.9,2.4.9,2021-08-09 15:58:43,coba pesan aplikasi koq tidak cek kode mesan error teruss nowa mesan brp yaa berangkat besok selasa trims
Bagggus,5,0,2.4.9,2.4.9,2021-08-08 23:39:49,bagggus
Mantabs,5,0,2.4.9,2.4.9,2021-08-08 17:50:46,mantabs
Terbaik,5,0,2.4.3,2.4.3,2021-08-08 14:24:30,baik
"Gak ngerti gw, bru download suruh update",5,0,2.4.9,2.4.9,2021-08-08 08:28:47,tidak ngerti gw bru download suruh update
"menyenangkan, tp kapan wonogiri-merak d kasih sdd,, insyaallah pasti rame min, yg sbelah aj udh skelas eksekuitif plus masa ri blom..",5,0,2.4.9,2.4.9,2021-08-08 00:39:07,senang wonogirimerak kasih sdd insyaallah rame min sbelah aj skelas eksekuitif plus ri blom
"Bus bersih,rapi,berkualitas. tapi untuk jam tempuhnya masih kurang cepet..",5,0,,Unknown,2021-08-07 18:56:59,bus bersihrapiberkualitas jam tempuh cepet
"Rosin gak diragukan lagi,dari armada,pelayanan jg kenyamanan🙏",5,0,2.4.9,2.4.9,2021-08-07 17:51:56,rosin tidak ragu lagidari armadapelayanan nyaman
Sangat baik pelayanan ri,5,0,2.4.3,2.4.3,2021-08-07 14:00:14,layan ri
Mantap,5,0,2.4.9,2.4.9,2021-08-06 18:59:26,mantap
Keren,5,0,,Unknown,2021-08-06 18:03:02,keren
Ok banget,5,0,2.4.9,2.4.9,2021-08-05 18:29:56,ok banget
"Aplikasi ini tidak bisa di gunakan .ya setelah update....malah tidak bisa digunakan mohon infonya,Saya sebagai pengguna armada Rosin kecewa",1,3,2.4.9,2.4.9,2021-08-05 11:53:30,aplikasi tidak updatemalah tidak infonyasaya guna armada rosin kecewa
Ditingkatkan lagi.,5,0,2.4.9,2.4.9,2021-08-05 10:24:32,tingkat
Nyaman,5,0,2.4.9,2.4.9,2021-08-04 15:04:47,nyaman
Pertahan pelayanan prima,4,0,2.4.9,2.4.9,2021-08-03 19:46:23,tahan layan prima
"Hallo rosalia....sy pengguna setia smrg-merak,smrg-jkrt,smrg-Lampung pelayanannya sangat baik.",4,0,,Unknown,2021-08-03 16:51:44,rosaliasy guna setia smrgmeraksmrgjkrtsmrglampung layan
"Sangat kecewa dengan po.rosalia indah,tiket sudah pesen H-4 ,sudah deal duduk di 1a & 1b ,ehhhh....tidak ada pemberitahuan terlebih dahulu di pindahkan ke kursi 4c +4d ,kalo ada pemberitauhan dulu mungkin tidak pada kecewa calon penumpang ,po.rosalia indah terkesan nyaman,aman,memuaskan para penumpang ,malah jadi mengecewakan penumpang👎👎👎",1,23,2.4.9,2.4.9,2021-08-03 15:50:22,kecewa porosalia indahtiket sen deal duduk ehhhhtidak pemberitahuan pindah kursi kalo pemberitauhan tidak kecewa calon tumpang porosalia indah kes nyamanamanmemuaskan tumpang kecewa tumpang
Mobil pelayanan bagus dan nyaman,4,0,2.4.6,2.4.6,2021-08-03 13:36:04,mobil layan bagus nyaman
Oke,5,0,2.4.9,2.4.9,2021-08-03 11:37:42,oke
Ga bisa di buka,1,0,2.4.9,2.4.9,2021-08-03 10:50:14,tidak buka
Praktis,5,0,2.4.9,2.4.9,2021-08-02 23:36:33,praktis
Memudahkan untuk memesan tiket,5,0,2.4.9,2.4.9,2021-08-02 16:27:33,mudah mes tiket
Nyaman,5,0,2.4.9,2.4.9,2021-08-02 14:07:12,nyaman
"Transportasi yang menemani dari pulau Jawa ke pulau Sumatera begitupun sebaliknya, dari tahun 2007",5,0,2.4.9,2.4.9,2021-08-01 22:16:22,transportasi tani pulau jawa pulau sumatera tahun
Teman perjalanan yang memuaskan,5,0,2.4.9,2.4.9,2021-08-01 15:39:05,teman jalan muas
Mantap,5,0,,Unknown,2021-08-01 13:06:45,mantap
Keren!!!,5,0,2.4.9,2.4.9,2021-08-01 11:45:45,keren
Cepat dan akurat,5,0,2.4.9,2.4.9,2021-08-01 11:28:52,cepat akurat
Gak jelas,1,0,2.4.9,2.4.9,2021-08-01 08:30:10,tidak
Baru mau coba,4,0,2.4.6,2.4.6,2021-07-30 05:17:00,coba
Good,5,0,2.4.9,2.4.9,2021-07-29 19:12:38,good
Bagus,5,0,2.4.9,2.4.9,2021-07-29 00:19:18,bagus
Ok jg bus 👍👍👍👍,4,0,,Unknown,2021-07-28 19:34:18,ok bus
Saya sudah melakukan pembayaran kenapa tidak dapat kode booking nya 😠😠👎👎👎,1,0,,Unknown,2021-07-27 21:13:56,bayar tidak kode booking
Propesional,5,0,2.4.9,2.4.9,2021-07-27 11:03:18,propesional
"Untuk pembayaran kurang variatif, bisa ditmbh menu bank lainnya",3,0,2.4.9,2.4.9,2021-07-27 07:41:56,bayar variatif ditmbh menu bank
Ga berguna,1,0,,Unknown,2021-07-26 13:06:49,tidak guna
Top,4,0,2.4.9,2.4.9,2021-07-26 10:10:23,top
Aplikasi Sangat Bagus. Mudah reservasi. Hanya kurang banyak pilihan bank pembayaran.,5,1,2.4.9,2.4.9,2021-07-26 08:56:56,aplikasi bagus mudah reservasi pilih bank bayar
Sip 👍 pelayanan yang memuaskan.,5,0,2.4.9,2.4.9,2021-07-25 19:39:07,sip layan muas
"Baik aplikasinya. Cuma pembayaran seharusnya bisa via bank bni, mandiri, bri",5,1,2.4.9,2.4.9,2021-07-25 13:51:34,aplikasi bayar via bank bni mandiri bri
"Po. Terbaik dengan pelayanan terbaik....,👍👍👍",5,0,2.4.9,2.4.9,2021-07-25 09:27:43,po baik layan baik
good,5,0,2.4.9,2.4.9,2021-07-24 17:16:40,good
Mantep,5,0,2.4.6,2.4.6,2021-07-24 09:56:53,mantep
Top,5,0,2.4.9,2.4.9,2021-07-23 22:52:10,top
Rekomended,5,0,2.4.9,2.4.9,2021-07-23 15:15:54,rekomended
Setujui yogya-sidoarjo,5,0,,Unknown,2021-07-21 21:19:53,tuju yogyasidoarjo
Bisa gak klo masuk pakai nomer wa atau sms,5,0,2.4.8,2.4.8,2021-07-21 10:43:46,tidak pakai nomer wa sms
Sya ksih bntang 3 klon okk sy ksih 5,3,0,2.4.8,2.4.8,2021-07-21 04:47:12,sya ksih bntang klon okk sy ksih
Adain kantor nya di banyuwangi dong pak. Biar gk harus ke jember dlu kalau naik. Terimakasih semoga makin mantab.,4,0,2.4.8,2.4.8,2021-07-20 04:00:31,adain kantor banyuwangi biar tidak jember dlu terimakasih moga mantab
Sangat puas dengan pelayanan Rosalia harus di pertahankan,5,0,,Unknown,2021-07-19 17:48:21,puas layan rosalia tahan
"Pelayanan memuaskan, kru ramah² kecepatan sedang mohon dipertahankan",5,0,2.4.8,2.4.8,2021-07-17 07:14:59,layan muas kru ramah cepat tahan
Mantap,5,0,2.4.2,2.4.2,2021-07-16 21:04:53,mantap
Sangat2 membantu,5,0,2.4.8,2.4.8,2021-07-16 20:08:26,bantu
"Layananya udah bagus,tp dr tempat tinggal sy belum ada agen,tolong bikin agen daerah pasar Godean ke jombar terlalu jauh,tank's",5,0,2.4.3,2.4.3,2021-07-16 13:50:02,layananya udah bagustp dr tinggal sy agentolong bikin agen daerah pasar godean jombar jauhtanks
josss mantap rosin cuma ada saran untuk management rosin kalo bisa service makan nya di ganti jangan soto terus soalnya setiap naik rosin selalu service makan nya soto terus jadi agak bosen terima kasih,5,0,2.4.6,2.4.6,2021-07-15 20:26:39,josss mantap rosin saran management rosin service makan ganti jangan soto rosin service makan soto bosen terima kasih
Sangat aman dan nyaman perjlnan dengan Rosalia,4,0,,Unknown,2021-07-15 11:27:52,aman nyaman perjlnan rosalia
Sangat bbgus..,5,0,2.4.8,2.4.8,2021-07-15 09:59:52,bbgus
AGEN PALUR TIDAK KONSISTEN,1,0,,Unknown,2021-07-15 08:28:53,agen palur tidak konsisten
Sebel banget pesen tiket online pasti diganti mulu seatnya tanpa ada konformasi.,1,3,2.4.8,2.4.8,2021-07-13 09:25:05,sebel banget sen tiket online ganti mulu seatnya konformasi
"Kecewa sihh, saya kemarin kirim motor lewar Rosalia, orang yang buka kardus kaya asal gtu, jadi cat nya pada keangkat pas isolatipnya Di tarik. Padahal full bodi baru di cat, tolong karyawannya diberi pembinaan agar kerjanya tidak asal²an, Tempatnya di rosin Jogja.",1,2,2.4.6,2.4.6,2021-07-12 09:06:05,kecewa sihh kemarin kirim motor lewar rosalia buka kardus kaya gtu cat angkat isolatipnya tarik full bodi cat tolong karyawannya bina kerja tidak asal tempat rosin jogja
Layanan dan kondisi bis perfect,5,0,2.4.6,2.4.6,2021-07-11 22:03:56,layan kondisi bis perfect
"Hai rosalia indah, saya selalu bolak balik yogya - tangerang, bis nya nyaman, menu makan yang dari sari rasa enak dan bervariasi, tapi sayang menu yg dr rosin subang, dari tahun ke tahun kok hanya soto? Apakah gak ada menu lain selain soto? Tolong kasih buah juga dong.Semoga masukan saran ini diterima supaya rosalia indah tetap di hati kita. Nuwun.",5,38,2.4.8,2.4.8,2021-07-11 15:19:03,rosalia indah bolak yogya tangerang bis nyaman menu makan sari variasi sayang menu dr rosin subang tahun tahun soto tidak menu soto tolong kasih buah dongsemoga masuk saran terima rosalia indah hati nuwun
"Karena belum pernah bisa gunakan aplikasi ini, bintang dua dulu ya.... prosedur order bisa tapi saat pembayaran sangat sulit, di Indomaret juga Alfamart tidak bisa terhubung. Alangkah baiknya pembayaran langsung ke akun PT. Rosalia Indah... Transfer atau VA",2,8,2.4.8,2.4.8,2021-07-10 08:43:30,aplikasi bintang prosedur order bayar sulit indomaret alfamart tidak hubung alangkah baik bayar akun pt rosalia indah transfer va
Ok,5,0,2.4.8,2.4.8,2021-07-09 21:39:39,ok
Saya coba dulu yaa...,3,0,2.4.8,2.4.8,2021-07-09 14:56:54,coba yaa
Kiranya semua keluhan pelanggan di respon dengan baik dan apps bisa di kembang lebih sempurna demi kenyamanan pelanggan(pemguna)..agar kiranya pelangan bisa lebih mudah merencanakan perjalanan. Suskses tim Rosin,4,7,2.4.8,2.4.8,2021-07-09 10:38:44,keluh langgan respon apps kembang sempurna nyaman pelangganpemgunaagar pelang mudah rencana jalan suskses tim rosin
Top,5,0,2.4.6,2.4.6,2021-07-02 19:39:40,top
"Auto Uninstal Ribet, mending balik ke Traveloka atau RedBus.. Nyoba nyari tiket sudah setengah jam ga dapet untuk Jakarta Jember",1,0,,Unknown,2021-06-30 00:35:42,auto uninstal ribet mending traveloka redbus nyoba nyari tiket jam tidak dapet jakarta jember
Very good,5,0,,Unknown,2021-06-24 20:32:02,very good
"kecewa dengan pelayanannya yg tidak ramah,makanan lauk tahu ada kawat cucian piring",1,0,,Unknown,2021-06-24 10:45:33,kecewa layan tidak ramahmakanan lauk kawat cuci piring
Rosalia indah sangat nyaman dan terjangkau,5,0,,Unknown,2021-06-23 17:36:41,rosalia indah nyaman jangkau
Bagus & bermanfaat,5,0,,Unknown,2021-06-23 14:09:45,bagus manfaat
"Metode pembayarannya harus di mudahkan, dan lebih fleksibel, contoh seperti pembayaran via VA saja tidak bisa.. Mana developer nya ini... Gak ada update an, sama sekali",2,0,2.4.6,2.4.6,2021-06-16 23:52:06,metode bayar mudah fleksibel contoh bayar via va tidak developer tidak update an
Kenapa ko cek jadwal tiket habis semua ya sampai ujung 2022? Mohon jawabannya,1,0,2.4.6,2.4.6,2021-06-15 10:22:46,ko cek jadwal tiket habis ujung jawab
Agen di terminal magelang macam calo.. Udah beli tapi ga dapet kursi.. Dioper Payahhhh,1,0,2.4.6,2.4.6,2021-06-13 18:35:38,agen terminal magelang calo udah beli tidak dapet kursi oper payahhhh
"Aplikasi nya ribet saya sudah coba registrasi 2 kali dan email pun berbeda gak bisa-bisa,tolong di perbaiki lagi aplikasi nya supa ya lebih mudah untuk pemesanan tiket bus nya",1,0,,Unknown,2021-06-13 17:39:53,aplikasi ribet coba registrasi email beda tidak bisabisatolong baik aplikasi supa mudah mesan tiket bus
"Baru 5x pesan tiket online, hasilnya bagus dan gampang cara bayarnya. Refund jg gampang, gk pake ribet. Cuma sayangnya, jadwal berangkatnya sering telat. Jadi mohon skedul keberangkatan bisnya disesuaikan lagi. Terimakasih",5,5,2.4.6,2.4.6,2021-06-13 16:25:12,pesan tiket online hasil bagus gampang bayar refund gampang tidak pake ribet sayang jadwal berangkat telat skedul berangkat bis sesuai terimakasih
Apk zonk,1,0,2.4.6,2.4.6,2021-06-11 17:37:01,aplikasi zonk
"Susah mau daftar,",4,0,2.4.5,2.4.5,2021-06-09 20:46:56,susah daftar
Tingkatkan pelayanan,3,0,2.4.5,2.4.5,2021-06-09 08:45:57,tingkat layan
"UNINSTALL AJA!!! Membingungkan.... D kritikpun gak ada tanggapan apalagi perbaikan... Percuma gak usah online2an manual aja atau pindah agen lain Aplikasi cacat...kalau gak niat bikin aplikasi online gak usah buat...membingungkan sekali antara aplikasi dngan web gak singkron...login dengan web bisa tapi dengan aplikasi ""tidak terdaftar"" aplikasi dodol",1,8,2.4.6,2.4.6,2021-06-08 14:14:56,uninstall aja bingung kritik tidak tanggap baik tidak onlinean manual pindah agen aplikasi cacatkalau tidak niat bikin aplikasi online tidak buatmembingungkan aplikasi dngan web tidak singkronlogin web aplikasi tidak daftar aplikasi dodol
"kenapa sering kehabisan tiket saat pemesanan online, padahal pas dichek offline msih kosong",2,0,2.4.6,2.4.6,2021-06-07 21:57:43,habis tiket mesan online dichek offline msih kosong
"Tolong diperbaiki untuk fitur : 1. Lupa Password, Tidak berjalan dengan normal, karena hanya menerima kode otp, tidak ada tindaklanjutnya. Dan lebih baik menggunakan email yang terdaftar/no hp, jangan pakai ID member. 2. Menu bookingnya sebaiknya menyimpan tanggal dan rute tujuan terakhir kita input. Agar tidak ribet masukin tanggal dan rute tujuannya lagi. 3. E-ticket tidak otomatis masuk ke email. Kalau sudah di fix bintangnya saya ubah ke 5 bintang. Bravo Rosalia Indah! Terimakasih",1,13,2.4.6,2.4.6,2021-06-07 20:57:34,tolong baik fitur lupa password tidak jalan normal terima kode otp tidak tindaklanjutnya email terdaftarno hp jangan pakai id member menu bookingnya simpan tanggal rute tuju input tidak ribet masukin tanggal rute tuju eticket tidak otomatis email fix bintang ubah bintang bravo rosalia indah terimakasih
"Aplikasi membingungkan, login bisa lewat web, tapi tdk bisa lewat aplikasi...???? Kalau sdh login mau cek status ribet..harus masukkan kode booking, padahal kode booking belum dapat juga..terlambat notifikasinya",1,3,2.4.6,2.4.6,2021-06-07 14:37:03,aplikasi bingung login web tidak aplikasi sdh login cek status ribetharus masuk kode booking kode booking jugaterlambat notifikasi
Mau beli tiket kok keterangan ketersediaan kursi nya ga kluar??,1,0,2.4.6,2.4.6,2021-06-06 15:25:51,beli tiket terang sedia kursi tidak kluar
ok,5,0,2.4.3,2.4.3,2021-06-06 10:04:29,ok
Good,5,0,,Unknown,2021-06-06 07:36:46,good
"Lumayan bagus & praktis, mohon dilengkapi dengan fitur pembatalan& rescheduling",4,0,2.4.6,2.4.6,2021-06-05 17:55:54,lumayan bagus praktis lengkap fitur batal rescheduling
Sangat tidak fleksibel mau bayar harus Cash tidak bisa yg lain,1,0,2.4.6,2.4.6,2021-06-04 20:14:44,tidak fleksibel bayar cash tidak
"Aplikasinya masih perlu dikembangin lagi. Sudah pesan tiket tapi tidak ada notifikasi dan histori pemesanan, jadi bingung mau bayarnya",2,1,2.4.6,2.4.6,2021-06-04 05:11:38,aplikasi dikembangin pesan tiket tidak notifikasi histori mesan bingung bayar
Ok,5,0,2.4.5,2.4.5,2021-06-02 10:00:26,ok
Bagus,5,0,2.4.5,2.4.5,2021-05-31 17:36:16,bagus
Siipp,5,0,2.4.3,2.4.3,2021-05-31 13:35:30,siipp
Ok banget,5,0,2.4.5,2.4.5,2021-05-31 08:39:23,ok banget
Love like you do,5,0,2.4.6,2.4.6,2021-05-31 05:07:00,love like you do
Sangat membantu,5,0,2.4.5,2.4.5,2021-05-30 15:52:51,bantu
Sangat membantu,5,0,2.4.6,2.4.6,2021-05-29 21:13:18,bantu
Tolong kasih opsi pembayaran lewat transfer ATM bank BUMN biar banyak pilihan,4,0,2.4.6,2.4.6,2021-05-29 07:24:32,tolong kasih opsi bayar transfer atm bank bumn biar pilih
"Fitur forgot password (kode verifikasi) tidak dikirim ke nomor yang sudah terdaftar maupun email, lupa password lebih baik menggunakan nomor yang sudah terdaftar atau email saja, kalau pake ID Member gak hafal. Mohon segera diperbaiki.",1,6,2.4.6,2.4.6,2021-05-29 01:26:23,fitur forgot password kode verifikasi tidak kirim nomor daftar email lupa password nomor daftar email pake id member tidak hafal baik
Alhamdulillah sangat membantu walaupun login agak lama tapi ndak papa melatih kesabaran..................,5,0,2.4.6,2.4.6,2021-05-28 21:03:14,alhamdulillah bantu login ndak papa latih sabar
Mau daftar aja berminggu minggu tidak bisa. Kode verifikasi nya gak pernah ada walaupun sudah ganti ganti no hp email,1,1,2.4.6,2.4.6,2021-05-28 10:33:19,daftar minggu minggu tidak kode verifikasi tidak ganti ganti no hp email
Min tolong lah untuk no 13 digit bisa lah...masa cuma 12 digit aja yg bisa...aku pelanggan setia lo,4,2,2.4.6,2.4.6,2021-05-28 09:38:18,admin tolong no digit lahmasa digit bisaaku langgan setia lo
"Cepat,nyaman,sayang sekarang nggak lewat blitar utara",5,0,2.4.6,2.4.6,2021-05-27 18:46:46,cepatnyamansayang nggak blitar utara
Mau registrasi aja susah banget,1,0,2.4.6,2.4.6,2021-05-27 17:14:39,registrasi susah banget
"Bisnya bagus, nyaman, ada tempat makan, tp aplkasinya ga langsung ngelink ke email: 1. Saat pendaftaran, hanya notif user dan password melalui SMS.. kalau ganti hape, sms bisa hilang 2. Wktu booking tiket, harus cek status, apalagi kl lupa sama kode bookingnya.. gmn pemberitahuannyake CS kl lupa kode bookingnya.. Baiknya ngelink ke email, dari pendfataran, proses booking, lunas oembyaran, semua ada jejak digitaldlm email user.. kami abg pelanggan lebih mudah mentrace nya. Terima kah rosalia",3,26,2.4.6,2.4.6,2021-05-27 14:37:01,bis bagus nyaman makan aplkasinya tidak ngelink email daftar notif user password sms ganti hape sms hilang wktu booking tiket cek status kl lupa kode bookingnya gmn pemberitahuannyake cs kl lupa kode bookingnya baik ngelink email pendfataran proses booking lunas oembyaran jejak digitaldlm email user abg langgan mudah mentrace terima kah rosalia
"Sangat membantu, tidak perlu antri di loket Rosalia indah",5,0,,Unknown,2021-05-27 10:15:21,bantu tidak antri loket rosalia indah
"Sistem kode booking tolong dibenahi dong, datanya sering tertukar dengan data penumpang lain yg waktu keberangkatannya sudah terlewat jauh. skema payment ditambah kalo perlu & sistem sinkronisasi data penumpang & tiket tolong dibenahi supaya gk ditelpon oleh agen lain karena miskom data.. Terakhir, kapasitas/kehandalan server diperhatikan plis, server manintenance 1 jam tanpa informasi tuh dah bikin duit masuk tertunda atau bahkan melayang ke tempat lain.. Kalo ga bener lagi, cari Dev lain aj",3,3,2.4.6,2.4.6,2021-05-27 00:23:36,sistem kode booking tolong benah data tukar data tumpang waktu berangkat lewat skema payment tambah sistem sinkronisasi data tumpang tiket tolong benah tidak telpon agen miskom data kapasitaskehandalan server perhati plis server manintenance jam informasi tuh dah bikin duit tunda layang tidak bener cari dev aj
"Sangat membantu, perjalanan jadi mudah dan praktis",5,0,2.4.5,2.4.5,2021-05-26 19:50:56,bantu jalan mudah praktis
Bolak balik nyari tiket online Surabaya jakarta selalu g muncul. Sebenarnya fungsi g ya nih app??,1,0,2.4.6,2.4.6,2021-05-26 18:31:48,bolak nyari tiket online surabaya jakarta muncul fungsi nih app
Ok,5,0,,Unknown,2021-05-26 17:13:20,ok
"Apliaksinya kaya gak niat, masa daftar aja susah banget, gak masuk"" otp nya. Trus dibatasin cuman 12 digit. Padahal banyak no hape, yang 13 digit, termasuk punya saya. Tolong segera perbaiki dong aplikasinya.",2,9,2.4.6,2.4.6,2021-05-26 13:55:54,apliaksinya kaya tidak niat daftar susah banget tidak otp trus dibatasin cuman digit no hape digit tolong baik aplikasi
Good,5,0,2.4.5,2.4.5,2021-05-26 11:20:49,good
Mantap bus dan kantin bersih dn sesuai protokol semua...,5,0,2.4.5,2.4.5,2021-05-26 10:05:54,mantap bus kantin bersih dn sesuai protokol
Kenapa kelas patas cikarang - karangkati sudah tidak ada lagi padahal saya pelanggan setia rosolia tiap minggu pulang pergi..,1,0,2.4.6,2.4.6,2021-05-26 04:55:23,kelas patas cikarang karangkati tidak langgan setia rosolia minggu pulang pergi
Sangat membantu,5,0,2.4.5,2.4.5,2021-05-25 22:12:23,bantu
Membantu sekali...,5,0,2.4.5,2.4.5,2021-05-25 20:02:01,bantu
Mantap,5,0,2.4.5,2.4.5,2021-05-25 18:18:27,mantap
Lebih mudah untuk memesan tikeetnyaaa,5,0,2.4.5,2.4.5,2021-05-25 17:23:00,mudah mes tikeetnyaaa
Good,5,0,,Unknown,2021-05-25 15:57:29,good
"Ok, baik.",5,0,2.4.6,2.4.6,2021-05-25 14:14:36,ok
"pesen dah diawal2 berhasil lalu milih kursi , knp giliran pas chek in kok mlah dapet beda kursi, ga ada tanggung jawabnya sma sekali!",1,0,,Unknown,2021-05-25 11:07:16,sen dah awal hasil milih kursi knp gilir chek in mlah dapet beda kursi tidak tanggung sma
Ok,5,0,2.4.5,2.4.5,2021-05-25 07:01:04,ok
Mitra terpercaya,5,0,2.4.6,2.4.6,2021-05-25 03:37:28,mitra percaya
Aplikasi yang sangat membantu,5,0,2.4.5,2.4.5,2021-05-24 21:39:35,aplikasi bantu
Mantaaap,5,0,2.4.3,2.4.3,2021-05-24 21:12:18,mantaaap
mantap,5,0,,Unknown,2021-05-24 21:01:20,mantap
Slow respon,1,0,2.4.6,2.4.6,2021-05-24 20:26:57,slow respon
Loading lama,3,0,2.4.6,2.4.6,2021-05-24 19:18:27,loading
Bagus simpel dan sangat membantu,5,0,2.4.6,2.4.6,2021-05-24 19:02:06,bagus simpel bantu
"Enak sih gak harus datang ke agen...tp tolong perbaiki kadang"" suka gak konek... teruskan perbaikan...",5,0,2.4.5,2.4.5,2021-05-24 16:30:12,sih tidak agentp tolong baik kadang suka tidak konek terus baik
"Eror ksalahn mulu, tdinya bisa",1,0,2.4.5,2.4.5,2021-05-23 23:18:29,eror ksalahn mulu tdinya
Masih belum sempurna,3,0,2.4.3,2.4.3,2021-05-23 10:30:39,sempurna
"Gimana sehh, pengen nyari tiket aja susah bener kebanyakan gk respon apk nya! Buka tutup terus kagak kelar² nyari tiket kek nyari harta karun. Capek lah ngetik ulang teruss tpi kgk respon apk nya!",3,0,,Unknown,2021-05-22 21:32:31,gimana sehh ken nyari tiket susah bener banyak tidak respon aplikasi buka tutup kagak kelar nyari tiket kek nyari harta karun capek ngetik ulang teruss tpi kgk respon aplikasi
Sangat membantu dalam memesan tiket,5,0,,Unknown,2021-05-22 18:24:07,bantu mes tiket
Mantap,5,0,2.4.3,2.4.3,2021-05-22 16:37:20,mantap
Top,5,0,2.4.2,2.4.2,2021-05-22 08:39:14,top
Nyusahin ngak bisa dipake,1,2,2.4.5,2.4.5,2021-05-21 20:44:23,nyusahin ngak dipake
"Registrasi kok susah,aplikasinya blank trusss",1,2,2.4.5,2.4.5,2021-05-21 13:32:10,registrasi susahaplikasinya blank trusss
Kasihbulasan lagi... Setelah komplain sana sini... Alhamdulillah ternyata respon management sangat baik... Mampu menyelesaikan masalah dg baik Merubah stigma buruk di saya menjadi apresiasi yg baik... Terimakasih,5,3,2.4.5,2.4.5,2021-05-21 10:02:17,kasihbulasan komplain alhamdulillah respon management selesai dg rubah stigma buruk apresiasi terimakasih
"Lemot, gampang gak respon... Login harus pake id number... Kenapa gak email aja..?",1,4,2.4.5,2.4.5,2021-05-20 19:48:00,lot gampang tidak respon login pake id number tidak email aja
Mohon diperbaiki server nya. Masa cari tiket aja hampir 2 jam lebih alasannya ke dalam server 😭,1,1,2.4.5,2.4.5,2021-05-20 19:47:56,baik server cari tiket jam alas server
Aplikasi bengek,1,0,2.4.5,2.4.5,2021-05-20 16:06:16,aplikasi bengek
Aplikasi bener ga sih.. keyword buat nyari agen sma tujuan g bsa loaded mulu...,3,2,2.4.5,2.4.5,2021-05-20 14:55:30,aplikasi bener tidak sih keyword nyari agen sma tuju bsa loaded mulu
Nyaman....,5,0,2.4.3,2.4.3,2021-05-20 10:17:07,nyaman
Service dan pelayanannya mantap,4,0,,Unknown,2021-05-19 21:47:27,service layan mantap
"Sudah bbrpa hari ini selalu keluar ganguan pada sistem, padahal biasanya aman"" ajah, coba tolong di tingkatkan dong sistem on linenya, apalagi saat pandemi saat ini, Armada sudah bagus, masa pelayanan on line kurang bagus",3,0,,Unknown,2021-05-19 19:32:23,bbrpa ganguan sistem aman ajah coba tolong tingkat sistem on linenya pandemi armada bagus layan on line bagus
Aplikasinya lemot parah,1,3,2.4.5,2.4.5,2021-05-19 18:21:14,aplikasi lot parah
Mau login aja susah bgt yg confirm password lah lemot lah,1,4,2.4.5,2.4.5,2021-05-19 16:15:56,login susah banget confirm password lot
Coba sendiri kinerja app dan web anda!,1,0,2.3.14,2.3.14,2021-05-18 21:33:14,coba kerja aplikasi web
Ini kok buat akun aja susah banget apa lagi beli tiket secara online sama aja susah banget. Kya ngg butuh penumpang aja,1,2,2.4.5,2.4.5,2021-05-18 21:32:09,akun susah banget beli tiket online susah banget kya ngg butuh tumpang
APLIKASI DOWN SUSAH DIGUNAKAN,1,2,2.4.5,2.4.5,2021-05-18 18:41:00,aplikasi down susah
Puas,5,0,,Unknown,2021-05-18 17:24:57,puas
Ngak bisa buat akun..mohon di perbaiki aplikasinya,1,4,2.4.5,2.4.5,2021-05-18 11:12:48,ngak akunmohon baik aplikasi
Aplikasi nya error' ya,5,0,2.4.5,2.4.5,2021-05-17 17:08:48,aplikasi error
Saya koq gak bisa created akun yah..,1,4,2.4.5,2.4.5,2021-05-17 12:58:04,koq tidak created akun yah
pelayanannya bagus👍👍👍👍👍👍,5,0,2.4.3,2.4.3,2021-05-15 15:56:00,layan bagus
Good joobs,5,0,2.4.3,2.4.3,2021-05-15 11:16:37,good joobs
". Its easy, and usefull Like supposed to be",4,0,2.4.3,2.4.3,2021-05-15 07:02:46,its easy and usefull like supposed to be
Pelayannya baik,5,2,2.4.5,2.4.5,2021-05-13 00:56:38,layan
Sae Pisan,5,0,2.4.3,2.4.3,2021-05-12 23:26:45,sae pis
Apik tenan sangat membantu,5,0,2.4.3,2.4.3,2021-05-12 20:33:00,apik tenan bantu
"Iya...untuk menu yang di rosin subang update dong......masak soto melulu, iya klo yang cuma perjalanan sekali waktu mah g kerasa, klo yang sering bolak balik bogor-jogja ya bosen kaleeeeee",4,9,2.4.5,2.4.5,2021-05-12 07:33:41,iyauntuk menu rosin subang update dongmasak soto melulu iya jalan waktu mah rasa bolak bogorjogja bosen kaleeeeee
PT Rosalia Indah Transport selalu memberikan pelayanan yang terbaik untuk pelanggan,5,1,2.4.3,2.4.3,2021-05-11 22:58:28,pt rosalia indah transport layan baik langgan
"Aplikasi kurang friendly, bisa dicontoh traveloka",1,0,2.3.14,2.3.14,2021-05-11 04:48:56,aplikasi friendly contoh traveloka
Rosin tetap di hati,5,0,2.4.3,2.4.3,2021-05-10 23:49:49,rosin hati
"Aman,nyaman",5,0,,Unknown,2021-05-10 23:30:23,amannyaman
Bagus dan menjadi mudah,5,0,2.4.3,2.4.3,2021-05-10 16:54:13,bagus mudah
Msntap,4,0,2.4.3,2.4.3,2021-05-10 08:15:57,msntap
Tambah maju dalam pelayanannya dan Rosalia indah semakin sukses,5,0,2.4.3,2.4.3,2021-05-10 07:05:30,maju layan rosalia indah sukses
Tolong donk bug nya di perbaruin lagi!,1,0,,Unknown,2021-05-10 04:34:33,tolong donk bug perbaruin
Terbaik,5,0,2.4.3,2.4.3,2021-05-09 21:50:00,baik
"Sarana transportasi bintang 5 dengan segala keamanan dan kenyamanannya, dengan armada premium👍",5,0,,Unknown,2021-05-09 14:42:30,sarana transportasi bintang aman nyaman armada premium
"Aplikasi nya cukup baik menurut saya, apalagi jika dibandingkan dengan PO lain di Indonesia, jauh lebih baik aplikasinya Rosalia, tetapi saya ingin kasih saran dan masukan saat akan login, kalau bisa diganti jangan input ID Number, karena banyak user yang lupa dengan ID Number, diganti dengan input email atau nomor HP yang terdaftar saja, terimakasih banyak, semoga ada perbaikan",5,8,2.4.3,2.4.3,2021-05-09 05:27:37,aplikasi banding po indonesia aplikasi rosalia kasih saran masuk login ganti jangan input id number user lupa id number ganti input email nomor hp daftar terimakasih moga baik
Ngga bisa bikin akun,1,0,2.4.3,2.4.3,2021-05-09 04:14:26,ngga bikin akun
Good luck,5,0,2.4.3,2.4.3,2021-05-09 00:52:28,good luck
Mudah,5,0,2.4.3,2.4.3,2021-05-08 21:31:48,mudah
Bagus,5,0,2.4.3,2.4.3,2021-05-08 20:52:10,bagus
Ok joz pelayananya,5,0,2.4.3,2.4.3,2021-05-08 17:24:53,ok joz pelayananya
"Nyaman banget,",5,0,2.4.3,2.4.3,2021-05-08 03:47:12,nyaman banget
good,5,0,2.4.3,2.4.3,2021-05-07 22:32:41,good
Bagus,5,0,2.4.3,2.4.3,2021-05-07 18:59:08,bagus
Ok,5,0,,Unknown,2021-05-07 13:21:57,ok
Ok...,5,0,2.4.3,2.4.3,2021-05-07 07:14:15,ok
👍👍👍,5,0,2.4.3,2.4.3,2021-05-06 15:44:02,
excellent service,5,0,,Unknown,2021-05-06 12:57:37,excellent service
Bagus,5,0,2.4.3,2.4.3,2021-05-06 05:49:10,bagus
Ok,5,0,2.4.3,2.4.3,2021-05-06 05:20:57,ok
Sangat membantu,5,0,,Unknown,2021-05-06 04:20:32,bantu
Tingkatkan pelayanan,5,0,2.4.3,2.4.3,2021-05-05 11:29:38,tingkat layan
Good,5,0,2.4.3,2.4.3,2021-05-05 09:36:28,good
Mau pesan tiket untuk tgl 17 dr Bitung Tangerang ke tulang bawang apakah masih ada,3,0,2.4.3,2.4.3,2021-05-04 22:07:32,pesan tiket tgl dr bitung tangerang tulang bawang
Recomended,5,0,,Unknown,2021-05-04 15:28:45,recomended
Ok,5,0,2.4.3,2.4.3,2021-05-04 12:19:16,ok
Sangat memudahkan utk booking tiket,5,0,2.4.3,2.4.3,2021-05-04 08:19:43,mudah booking tiket
Tank you rosalia indah,5,0,2.3.14,2.3.14,2021-05-04 06:07:50,tank you rosalia indah
Mantap,5,0,2.4.3,2.4.3,2021-05-04 05:38:35,mantap
Mantul,4,0,2.4.5,2.4.5,2021-05-04 04:16:29,mantul
Good,3,0,2.4.3,2.4.3,2021-05-03 23:09:26,good
"Keren, membantu untuk booking tanpa harus ke agen dulu",4,0,2.4.3,2.4.3,2021-05-03 10:18:41,keren bantu booking agen
Daftar nya susah,4,0,2.4.3,2.4.3,2021-05-02 23:21:14,daftar susah
Semua serba mudah,5,0,2.4.3,2.4.3,2021-05-02 16:12:45,serba mudah
Mantap pokoknya rosalia indah,5,0,2.4.3,2.4.3,2021-05-02 05:14:09,mantap pokok rosalia indah
Good,5,0,2.4.3,2.4.3,2021-05-02 05:03:50,good
"Layanan sudah hampir ok semua, cuma tolong menu makanannya divariasi/dganti, dari jawa sampek sumatra menunya soto semua g ada menu lain, mohon diperhatikan",4,1,2.4.3,2.4.3,2021-05-02 03:10:23,layan ok tolong menu makan divariasidganti jawa sampek sumatra menu soto menu perhati
Sipppp,5,0,2.4.3,2.4.3,2021-05-01 22:56:16,sipppp
"Sudah cukup baik belum ada kendala dalam pemesanan secara online, namun masih ada kekurangan pada pilihan pembayaran yang terbatas.",5,0,2.4.3,2.4.3,2021-05-01 20:46:41,kendala mesan online kurang pilih bayar batas
Puasss,5,0,2.4.3,2.4.3,2021-05-01 11:13:56,puasss
Top,5,0,2.4.3,2.4.3,2021-05-01 07:57:07,top
mantap,5,0,2.4.3,2.4.3,2021-04-30 22:10:51,mantap
Oke...,4,0,2.4.3,2.4.3,2021-04-30 18:10:18,oke
Informasi ttg pelanggan kurang jelas,3,1,2.4.3,2.4.3,2021-04-30 17:39:44,informasi ttg langgan
"Sebenarnya sudah lebih baik, mudah cepat, pembayaran juga gampang, cuma alternative terbatas.",4,13,2.4.3,2.4.3,2021-04-30 11:07:41,mudah cepat bayar gampang alternative batas
Belum coba jd 2 bintang dl,2,0,2.4.3,2.4.3,2021-04-30 09:09:52,coba bintang dl
Sangat memudahkan,5,3,2.4.4,2.4.4,2021-04-30 01:13:08,mudah
"toLong ditambahkan menu pembayaran nya, seperti bca kLikpay atau yg Lain nya",3,0,2.4.3,2.4.3,2021-04-30 00:48:53,tolong menu bayar bca klikpay
oke,5,0,2.4.3,2.4.3,2021-04-29 18:58:05,oke
good,5,0,2.4.3,2.4.3,2021-04-29 13:52:45,good
"Yang sering terkendala adalah melanjutkan ke pembayaran, server responnya sangat lambat. Mohon diperbaiki",5,1,2.4.3,2.4.3,2021-04-29 09:37:17,kendala lanjut bayar server responnya lambat baik
sangat membantu untuk reservasi info pembelian tiket saya,5,0,2.4.3,2.4.3,2021-04-29 05:05:30,bantu reservasi info beli tiket
Masak hubungi agrn terdekat terus apa gunanya aplikasi ini payah,1,0,2.4.3,2.4.3,2021-04-29 03:50:09,masak hubung agrn dekat guna aplikasi payah
Sangat membantu untuk mencari informasi transportasi bus Rosalia indah,5,0,2.4.3,2.4.3,2021-04-29 02:19:46,bantu cari informasi transportasi bus rosalia indah
Mntab,5,0,2.4.3,2.4.3,2021-04-29 01:04:28,mntab
Ok,5,0,2.4.3,2.4.3,2021-04-29 00:48:25,ok
bagus,5,0,2.4.3,2.4.3,2021-04-28 23:46:34,bagus
Top banget,5,0,2.4.3,2.4.3,2021-04-28 23:43:44,top banget
Bis nya bersih dan tepat waktu,5,0,2.4.3,2.4.3,2021-04-28 20:35:42,bis bersih waktu
Aman nyaman dan tepat pelayanan nya,4,10,2.4.4,2.4.4,2021-04-28 13:40:34,aman nyaman layan
"Kurang bisa diandalkan karna stok tiket sering habis, dan adanya bug mengganggu pada saat pemesanan tiket. Sering tidak bisa connect dengan server",1,0,,Unknown,2021-04-28 11:57:57,andal karna stok tiket habis bug ganggu mesan tiket tidak connect server
"Bagus dan sangat membantu,treus tingkatkan",4,0,2.4.3,2.4.3,2021-04-28 10:12:25,bagus membantutreus tingkat
Mantab jiwo,5,0,2.4.3,2.4.3,2021-04-28 07:57:46,mantab jiwo
Sangat bermanfaat,5,0,2.4.3,2.4.3,2021-04-28 06:15:06,manfaat
Ok,5,0,2.4.3,2.4.3,2021-04-27 23:58:31,ok
Bagus nyaman,5,0,2.4.3,2.4.3,2021-04-27 22:02:16,bagus nyaman
Keren..sangat membantu untuk booking online..cuma bayar lewat Mandiri kok masih suka trouble yaa?,4,1,2.4.3,2.4.3,2021-04-27 20:15:25,kerensangat bantu booking onlinecuma bayar mandiri suka trouble yaa
"Untuk pembelian tiket baik yg online maupun yg langsung ke agen/pool sudah bagus pelayanannya, untuk servis makan dari arah timur ke barat di RM Sari Rasa Kendal jg sudah oke, tapi untuk servis makan yg dari arah barat ke timur di RM Rosin Subang agar di perbaiki menunya.. masak dari tahun ke tahun hanya soto soto dan soto saja gak ada menu laen?",4,41,2.4.4,2.4.4,2021-04-27 19:56:59,beli tiket online agenpool bagus layan servis makan arah timur barat rm sari kendal oke servis makan arah barat timur rm rosin subang baik menu masak tahun tahun soto soto soto tidak menu laen
"Bis yg bsgus yaman buat penumpang,pelayanya bagus👍👍",5,0,2.4.3,2.4.3,2021-04-27 17:10:23,bis bsgus yaman penumpangpelayanya bagus
Bagus,5,0,2.4.3,2.4.3,2021-04-27 16:35:27,bagus
Sangat membantu sekali,4,0,2.4.3,2.4.3,2021-04-26 19:26:54,bantu
Easy...,5,0,2.4.2,2.4.2,2021-04-26 09:42:29,easy
Taekk apk yg sangat buat orang susahh,1,0,,Unknown,2021-04-25 21:50:50,taekk aplikasi susahh
Besar harapan bisa beli tiket lewat online karena rumah jauh dari tempat agen. Tapi setiap cari tiket gapernah ready atau tersedia. Selalu habis padahal saya cari juga ga mepet dengan keberangkatan. Kalau memang gak d sediakan secara online ngapain buat aplikasi booking online. Padahal saya dan keluarga itu selalu gunakan jasa Rosalia kalau bepergian jauh,1,10,2.4.3,2.4.3,2021-04-25 14:01:55,harap beli tiket online rumah agen cari tiket gapernah ready sedia habis cari tidak mepet berangkat tidak sedia online ngapain aplikasi booking online keluarga jasa rosalia pergi
Aplikasi boking tidak berjalan dengan baik,1,0,2.4.3,2.4.3,2021-04-21 14:20:18,aplikasi boking tidak jalan
Mantap servis dan pelayananya,3,0,2.4.2,2.4.2,2021-04-15 18:38:57,mantap servis pelayananya
"Aplikasinya jelek banget dah, masa setiap mau booking tiket setelah isi pilih rute terus mau lanjut ke isi data tulisannya selalu ""Silahkan hubungi pihak Rosalia Indah atau Agen terdekat"" ... Kalo gini apa gunanya ada aplikasi kalo mau boking aja ngak bisa, padahal udah ganti2 ke tgl berikutnya juga tetep tulisannya kaya gitu.",1,5,2.4.3,2.4.3,2021-04-15 05:40:37,aplikasi jelek banget dah booking tiket isi pilih rute isi data tulis silah hubung rosalia indah agen dekat gin guna aplikasi boking ngak udah ganti tgl tetep tulis kaya gitu
Respon email nya masih lambat,3,0,2.4.3,2.4.3,2021-04-09 14:12:05,respon email lambat
Memuaskan,5,0,,Unknown,2021-04-08 12:26:06,muas
Oke saya suka,4,0,,Unknown,2021-04-07 11:39:53,oke suka
Sejauh ini kalo pulang kampung selalu pake rosin karena nyaman dan pelayanan sangat baik tapi harapan saya semoga segera tersedia double decker untuk Kediri - Serang.,4,0,2.1.2,2.1.2,2021-04-06 12:12:42,pulang kampung pake rosin nyaman layan harap moga sedia double decker diri serang
👍,5,0,2.4.3,2.4.3,2021-04-06 10:58:32,
"Susah banget bikin akun baru... Mau daftar, tinggal nunggu kode verifikasi sms tp ga masuk terus nunggu lamaaa ... Halahhhh",4,0,2.4.3,2.4.3,2021-04-05 20:44:14,susah banget bikin akun daftar tinggal nunggu kode verifikasi sms tidak nunggu lamaaa halahhhh
sangat2 mengecewakan tiket pmberangkatan jam 1.30 bis baru dateng jam 4 tanpa ada confirmasi keterlmbatan.,1,1,2.4.3,2.4.3,2021-04-05 06:29:45,kecewa tiket pmberangkatan jam bis dateng jam confirmasi keterlmbatan
Silahkan hubungi pihak Rosalia Indah atau Agen terdekat jika tiket yang anda cari habis. kalau harus ke agen ngapain bikin aplikasi....!!!,1,7,2.4.3,2.4.3,2021-04-05 06:29:23,silah hubung rosalia indah agen dekat tiket cari habis agen ngapain bikin aplikasi
"Tolong di tambahkan pada pilihan menu agen asal/tujuan per kota besar supaya memudahkan dalam pencarian. Misal: semua jakarta, semua surabaya, semua tegal, dll; penambahan filter, urutkan berdasarkan Misal: berangkat paling awal/akhir, harga termurah, dll",1,19,2.4.3,2.4.3,2021-04-04 23:36:19,tolong tambah pilih menu agen asaltujuan kota mudah cari jakarta surabaya tegal dll tambah filter urut dasar berangkat awalakhir harga murah dll
Rosalia indah aman.. Nyaman dan cepat..,5,0,2.4.3,2.4.3,2021-04-03 08:10:17,rosalia indah aman nyaman cepat
Payah kagak bisa milih kursi. Ora danta pisan,1,0,,Unknown,2021-04-02 20:54:13,payah kagak milih kursi ora danta pis
"Mau buat akun susah sekali dan balasan sms ndak muncul2 Aplikasi punya sodara pas mau klik klok pembayaran ndak bisa2 Mohon server di perbaiki karena armada dan kru sudah ok bingit ,tapi sayang tiket on linenya ndak bagus",1,1,,Unknown,2021-04-02 13:35:19,akun susah balas sms ndak muncul aplikasi sodara klik klok bayar ndak server baik armada kru ok bingit sayang tiket on linenya ndak bagus
"Kapok saya pke rosalia,, hrusnya armada sblum beroperasi itu dicek dulu, setidaknya seminggu sekali lh, klo udh mogok gini penumpang jg yg terlantar",1,0,,Unknown,2021-04-01 01:12:46,kapok pke rosalia hrusnya armada sblum operasi cek minggu lh mogok gin tumpang lantar
Salah satu pelayanan dan sistem paling buruk yg saya temui. Aplikasi busuk.,1,0,2.4.3,2.4.3,2021-03-31 13:32:30,salah layan sistem buruk temu aplikasi busuk
Aplikasi tiada guna.,1,0,2.4.3,2.4.3,2021-03-30 15:38:27,aplikasi tiada
Server nya bermasalah jaringannya aman kok loading nya lama tolong dibenahi lagi,4,0,2.4.3,2.4.3,2021-03-30 15:33:10,server masalah jaring aman loading tolong benah
"SUPER LEMOT BANGET APLIKASINYA, PADAHAL JARINGAN BAIK UDAH COBA GANTI BBRP HP JUGA TTP LEMOT. MOHON DIPERBAIKI",1,0,2.4.3,2.4.3,2021-03-29 20:23:55,super lot banget aplikasi jaring udah coba ganti bbrp hp ttp lot baik
Susah bikin akun,3,0,,Unknown,2021-03-29 17:02:10,susah bikin akun
Lebih mudah pesen tiket rosalia,5,0,2.4.2,2.4.2,2021-03-28 22:28:01,mudah sen tiket rosalia
Saya ingin daftar kok selalu gk bisa? Bagaimana cara pesan nya?,1,0,2.4.3,2.4.3,2021-03-27 14:27:14,daftar tidak pesan
"Bus PO.ROSALIA INDAH Adalah pilihan utama,Aman,nyaman pokoknya👍👍👍👍👍",5,1,2.4.3,2.4.3,2021-03-26 03:03:03,bus porosalia indah pilih utamaamannyaman pokok
"Aplikasi nya bagus,armada nya nyaman,bagus,tepat waktu pokok nya is the best",5,1,2.4.3,2.4.3,2021-03-25 22:26:22,aplikasi bagusarmada nyamanbagustepat waktu pokok is the best
Mantulll,5,0,,Unknown,2021-03-25 22:19:02,mantulll
Aplikasinya busuk bgt. Mau log in aja ga bisa.suruh cek sms verifikasi tp gak ada yg masuk.ngulang2 terus dari awal.percuma ada aplikasi online kalo ga bisa dipake.mending PO bus HARYANTO 👎👎👎👎,1,1,2.4.3,2.4.3,2021-03-25 17:02:16,aplikasi busuk bgt log in tidak bisasuruh cek sms verifikasi tidak masukngulang awalpercuma aplikasi online tidak dipakemending po bus haryanto
Aplikasi yang sangat membantu dalam pemesanan tiket jarak jauh👍,5,0,2.4.3,2.4.3,2021-03-23 23:37:30,aplikasi bantu mesan tiket jarak
"Telat 10 menit dari agen Bekasi timur (bulak kapal) tidak ada toleransi ganti bus, reason si ticketing karena pembelian online jadi tidak ada penggantian!!! Ticketing agen Bekasi timur",1,16,2.4.3,2.4.3,2021-03-23 14:53:59,telat menit agen bekas timur bulak kapal tidak toleransi ganti bus reason si ticketing beli online tidak ganti ticketing agen bekas timur
Entah eror atau gimana setiap mau book ticket selalu mentok di isi data ngga bisa lanjut ke pembayaran,2,1,2.4.3,2.4.3,2021-03-22 15:25:06,eror gimana book ticket mentok isi data ngga bayar
Menyenangkan,5,0,2.4.2,2.4.2,2021-03-19 19:53:07,senang
ok bgt,5,0,2.4.2,2.4.2,2021-03-18 18:16:31,ok banget
Cakep ya,3,0,2.4.3,2.4.3,2021-03-16 13:21:13,cakep
Tolong di perbaiki karna Buat pesan tiket sering gk bisanya sementara saya kasih bintang 1 dulu,1,1,2.4.3,2.4.3,2021-03-15 18:28:32,tolong baik karna pesan tiket tidak bisa kasih bintang
Proses verifikasinya lama ya,3,0,2.4.3,2.4.3,2021-03-15 08:52:37,proses verifikasi
"Cmn mau ngasih bintang aja, blm pernah naik bisnya karena jarang kmna2 xD Semoga makin sukses hihi",5,0,2.4.3,2.4.3,2021-03-15 07:47:25,cmn ngasih bintang aja blm bis jarang kmna xd moga sukses hihi
Membantu pembelian tiket.bagus,5,0,2.4.0,2.4.0,2021-03-14 12:31:37,bantu beli tiketbagus
top markotop,5,0,2.4.3,2.4.3,2021-03-13 08:35:33,top markotop
Gokil,1,0,2.4.3,2.4.3,2021-03-12 02:27:24,gokil
Mantap,5,0,,Unknown,2021-03-11 22:50:38,mantap
"Padahal saya sudah nyaman pakai rosalia. Tapi ada oknum2 tertentu Mohon ditertibkan petugas nya. Cuman naikan turunkan barang dibagasi masak dimintai uang seiklasnya. Sengaja saya biarkan malah di tanyain maksa trs"" seiklasnya"" Kalo emang ada aturan pusat sih saya gak masalah. Kalo bodongan kyk gini kan pungli nama nya. Bikin kecewa",2,2,,Unknown,2021-03-11 20:45:53,nyaman pakai rosalia oknum tertib tugas cuman naik turun barang bagasi masak uang seiklasnya sengaja biar tanyain maksa trs seiklasnya emang atur pusat sih tidak bodong gin pungli nama bikin kecewa
Keren,5,0,2.4.2,2.4.2,2021-03-11 18:40:54,keren
👍👍👍,5,0,2.4.3,2.4.3,2021-03-08 05:48:01,
"Nggak bisa verifikasi, gagal terus",1,0,2.4.3,2.4.3,2021-03-04 19:10:43,nggak verifikasi gagal
Puas,5,0,2.4.2,2.4.2,2021-03-03 16:43:45,puas
"Untuk saat ini overall Po. Rosin masih pilihan utama Ciputat - Probolinggo. Reminder, persaingan Po Bus semakin ketat, semoga segera ada double decker jurusan ciputat - jember.",5,16,2.4.3,2.4.3,2021-03-03 10:47:05,overall po rosin pilih utama ciputat probolinggo reminder saing po bus ketat moga double decker jurus ciputat jember
Aplikasi gak bisa di instal,5,0,,Unknown,2021-03-03 06:23:09,aplikasi tidak instal
Jos gandosss,5,0,2.4.2,2.4.2,2021-03-02 12:38:59,jos gandosss
Gak bisa beli online. Ujung2nya harus ke agen2 juga. Buat apa bikin aplikasi,1,0,,Unknown,2021-03-02 08:37:46,tidak beli online ujung agen bikin aplikasi
Cukup bagus,4,0,2.4.2,2.4.2,2021-02-28 10:50:20,bagus
Kenapa saat saya mau memilih kota tujuan selalu tidak ditemukan?! Tolong respon,4,0,2.4.2,2.4.2,2021-02-27 09:02:00,pilih kota tuju tidak temu tolong respon
"kenapa hilang pembayaran BCA nya, sebelumbya ada ini gak ada",2,1,2.4.3,2.4.3,2021-02-27 05:29:10,hilang bayar bca sebelumbya tidak
Siiip,5,0,2.4.2,2.4.2,2021-02-24 18:54:49,siiip
"Sensasi aplikasi sendiri, ga ada promo, tp gpp sangat senang sekali, dgn jadwal keberangkatan pagi dan malam, jakarta magelang dan sebaliknya",4,1,2.4.3,2.4.3,2021-02-21 21:49:07,sensasi aplikasi tidak promo gpp senang jadwal berangkat pagi malam jakarta magelang
Jos,5,0,2.4.2,2.4.2,2021-02-21 10:36:00,jos
Nyaman,5,0,2.4.2,2.4.2,2021-02-20 00:25:12,nyaman
Ok,3,0,2.4.3,2.4.3,2021-02-17 14:39:45,ok
Oke banget,5,0,,Unknown,2021-02-16 11:00:29,oke banget
Mantab,4,0,2.4.2,2.4.2,2021-02-15 22:18:06,mantab
"Semoga selalu lancar... Soalnya daerah saya jauh dr jangkauan agen, dari pada saya jauh2 ke agen tp bis.nya penuh. Lebih prakris pakai aplikasi",5,3,2.4.3,2.4.3,2021-02-15 14:05:38,moga lancar daerah dr jangkau agen agen bis penuh prakris pakai aplikasi
Wow,5,0,,Unknown,2021-02-14 19:08:03,wow
Praktis,5,0,2.4.2,2.4.2,2021-02-14 09:16:16,praktis
Mantab,5,0,2.4.2,2.4.2,2021-02-13 00:15:26,mantab
Siap mantap,5,0,2.4.2,2.4.2,2021-02-10 08:25:24,mantap
Sangat buruk Tdk user friendly. Coba bandingkan dengan aplikasi lainnya. Kl begini trs sampean bakal kalah dengan di dunia online. Jaman digital serba mudah bos.,1,17,2.4.3,2.4.3,2021-02-09 22:55:41,buruk tidak user friendly coba banding aplikasi kl trs sampean kalah dunia online jaman digital serba mudah bos
bagus,5,0,2.4.2,2.4.2,2021-02-09 02:20:42,bagus
Sangat membantu Tq,5,0,2.4.2,2.4.2,2021-02-08 20:57:35,bantu tq
Aplikasi yang sangat mendukung .. saya suka dengan aplikasi ini 👍👍👍👍👍,5,0,2.4.3,2.4.3,2021-02-07 19:07:19,aplikasi dukung suka aplikasi
Bisa pesen gak bisa Bayar 🥴 gmna mau bayar gak ada kelanjutan nya...,2,1,2.4.3,2.4.3,2021-02-07 11:17:24,sen tidak bayar gmna bayar tidak lanjut
Mantaff,5,0,,Unknown,2021-02-06 17:54:21,mantaff
☺️ bagus,5,0,,Unknown,2021-02-05 17:08:26,bagus
"tolong,,untuk agen khususnya di daerah lampung,,katanya bus sore dh dateng,,,giliran di way halim nunggu nyampek 5 jam,,,itu wajar apa gk nunggu nyampek berjam jam,,,,",1,1,,Unknown,2021-02-04 19:18:57,tolonguntuk agen daerah lampungkatanya bus sore dh datenggiliran way halim nunggu nyampek jamitu wajar tidak nunggu nyampek jam jam
Like it,5,0,2.4.2,2.4.2,2021-02-04 17:53:42,like it
👍👍,5,0,2.4.2,2.4.2,2021-02-04 10:52:08,
Baik sekali,5,0,2.4.2,2.4.2,2021-02-03 21:33:55,
Mudah dan praktis. Good solution,5,0,,Unknown,2021-02-03 19:30:23,mudah praktis good solution
Ga bisa pesen tiket muter 2 doang,1,0,2.4.2,2.4.2,2021-02-03 18:00:46,tidak sen tiket muter doang
"Sudah lama gak update, verifikasi pun gak bisa #update 3 feb 2021 sudah bisa otp verifikasi, dari bintang 1 jadi bintang 5. Tapi sayang tiket yang beli langsung dr agen tidak terkoneksi aplikasi user padahal nomor sama",5,22,2.4.3,2.4.3,2021-02-03 11:39:23,tidak update verifikasi tidak update feb otp verifikasi bintang bintang sayang tiket beli dr agen tidak koneksi aplikasi user nomor
ok,5,0,2.4.2,2.4.2,2021-02-03 11:24:18,ok
Ok,5,0,2.4.2,2.4.2,2021-02-03 09:29:47,ok
Mantap,5,0,2.4.2,2.4.2,2021-02-03 08:13:34,mantap
Beda sm aplikasi lain .lengkap,5,0,2.4.2,2.4.2,2021-02-03 08:04:39,beda sm aplikasi lengkap
Rosalia Indah memang PO Bus terbaik dan tradcenter untuk PO Bus Tanah air,5,0,,Unknown,2021-02-03 07:06:32,rosalia indah po bus baik tradcenter po bus tanah air
Oke,4,0,2.4.2,2.4.2,2021-02-02 21:19:11,oke
Cukup membantu dalam pemesanan tiket tanpa ribet.,4,0,2.4.2,2.4.2,2021-02-02 21:04:28,bantu mesan tiket ribet
"Sangat membantu jadi lebih praktis,gak usah datang ke agen lagi tapi tolong buat mode pembayaran nya adain pake m-banking",4,0,2.4.2,2.4.2,2021-02-02 19:43:15,bantu praktisgak agen tolong mode bayar adain pake mbanking
Good,5,0,2.4.3,2.4.3,2021-02-02 16:41:44,good
Tidak bisa daftar pengguna baru.,1,0,2.4.2,2.4.2,2021-02-02 13:38:16,tidak daftar guna
"Niat bikin aplikasi apa kaga sih? Gua daftar nungguin kode OTP nya sampe lumutan, kaga terkirim2, mending kaga usah bikin aplikasi dh",1,0,2.4.2,2.4.2,2021-02-01 12:34:08,niat bikin aplikasi kaga sih gua daftar nungguin kode otp sampe lumut kaga kirim mending kaga bikin aplikasi dh
App sangat membantu,5,0,2.4.2,2.4.2,2021-01-31 05:12:47,aplikasi bantu
Mau daftar di aplikasi mau daftar di web susah bgt si gk kluar kode Verifikasi nya mohon segera diperbaiki,2,0,2.4.2,2.4.2,2021-01-27 18:13:41,daftar aplikasi daftar web susah banget si tidak kluar kode verifikasi baik
Gabisa cari tiket,1,0,2.4.2,2.4.2,2021-01-27 09:24:43,gabisa cari tiket
Blasssee,1,0,,Unknown,2021-01-26 18:23:54,blasssee
Ini kenapa pembayaran pake BCA Ga ada tadinya kan tersedia kenapa dihilangkan,5,0,,Unknown,2021-01-26 15:46:06,bayar pake bca tidak sedia hilang
Bagus,5,0,2.4.2,2.4.2,2021-01-26 07:57:03,bagus
Kadang aplikasinya suka eror,4,0,2.4.2,2.4.2,2021-01-26 05:10:35,kadang aplikasi suka eror
"Payah banget, percuma aja ada aplikasi online buat booking tiket klo gak berfungsi dengan baik",1,1,2.4.2,2.4.2,2021-01-25 11:26:36,payah banget aplikasi online booking tiket tidak fungsi
"Setelah update, tombol cari tiket pada halaman booking menghilang. Jd tidak bisa melanjutkan untuk booking tiket",2,0,2.4.2,2.4.2,2021-01-24 11:44:47,update tombol cari tiket halaman booking hilang tidak lanjut booking tiket
"Kasih bintang 1 aja, karna no telpon nya masih pada pake no telpon umum, padahal udah zaman nya whatsapp",1,0,,Unknown,2021-01-21 06:20:56,kasih bintang aja karna no telpon pake no telpon umum udah zaman whatsapp
Apl apaan...bilang donk kl mang g bisa pesan online.boong bgt nh ..,1,0,2.4.2,2.4.2,2021-01-19 12:08:46,apl apaanbilang donk kl mang pesan onlineboong banget nh
kok g bisa bayar BCA ya??,2,0,,Unknown,2021-01-16 06:05:21,bayar bca
Tidak ada tombol pencarian bus. Tampilan bagus tapi minim fitur.,2,0,2.4.2,2.4.2,2021-01-14 23:21:31,tidak tombol cari bus tampil bagus minim fitur
"Sekarang malah tidak bisa booking di scrool tidak bisa, tolong diperbaiki",2,0,,Unknown,2021-01-13 08:28:27,tidak booking scrool tidak tolong baik
"Sayang sekali padahal saya pengguna setia tapi saat ingin membuat akun di web tidak bisa, udah download juga gak bisa, verivikasi email gk muncul apa apa",1,0,2.4.2,2.4.2,2021-01-12 22:47:48,sayang guna setia akun web tidak udah download tidak verivikasi email tidak muncul
"Untuk dilampung kurang bagus aplikasinya, saya seriap pesan lewat aplikasi ini tidak bisa",1,1,2.4.2,2.4.2,2021-01-12 13:18:37,lampung bagus aplikasi seriap pesan aplikasi tidak
"Mau daftar akun ngga bisa sama sekali, menunggu nomor konfirmasi aja ngga masuk2 di pesan,ya sudah uninstall",1,0,,Unknown,2021-01-11 14:11:08,daftar akun ngga tunggu nomor konfirmasi ngga pesa uninstall
"klo dr arah timur bus Rosalia sekarang lambat harus isi bensin dl di daerah Cikampek(jauh dr tol)hrs ke luar tol,,bisa sejam lebih untuk antri isi bensin,hrsnya sdh sampe ditujuan..kecewa Tdk bs tepat wktu😔😔",2,5,2.4.2,2.4.2,2021-01-11 03:30:48,dr arah timur bus rosalia lambat isi bensin dl daerah cikampekjauh dr tolhrs tolbisa jam antri isi bensinhrsnya sdh sampe ditujuankecewa tidak wktu
mudah nyaman & tepat waktu,5,0,,Unknown,2021-01-09 06:32:22,mudah nyaman waktu
"Aplikasi tidak bisa di gunakan, mohon segera diperbaiki, kemudian untuk crew khusunya kondektur agar lebih ramah lg ke penumpang,",1,0,,Unknown,2021-01-07 20:27:23,aplikasi tidak baik crew khusunya kondektur ramah tumpang
Bagusss,5,0,,Unknown,2021-01-07 12:54:07,bagusss
"mo daftar di web ga bisa/verifikasi tdk mulcul dan pengalaman sy sebagai pengguna bis Rosalia Indah, pada tgl 4/1/2021 dari wonosari gunkid, semua agen bilang habis tapi sy melihat banyak armada bis Rosalia Indah berjalan dalam keadaan kosong/hanya isi bbrp penumpang ,mohon tanggapanya dari Rosalia apa pada tgl itu memang penuh semua dari wonosari gunung kidul?????",1,9,2.4.2,2.4.2,2021-01-06 17:17:44,mo daftar web tidak bisaverifikasi tidak mulcul alam sy guna bis rosalia indah tgl wonosari gunkid agen bilang habis sy armada bis rosalia indah jalan kosonghanya isi bbrp tumpang tanggapanya rosalia tgl penuh wonosari gunung kidul
Kok sekarang gk bisa dipake ya aplikasi nya,3,0,2.4.2,2.4.2,2021-01-06 16:01:37,tidak dipake aplikasi
Kenapa tidak ada pilihan cari tiketnya,2,0,,Unknown,2021-01-05 20:15:47,tidak pilih cari tiket
"Secara umum memuaskan, dibanding PO lain yg belom ada reservasi online. Saran 1 aja sih utk armada bs kita tracking sendiri posisinya sehingga kita tidak terlalu lama menunggu di agen.",4,4,2.4.2,2.4.2,2021-01-05 10:29:39,umum muas banding po bom reservasi online saran sih armada tracking posisi tidak tunggu agen
kenapa ini pemesan kok tidak bs,1,0,2.4.2,2.4.2,2021-01-04 18:40:56,mes tidak
Aplikasi mobilenya kok eror terus dari desember..??,4,0,2.4.2,2.4.2,2021-01-04 08:58:43,aplikasi mobilenya eror desember
Mau login saja susah.... Payah ni aplikasi....dah gitu teleponnya kantor pusàt ditelepon nggak bisa bisa......,3,0,2.4.2,2.4.2,2021-01-03 14:50:56,login susah payah ni aplikasidah gitu telepon kantor pust telepon nggak
Mantap pelayanan dan kualitas bus dan kenyamanan dalam perjalanan,5,0,2.4.2,2.4.2,2021-01-02 19:02:13,mantap layan kualitas bus nyaman jalan
Hehehe Nice aplikasi :D Mantap!,5,0,,Unknown,2021-01-02 09:16:26,hehehe nice aplikasi mantap
Gak bisa pesan tiket,1,0,2.4.2,2.4.2,2020-12-31 06:11:41,tidak pesan tiket
"Kenapa tulisan tombol ""Cari Ticket"" tdk muncul/tdk dpt di akses alias ngumpet dibawah layar. Di skrol ke bawah tidak bisa",2,4,2.4.2,2.4.2,2020-12-30 14:56:43,tulis tombol cari ticket tidak muncultdk dpt akses alias ngumpet bawah layar skrol tidak
Daftar akun saja tidak bisa kode gak keluar di pesan dan email,3,0,2.4.2,2.4.2,2020-12-29 22:24:52,daftar akun tidak kode tidak pesan email
Terlalu banyak kesalahan sistem dan kesalahan penulisan harga dalam aplikasi,1,2,2.4.2,2.4.2,2020-12-29 09:56:31,salah sistem salah tulis harga aplikasi
ini kenapa ya tiba2 tiket reservasi online gak bisa di akses...padahal sangat membantu ada aplikasi online,4,2,2.4.2,2.4.2,2020-12-25 19:52:10,tiket reservasi online tidak aksespadahal bantu aplikasi online
"Saya sangat kecewa dengan pelayanan anda, baik crew dan aplikasinya. Awalnya saya mencoba reservasi tiket via telepon ke pool malang akan tetapi jawaban dri pihak pool malang tdk dapat reservasi tiket via telepon disarankan untuk via aplikasi/datang langsung. Lalu saya mencoba memesan via aplikasi Rosalia Indah dengan tujuan Malang-Depok jumlah penumpang 2 org. Saya sudah melakukan pembayaran melalui transfer bank akan tetapi tiket belum saya terima dan malah seat saya kembali ke open.",1,4,2.4.2,2.4.2,2020-12-25 18:20:01,kecewa layan crew aplikasi coba reservasi tiket via telepon pool malang dri pool malang tidak reservasi tiket via telepon saran via aplikasidatang coba mes via aplikasi rosalia indah tuju malangdepok tumpang org bayar transfer bank tiket terima seat open
Aplikasi tidak bisa dipakai,1,0,2.4.2,2.4.2,2020-12-25 17:48:27,aplikasi tidak pakai
Ini apalah eror ya aplikasinya kenapa saya tidak bisa melanjutkan ke pemilihan rute,5,1,2.4.2,2.4.2,2020-12-23 13:16:14,apa eror aplikasi tidak lanjut pilih rute
"call center tidak 24 jam, jika beli tiket diluar jam kantor dan ada masalah, hrs nunggu sampai pagi dulu utk komplain.",3,0,2.4.2,2.4.2,2020-12-23 10:02:52,call center tidak jam beli tiket luar jam kantor hrs nunggu pagi komplain
SE nya mantul euy bis nya,5,0,2.4.2,2.4.2,2020-12-22 17:14:52,mantul euy bis
pembayaran tidak ada bca,5,0,2.4.2,2.4.2,2020-12-22 04:09:21,bayar tidak bca
Untuk pembayaran kok gk bisa m bangking?,4,0,2.4.2,2.4.2,2020-12-22 01:27:45,bayar tidak bangking
Keren untuk pulang kampung,5,0,,Unknown,2020-12-21 22:29:39,keren pulang kampung
Aplikasi ga layak pakai mohon diupdate biar lebih layak...,1,0,2.4.2,2.4.2,2020-12-21 20:58:25,aplikasi tidak layak pakai diupdate biar layak
Saya beli tiket online jurusan ke gemolong sragen katanya bisa ternyata sampai di agen Banyumanik tidak bisa. Kl tidak bisa knp di bisa bisa kan. MENGECEWAKAN. Refund nya 1 bulan. Kl saya bayar anda 1 Bulan bagaimana perasaan anda.,1,1,,Unknown,2020-12-20 21:43:16,beli tiket online jurus golong sragen agen banyumanik tidak kl tidak knp kecewa refund kl bayar asa
Kurang bagus aplikasi nya,1,0,2.4.2,2.4.2,2020-12-18 19:14:43,bagus aplikasi
Kok error untuk pesan tiket,3,0,,Unknown,2020-12-18 15:56:30,error pesan tiket
Tidak berfungsi,1,0,2.4.2,2.4.2,2020-12-17 23:51:06,tidak fungsi
"Bus mantap dan harga besahabat, tp ada siai negtifnya yaotu crew loket agen pondok ungu bekasi tidak ramah, saya sudah langganan semenjak agen pondok ungu di buka akan tetapi sampe sekrang sama saja tetap, boro boro sapa salam senyum aja kaga ada, saya kasih bintang satu untuk agen pondok ungu bekasi, tolong bangkitkan lagi slogan ramah tamah di rosalia indah, trimakasih",1,1,,Unknown,2020-12-17 18:54:24,bus mantap harga besahabat sia negtifnya yaotu crew loket agen pondok ungu bekas tidak ramah langgan semenjak agen pondok ungu buka sampe sekrang boro boro sapa senyum kaga kasih bintang agen pondok ungu bekas tolong bangkit slogan ramah tamah rosalia indah trimakasih
"Aplikasinya masih banyak kekurangan ,mau pesan tiket lewat web susah app jg .Mohon diperbarui lagi min",2,0,2.4.2,2.4.2,2020-12-16 21:41:33,aplikasi kurang pesan tiket web susah aplikasi baru admin
Tolong dikembangkan lagi aplikasinya & servernya tergolong lelet.,3,0,2.4.2,2.4.2,2020-12-15 18:54:55,tolong kembang aplikasi servernya golong lelet
"Aplikasi paling buruk,dicoba gak bisa-bisa, klo situ buat apk, yang serius dong, jangan cuma buat apk aja tapi tidak bertanggung jawab (tidak diurus) .. keluhan yang lain saja tidak dibalas mending gak usah di buat. Hadeh payahe. Ini Ri apk",1,0,,Unknown,2020-12-15 14:38:05,aplikasi burukdicoba tidak bisabisa situ apk serius jangan aplikasi tidak tanggung tidak urus keluh tidak balas mending tidak hadeh payahe ri aplikasi
"Setelah mengisi tanggal, tempat keberangkatan dll ini mana tombol selanjutnya?",1,2,2.4.2,2.4.2,2020-12-15 08:26:02,isi tanggal berangkat dll tombol
"Buruk sekali aplikasinya, mau create account aja sulit banget.",1,2,2.4.2,2.4.2,2020-12-13 13:13:03,buruk aplikasi create account sulit banget
"Ini aplikasi gimana sih,.. Di log out tp begitu mau login udah masukin ID member sama password tp ga bisa²,.. Huhhh payah.. Tolong diperbaiki lg aplikasinya",3,1,2.4.2,2.4.2,2020-12-13 00:02:34,aplikasi gimana sih log out login udah masukin id member password tidak huhhh payah tolong baik aplikasi
ga bisa booking..udah dipilih tgl ..tujuan dan bisnya,1,0,2.4.2,2.4.2,2020-12-12 18:57:43,tidak bookingudah pilih tgl tuju bis
Mantap,5,0,,Unknown,2020-12-11 17:23:43,mantap
Aplikasi nya TDK bisa buat booking tiket,3,0,2.4.2,2.4.2,2020-12-10 11:53:18,aplikasi tidak booking tiket
Siip,5,0,2.4.2,2.4.2,2020-12-10 10:30:49,siip
"Dari madiun suruh standby jam 13.00 setelah naik bus kemudian transit di kantor pusat rosalia solo jam 15.00, suruh nunggu bus sampai jam 17.30 Haduhh ini naik bus atau suruh begadang, waktu terbuang habis cuma duduk 2 jam lebih. Sangat kecewa dengan jadwal Semoga ada perbaikan",1,18,2.4.2,2.4.2,2020-12-08 17:06:41,madiun suruh standby jam bus transit kantor pusat rosalia solo jam suruh nunggu bus jam haduhh bus suruh begadang waktu buang habis duduk jam kecewa jadwal moga baik
Gak baik,1,0,,Unknown,2020-12-06 23:32:11,tidak
Ok,5,0,,Unknown,2020-12-06 05:47:50,ok
"Tidak bisa create account, sms sudah dikirim tp sampai saat ini tidak terima sms notifnya...😔",1,3,2.4.2,2.4.2,2020-12-05 17:36:43,tidak create account sms kirim tidak terima sms notifnya
Bertele tele,1,0,2.4.2,2.4.2,2020-12-05 06:37:16,tele tele
"Bis nyaman, pelayanan memuaskan",5,0,2.4.2,2.4.2,2020-12-04 20:13:02,bis nyaman layan muas
"Bru kali pertama tes beli tiket pakai app dari pekalongan - serang tiket jam 21.00 wib, udh jam 22.00 wib bis nggak dateng2, giliran ditanyain sma petugas loketnya rosalia di terminal pekalongan, blngnya bis masih dikendal, trus mas loketnya jga bilang jngan beli tiketnya online mas susah ngontrolnya. ASLI BKIN KESEL. lah klo ini app kgk konek sma petugas2 di loketnya buat apa di bkin appnya mending di hapus aja, ketahuan orng pada beli di loket aja, kgk kesel kyk gni.. Belagak2 online sih.",1,3,2.4.2,2.4.2,2020-11-29 22:11:44,bru tes beli tiket pakai aplikasi kalong serang tiket jam wib jam wib bis nggak dateng gilir ditanyain sma tugas loket rosalia terminal kalong blngnya bis kendal trus mas loket jga bilang jngan beli tiket online mas susah ngontrolnya asli bkin kesel aplikasi kgk konek sma tugas loket bkin appnya mending hapus aja tahu orng beli loket aja kgk kesel gni bagak online sih
"Saya pesen tiket yang jam 21.30 crck in jam 21.00,bisnya jam 22: 35 belum datang, udah berangkatanya keburu buru, org jauh lagi agennya,pelayanan tidak memuaskan, dengan harga yg sama mending naik kereta, atau tidak dengan agen ini",1,6,2.4.2,2.4.2,2020-11-28 22:37:23,sen tiket jam crck in jam bis jam udah berangkatanya keburu buru org agennyapelayanan tidak muas harga mending kereta tidak agen
Parah management nya Sy beli online pembayaran melalui BCA Sdh sukses tp bilang nya di RI belom masuk Dan mau gk mau krna butuh Keberangkatan saya harus membeli tiket lg secara ofline di agen Dan utk refund nya ini saya di noted oleh agen ktw yg ngurusin katanya paling cepat 20 hari sampai 30 hari PARAH PARAH PARAH KESALAHAN BUKAN DI SAYA MENGAPA SAYA YG HARUS DI RUGIKAN DARI MULAI KEBERANGKATAN HARUS MEMBELI TIKET LG SAMPAI DENGAN PENGEMBALIAN UANG YG SANGAT SANGAT SANGAT LAMA 👎👎👎👎👎👎👎👎,1,0,,Unknown,2020-11-28 12:47:18,parah management sy beli online bayar bca sdh sukses bilang ri bom tidak krna butuh berangkat beli tiket ofline agen refund noted agen ktw ngurusin cepat parah parah parah salah bukan rugi berangkat beli tiket kembali uang
"Percuma download ini aplikasi klo ujung2 harus menghubungi agen terdekat setiap mau booking, bukannya mempermudah malah mempersulit",1,2,2.4.2,2.4.2,2020-11-24 15:12:59,download aplikasi ujung hubung agen dekat booking mudah sulit
Pelayanan yg baik tempat istirahat yg nyaman,4,0,2.4.2,2.4.2,2020-11-24 07:26:35,layan istirahat nyaman
Tolong lah kasihan orang yang sudah beli tiket massa ga bisa di kasih lihat,3,0,2.4.2,2.4.2,2020-11-23 15:50:47,tolong kasihan beli tiket massa tidak kasih
Untuk sumatera blum ada?,4,0,2.4.2,2.4.2,2020-11-22 22:30:56,sumatera blum
Kenapa aplikasi online rosin skrg sering trouble?,5,0,2.4.2,2.4.2,2020-11-22 17:13:48,aplikasi online rosin skrg trouble
"Tolong buat crew rosin di ajarin cara memperlakukan customer yg baik, kayanya hampir semua crew rosin khususnya (kondektur) jangan kaku2 amat lah ditanyain penumpang kadang jawabannya belagu, kekurangan di rosin cuma di crew nya ga ada ramah2 nya",3,14,2.4.2,2.4.2,2020-11-22 14:09:39,tolong crew rosin ajarin laku customer kaya crew rosin kondektur jangan kaku ditanyain tumpang kadang jawab belagu kurang rosin crew tidak ramah
Ya ampun... saya baru baca komentar disini. Banyak yg sambat nope 13 digit gk bisa. Lha saya nope nya cm 10 digit. Jadi selama ini gk bisa bikin akun hanya gegara digit nope gak sesuai. Ya wes bintang aku tambah 1 lagi ya... semangaaat buat yg ngoding aplikasinya...,2,3,2.4.2,2.4.2,2020-11-21 22:16:50,ampun baca komentar sambat nope digit tidak lha nope cm digit tidak bikin akun gegara digit nope tidak sesuai wes bintang semangaaat ngoding aplikasi
"biro travel yg nggak kompeten ini reservasi nya sulit, saya coba book tiket nggak pernah ada jadwal keberangkatan dari cilegon ke surabaya, dan respon cs nya kalo ditelfon cuma bilang halo padahal sinyal telfon saya bagus. jangan gunakan biro ini sistemnya kurang bagus dan pelayanannya sangat memperihatinkan",2,4,2.4.2,2.4.2,2020-11-20 10:12:49,biro travel nggak kompeten reservasi sulit coba book tiket nggak jadwal berangkat cilegon surabaya respon cs ditelfon bilang sinyal telfon bagus jangan biro sistem bagus layan memperihatinkan
"Agak susah untuk cari tanggal keberangkatan, tapii untuk tampilan user oke",5,0,2.2.7,2.2.7,2020-11-19 08:50:21,susah cari tanggal berangkat tapi tampil user oke
"Kurang memuaskan sama website & aplikasinya. Harusnya lebih bisa mempermudah customer, bukan malah bikin ribet. Tolong diperbaiki ya",1,1,2.4.2,2.4.2,2020-11-18 22:43:20,muas website aplikasi mudah customer bukan bikin ribet tolong baik
Nub,1,0,,Unknown,2020-11-17 20:17:09,nub
Good,5,0,2.4.0,2.4.0,2020-11-17 15:52:42,good
Tolong kasih opsi lain untuk log in. Masa harus log in pake ID kalo lupa nomer ID ngga bisa log in Harus nya kasih opsi log in dengan email atau no hp,1,2,2.4.2,2.4.2,2020-11-16 13:49:41,tolong kasih opsi log in log in pake id lupa nomer id ngga log in kasih opsi log in email no hp
jumlah pesanan masa iya cuma 4 maksimal?,1,0,2.4.2,2.4.2,2020-11-15 19:25:48,pesan iya maksimal
error server muluuu,1,0,2.4.2,2.4.2,2020-11-15 05:55:05,error server muluuu
Good,5,0,,Unknown,2020-11-15 02:56:59,good
"Di aplikasi RI eror padahal mau mesen tiba2 tidak muncul agen pertama setelah di logout dan login lagi malah gak bisa, mohon di perbaiki sistem nya",1,0,2.4.2,2.4.2,2020-11-14 19:27:46,aplikasi ri eror mesen tidak muncul agen logout login tidak baik sistem
"Aplikasi masih banyak bug nya , percuma ada aplikasi kalo gak berfungsi dgn baik",1,1,,Unknown,2020-11-14 13:24:19,aplikasi bug aplikasi tidak fungsi
Loading lama bngt.pncrian agen asal gk kluar.hahaha,1,0,2.4.2,2.4.2,2020-11-13 14:27:04,loading bngtpncrian agen tidak kluarhahaha
"Ngga bisa milih agen kota asal, ngga bisa buat pesen tiket",1,0,2.4.2,2.4.2,2020-11-13 09:06:21,ngga milih agen kota ngga sen tiket
Mantap...nyaman...pelayannannya memuaskan,5,1,2.4.2,2.4.2,2020-11-11 19:35:04,mantapnyamanpelayannannya muas
"Pesan tiket, kota asal dan tujuan sudah diisi, pas nyari tiket gak nongol, harap hubungi agen katanya, gimana sih, sama aja bohong ada aplikasi gini, tlg di perbaiki lagi aplikasinya",2,10,2.4.2,2.4.2,2020-11-09 18:45:32,pesan tiket kota tuju isi nyari tiket tidak nongol harap hubung agen gimana sih bohong aplikasi gin tlg baik aplikasi
"Ini buat no telp yg 13 digit tidak bisa ya? Jadi saya kasih bintang 3 dlu, karena saya kesulitan membuat akun di rosalia indah transport",3,0,2.4.2,2.4.2,2020-11-08 23:45:27,no telp digit tidak kasih bintang dlu sulit akun rosalia indah transport
mau bikin akun biar bisa pesen tiket online tapi penulisan nomor telpon dibatasi 12 angka sedangkan nomor telpon saya ada 13 angka. gimana caranya mau pesen kalo mau masukin nomor aja gak bisa,1,0,,Unknown,2020-11-07 09:42:32,bikin akun biar sen tiket online tulis nomor telpon batas angka nomor telpon angka gimana sen masukin nomor tidak
Semoga lancar tidak ada kendala,4,0,,Unknown,2020-10-31 16:18:00,moga lancar tidak kendala
Good,4,0,2.4.2,2.4.2,2020-10-27 13:23:51,good
"Masih belum lengkap, tiket tidak tersedia untuk palembang ke gombong, disuruh menghubungi ke agen tiket terdekat..",1,3,2.4.2,2.4.2,2020-10-26 17:47:44,lengkap tiket tidak sedia palembang gombong suruh hubung agen tiket dekat
Aplikasi elek. Mau daftar aja susah. Kode nya gak ada tuh masuk ke hape,1,1,2.4.2,2.4.2,2020-10-22 22:26:33,aplikasi elek daftar susah kode tidak tuh hape
"Ini mau pesen tiket lewat aplikasi kok disuruh ke agen terdekat, trus fungsi aplikasi ini apa coba kalau mau pesen tiket suruh pesen ke agen terdekat 😩",1,7,2.4.2,2.4.2,2020-10-22 19:39:02,sen tiket aplikasi suruh agen dekat trus fungsi aplikasi coba sen tiket suruh sen agen dekat
Saya sudah booking via aplikasi. Kode booking sudah dikirim. Pembayaran via visa/Mastercard. Tapi setelah ditunggu nggak ada konfirmasi. Kemudian saya cek code booking yg sudah dikasih. Malah kode booking nya nggak ditemukan. Ini yg dikasih kode booking atau kode togel ? Kelanjutan pembayaran nya gimana ? SMS dan email saya tunggu nggak masuk2. Tolong diperbaiki lagi sistem reservasi nya atau sekalian server nya diperbaiki.,1,34,2.4.2,2.4.2,2020-10-22 16:14:39,booking via aplikasi kode booking kirim bayar via visamastercard tunggu nggak konfirmasi cek code booking kasih kode booking nggak temu kasih kode booking kode togel lanjut bayar gimana sms email tunggu nggak tolong baik sistem reservasi server baik
"Rosin memang luar biasa,penumpangnya cuma saya sendiri tetep berangkat ke Palembang..joss tenan..!!",5,4,2.4.2,2.4.2,2020-10-18 08:06:55,rosin biasapenumpangnya tetep berangkat palembangjoss tenan
Mantap,5,0,,Unknown,2020-10-10 14:04:57,mantap
Mantap,5,0,2.3.14,2.3.14,2020-10-05 06:59:40,mantap
Sangat membantu 👍👍👍,5,0,2.4.2,2.4.2,2020-09-30 15:33:12,bantu
Aplikasi konyol. Masak gak ada riwayat pembayaran sih. Tolol. Anjing. Koplak.,5,0,2.4.2,2.4.2,2020-09-27 05:00:56,aplikasi konyol masak tidak riwayat bayar sih tolol anjing koplak
Sangat kurang cepat menangani dalam kondisi saat ini. Maaf bintang 3 dulu ya,3,0,,Unknown,2020-09-24 05:28:26,cepat tangan kondisi maaf bintang
Pelayanan baik,5,0,2.4.0,2.4.0,2020-09-23 02:28:21,layan
Mantap,5,0,2.3.14,2.3.14,2020-09-17 21:06:29,mantap
Keren,5,0,,Unknown,2020-09-14 21:07:38,keren
Gimana ini setiap mau login kok tulisannya eror??,5,0,,Unknown,2020-09-14 20:28:35,gimana login tulis eror
"Sangat buruk untuk system online nya, virtual gak jelas, step by step tidak di terangkan. Gk usah buat app klo belum mempunyai programmer yg handal",1,1,2.4.2,2.4.2,2020-09-06 21:15:51,buruk system online virtual tidak step by step tidak terang tidak aplikasi programmer handal
"habis pembaharuan malah poin yg terkumpul hilang semua,padahal udah lumayan banyak",3,9,2.4.2,2.4.2,2020-09-04 14:42:42,habis baharu poin kumpul hilang semuapadahal udah lumayan
Bagus,5,0,2.4.2,2.4.2,2020-09-03 09:25:09,bagus
"Habis upgrade malah ga bisa dibuka, aplikasi error",4,0,2.4.2,2.4.2,2020-09-01 18:19:27,habis upgrade tidak buka aplikasi error
"Aplikasi semprul, hbs update malah gak bisa dipake",1,0,2.4.2,2.4.2,2020-08-30 22:19:40,aplikasi semprul hbs update tidak dipake
"Apk macam apa cari tiket onlen kok ga bisa trs, tutup aja udh apk begini ..👎👎👎 percayalah gaess tetep enak naik AGRAMAS",1,0,,Unknown,2020-08-29 20:00:20,aplikasi cari tiket onlen tidak trs tutup aplikasi percaya gaess tetep agramas
Sangat membantu,5,0,2.4.0,2.4.0,2020-08-29 18:18:15,bantu
Oke,5,0,2.4.0,2.4.0,2020-08-29 16:18:29,oke
Lebih mudah,3,0,2.3.14,2.3.14,2020-08-28 10:40:49,mudah
ok,4,0,2.4.0,2.4.0,2020-08-25 16:44:15,ok
Untuk keberangkatan dari Klari (Karawang) belum melayani tiket online ya?,3,0,,Unknown,2020-08-25 15:38:00,berangkat klari karawang layan tiket online
Good,5,0,,Unknown,2020-08-25 08:55:41,good
Abis di updet kenapa tidak bisa buat cek tiket,3,0,2.4.2,2.4.2,2020-08-24 19:13:06,abis updet tidak cek tiket
Cukup membantu,3,0,,Unknown,2020-08-24 06:34:44,bantu
Tolong cara pembayarannya di tambahin bisa transfer lewat ATM BRI dong... Nanti kolo sudah bisa bayar lewat BRI saya kasih full bintangnya... Semoga kedepannya bisa bayar lewat trasfer ATM terutama dari BRI...,5,1,2.4.2,2.4.2,2020-08-23 07:42:20,tolong bayar tambahin transfer atm bri kolo bayar bri kasih full bintang moga depan bayar trasfer atm bri
Good,5,0,,Unknown,2020-08-22 19:47:21,good
Keren,5,0,2.4.0,2.4.0,2020-08-22 09:51:29,keren
Nice,5,0,2.4.0,2.4.0,2020-08-22 09:42:30,nice
Sangat mudah untuk reservasi tiket dan juga pembayaran pun sangatlah mudah,5,1,2.4.0,2.4.0,2020-08-21 12:11:46,mudah reservasi tiket bayar mudah
"Aplikasinya yang bagus sangat membantu, armadanya juga cukup nyaman, tapi kalau bisa dilakukan pembatasan penumpangnya dong sementara ini, seperti PO bus yang lain..maaf (SJ)",5,2,2.4.2,2.4.2,2020-08-21 07:54:06,aplikasi bagus bantu armada nyaman batas tumpang po bus lainmaaf sj
aplikasinya sudah bagus cuma 1 kekurangannya gak bisa milih tempat duduk,5,2,2.4.0,2.4.0,2020-08-20 22:54:11,aplikasi bagus kurang tidak milih duduk
Sangat membantu dalam pemesanan tiket rosalia Indah. Terimakasih!,5,0,,Unknown,2020-08-20 19:19:07,bantu mesan tiket rosalia indah terimakasih
Bagus dan baik pelayanan,5,0,2.4.2,2.4.2,2020-08-19 13:18:41,bagus layan
Ok. Mantab,5,0,2.4.0,2.4.0,2020-08-18 21:58:08,ok mantab
Memudah kan saya utuk pesan tiket via online,3,0,2.4.0,2.4.0,2020-08-17 19:45:51,mudah utuk pesan tiket via online
Cara cek harg,2,1,2.4.0,2.4.0,2020-08-16 22:08:17,cek harg
"Mantap Min, sering booking tiket lwt aplikasi jd jika mau pulang kampung tinggal buka aplikasi, sekarang yg saya tunggu² pembayaran sdh bisa lwt bca virtual account. Udh ga repot lg untuk pembayaran. Tks",5,1,2.4.2,2.4.2,2020-08-16 10:34:21,mantap min booking tiket lwt aplikasi pulang kampung tinggal buka aplikasi tunggu bayar sdh lwt bca virtual account tidak repot bayar tks
Lumayan,5,0,,Unknown,2020-08-15 17:01:41,lumayan
Penyedia jasa trasnportasi yang sangat memuaskan,5,0,2.4.2,2.4.2,2020-08-15 13:59:00,sedia jasa trasnportasi muas
Bgus bngt aplikasi nya,4,0,2.4.0,2.4.0,2020-08-15 11:05:43,bgus bngt aplikasi
Tingkatkan terussss,5,0,,Unknown,2020-08-15 06:36:33,tingkat terussss
"Aplikasi sudah diperbaiki, mantab lanjutkan Mau coba naik yg doubke decker nih hehew",5,0,2.4.2,2.4.2,2020-08-14 23:12:23,aplikasi baik mantab lanjut coba doubke decker nih hehew
Oke,5,0,2.4.0,2.4.0,2020-08-14 22:46:04,oke
Pengalaman yang memuaskan selama di perjalananan. Harga tiket juga sesuai dg pelayanannya. Highdecknya kok belum ada yg ke Kalideres...??,4,0,2.4.2,2.4.2,2020-08-14 22:33:12,alam muas perjalananan harga tiket sesuai dg layan highdecknya kalideres
Sangat mempermudah pembayaran,5,0,2.4.0,2.4.0,2020-08-14 22:21:45,mudah bayar
"Akses kurang responsive, tp sudah lumayan bagus tampilannya",3,3,2.4.2,2.4.2,2020-08-14 20:20:00,akses responsive lumayan bagus tampil
Bagus. Membantu kita mencari tiket bus.,5,1,2.4.0,2.4.0,2020-08-14 18:51:56,bagus bantu cari tiket bus
Sangat memuaskan,5,0,2.4.0,2.4.0,2020-08-14 18:48:09,muas
"Ini kali pertama saya unduh aplikasi Rosalia Indah dan menggunakan fitur pesan online. So far so good menurut saya, bayar lewat Indomaret dan kurang dari 20 detik muncul SMS dari Rosalia yang menyatakan saya sukses booking kursi. Semoga tetap terjaga kuakitas yang seperti ini.",5,2,,Unknown,2020-08-14 17:13:13,unduh aplikasi rosalia indah fitur pesan online so far so good bayar indomaret detik muncul sms rosalia sukses booking kursi moga jaga kuakitas
Sangat memudahkan memesan tiket. Bus nya nyaman. Harga termasuk murah dengan kenyamanan bus dan tiket makan gratis.,5,20,2.4.0,2.4.0,2020-08-13 10:33:15,mudah mes tiket bus nyaman harga murah nyaman bus tiket makan gratis
👍,5,0,2.3.16,2.3.16,2020-08-10 01:19:20,
"Min mau tanya, dari agen terminal Banjarnegara apa sudah d layani beli tiket online ? Trm",5,1,2.4.0,2.4.0,2020-08-09 16:47:29,admin agen terminal banjarnegara layan beli tiket online trm
"Busuk pelayanan agen rosalia pasar minggu judes bangat org""a",1,0,,Unknown,2020-08-01 14:08:24,busuk layan agen rosalia pasar minggu judes bangat orga
Terbaik,5,0,2.4.0,2.4.0,2020-08-01 09:28:44,baik
Ok,5,0,2.4.0,2.4.0,2020-07-31 20:23:23,ok
"Ribet banget daftar nya minta verifikasi sms, tapi ditungguin sms gk ada juga, padahal pulsa banyak. Ini aplikasi gimana sih, uninstal aja klo bgini mah",1,10,2.4.0,2.4.0,2020-07-21 08:50:36,ribet banget daftar verifikasi sms ditungguin sms tidak pulsa aplikasi gimana sih uninstal bgini mah
"Daftarnya mana ribet banget, org belum ke daftar ga ada notif masuk, ga ada sms verifikasi tp email ga bisa di gunain lagii dibilang email sudah terdaftar, padahal ga ada notif apa"".... mau daftar nya aja udah susah beneerrrrrrr",1,2,,Unknown,2020-07-20 19:25:45,daftar ribet banget org daftar tidak notif tidak sms verifikasi email tidak gunain lagi bilang email daftar tidak notif daftar udah susah beneerrrrrrr
"Aplikasi tidak update ttg tujuannya. Booking di mana , nyampenya dimana.",1,0,,Unknown,2020-07-20 02:03:43,aplikasi tidak update ttg tuju booking nyampenya mana
Ok,5,0,,Unknown,2020-07-19 22:00:30,ok
ok,5,0,,Unknown,2020-07-18 19:38:25,ok
"Saya melakukan pembelian tiket rosalia lewat aplikasi, dan pembayaran lewat indomart untuk tujuan Surabaya Tangerang. Informasi indomart, pembayaran dinyatakan berhasil, tapi saya tidak menerima tiket melalui email atau pun SMS. Dan saya konfirmasi ke Rosalia, kode booking saya tidak ada ditemukan. Bagaimana status pembukuan saya dan uang saya yang telah terbayarkan melalui indomart? Mohon penjelasannya. Saya sudah sampaikan pesan lewat aplikasi nggak ada respon sama sekali. Mohon penjelasannya.",1,63,2.4.0,2.4.0,2020-07-13 18:27:35,beli tiket rosalia aplikasi bayar indomart tuju surabaya tangerang informasi indomart bayar nyata hasil tidak terima tiket email sms konfirmasi rosalia kode booking tidak temu status buku uang bayar indomart jelas pesan aplikasi nggak respon jelas
Ok,5,0,2.4.0,2.4.0,2020-07-13 18:10:33,ok
R. I. B. E. T,1,0,2.4.0,2.4.0,2020-07-11 20:48:11,
"Sekali pake langsung, uninstall.",1,2,2.4.0,2.4.0,2020-07-11 20:07:55,pake uninstall
Cukup baik..,5,0,2.3.14,2.3.14,2020-07-11 17:36:01,
Ribet bgt daftar aja auto uninstali,1,1,2.4.0,2.4.0,2020-07-10 00:58:21,ribet banget daftar auto uninstali
Pelayanan bagus,4,0,,Unknown,2020-07-06 21:42:51,layan bagus
Mantap,5,0,,Unknown,2020-07-04 22:03:16,mantap
terimakasih,5,0,2.3.14,2.3.14,2020-07-03 22:08:40,terimakasih
"Saya kasih bintang 5 (sinco) karena appsnya bagus, fiturnya bagus, servernya bagus, semuanya bagus",5,2,2.4.0,2.4.0,2020-07-03 09:17:45,kasih bintang sinco appsnya bagus fiturnya bagus servernya bagus bagus
Rosalia lndah T,1,0,,Unknown,2020-07-03 09:01:32,rosalia lndah
Keren,5,0,,Unknown,2020-07-01 15:31:15,keren
Udah 10 x transaksi gagal lanjut ke pembayaran setelah pilih kursi,2,3,2.4.0,2.4.0,2020-06-26 18:59:19,udah transaksi gagal bayar pilih kursi
"Nyaman tepat waktu ramah pelayanan y, hy Menu resto y ,sayur y ganti ,jgn itu trs 🙏",5,0,,Unknown,2020-06-23 09:49:03,nyaman waktu ramah layan hy menu resto sayur ganti jgn trs
Udah bisa dapet kursi mau transfer bayar gk bisa jd harus ke agen akhirnya,4,2,2.4.0,2.4.0,2020-06-22 19:41:26,udah dapet kursi transfer bayar tidak agen
Good job,5,0,2.3.14,2.3.14,2020-06-21 20:57:06,good job
Apk gak guna nyesel aku downloadnya masa disuruh tanya agen terdekat terus gunannya apk buat apa kalau ujungnya disuruh tanya agen terdekat anjing bapak kau tak ada otak kau !!!,1,12,2.4.0,2.4.0,2020-06-19 21:11:14,aplikasi tidak nyesel downloadnya suruh agen dekat gun aplikasi ujung suruh agen dekat anjing kau otak kau
Gimana sih ko gak bisa di download sih gak danta,1,0,,Unknown,2020-06-16 13:39:45,gimana sih ko tidak download sih tidak danta
👍,5,0,2.3.14,2.3.14,2020-06-13 17:39:09,
"Puas menggunakan aplikasi RI, mudah dan gampang dalam pembayaran tiket nya...",5,0,2.3.14,2.3.14,2020-06-13 14:31:50,puas aplikasi ri mudah gampang bayar tiket
Membantu,5,0,,Unknown,2020-06-13 08:29:00,bantu
"gk beguna,,",1,1,2.4.0,2.4.0,2020-06-09 03:16:39,tidak beguna
Mantap dan top sekali aplikasi ini.. Terus update yaa 👍👍👍👍,5,0,,Unknown,2020-06-06 20:25:51,mantap top aplikasi update yaa
"Percuma bikin aplikasi, kalo cari tiket online aja semua kosong dan harus tanya ke agen terdekat.",1,13,2.4.0,2.4.0,2020-06-05 14:40:32,bikin aplikasi cari tiket online kosong agen dekat
sangat membantu mudah untuk mendapatkan pelayanan tiket,5,0,,Unknown,2020-06-05 08:21:03,bantu mudah layan tiket
Recommended,5,0,2.3.5,2.3.5,2020-06-01 03:58:15,recommended
"aplikasi bermanfaat .. cuma username dan password tdk bisa dibuat sndiri, tp dapet dr server rosalia indahnya jadi kalo ada yg hapus data jgn lupa save dlu uid dan pass di memo dll biar ga kelupa ..",4,13,2.4.0,2.4.0,2020-05-31 10:49:40,aplikasi manfaat username password tidak sndiri dapet dr server rosalia indah hapus data jgn lupa save dlu uid pass memo dll biar tidak lupa
Kasih 3 dulu ya,3,0,2.3.14,2.3.14,2020-05-30 21:40:17,kasih
Tolong tambahkan contact person,3,0,,Unknown,2020-05-29 18:02:54,tolong tambah contact person
Krunya santun,5,0,2.4.0,2.4.0,2020-05-26 18:17:33,kru santun
smga bisa membantu,5,0,,Unknown,2020-05-26 17:48:14,smga bantu
"Sangat Membantu, Terima Kasih Rosalia Indah Transport",4,1,2.4.0,2.4.0,2020-05-26 17:37:53,bantu terima kasih rosalia indah transport
Menu redeem poinya kok tidak ada ya?,3,1,2.4.0,2.4.0,2020-05-25 00:13:37,menu redeem poinya tidak
1x akun aja 😅,3,0,2.3.14,2.3.14,2020-05-22 10:10:59,akun
Jadi lebih mudah buat pesen tiket dan ngga perlu ribet-ribet ke agen..,4,5,2.4.0,2.4.0,2020-05-20 15:14:59,mudah sen tiket ngga ribetribet agen
"Mempermudah perjalanan, dan transportasi sangat nyaman. Saya member dari pertama kali ada Shuttle RI",5,0,2.3.16,2.3.16,2020-05-19 21:08:26,mudah jalan transportasi nyaman member shuttle ri
Sangat membatu,5,0,,Unknown,2020-05-18 10:21:06,batu
Coba dulu,3,0,2.4.0,2.4.0,2020-05-17 23:04:05,coba
perlu di revice lagi.pembayaran lewat mn.Rek.hak bisa di buka malah ngeblenk.baru nyoba sdh bermslh.,2,0,2.3.16,2.3.16,2020-05-16 14:44:14,revice lagipembayaran mnrekhak buka ngeblenkbaru nyoba sdh bermslh
Mantap,5,0,2.4.0,2.4.0,2020-05-16 11:02:09,mantap
Ok,4,0,2.4.0,2.4.0,2020-05-16 05:09:59,ok
"Kok sudah pembatalan tiket 9 hari dari sebelum keberangkatan sebenarnya lumayan kok itu lama, ngak seperti sehari sebelum keberangkatan. Tp kok ngak balik ya uangnya sampai skrng. Waktu itu aku langsung ke PO nya dibungurasih-surabaya, ngobrol sama karyawan katanya sih balik via transfer krna aku beli tiket online waktu itu. Aku cek juga ngak masuk ke rekeningku. Ada yang tau gimana caranya? Dan sampai skrng belum juga masuk uangnya.",1,14,2.3.16,2.3.16,2020-05-14 11:04:40,batal tiket berangkat lumayan ngak hari berangkat ngak uang skrng waktu po dibungurasihsurabaya ngobrol karyawan sih via transfer krna beli tiket online waktu cek ngak rekening tau gimana skrng uang
Good,5,0,2.3.14,2.3.14,2020-05-07 08:08:13,good
Recomended,5,0,2.3.16,2.3.16,2020-05-07 04:48:57,recomended
Uang saya kok blm di transfer juga yah,1,0,,Unknown,2020-05-05 14:55:31,uang blm transfer yah
Nyaman dan mantap,5,0,,Unknown,2020-05-02 22:59:46,nyaman mantap
Bus gak nyaman Mau tidur gak bisa air ac netes terus ke badan No bus 445 kurang nyaman,1,0,2.3.16,2.3.16,2020-04-19 19:47:34,bus tidak nyaman tidur tidak air ac netes badan no bus nyaman
Tambahin snack,1,0,,Unknown,2020-04-19 12:03:16,tambahin snack
Semoga Jaya Teruss PO Rosalia indah,4,0,,Unknown,2020-04-16 16:21:50,moga jaya teruss po rosalia indah
Bagus lebih mudah memberikan terbaik untuk pelanggan .txu RI,5,0,,Unknown,2020-04-15 00:03:44,bagus mudah baik langgan txu ri
Baik,5,0,2.3.14,2.3.14,2020-04-14 12:27:15,
👍👍👍👍,5,0,2.3.14,2.3.14,2020-04-13 17:29:46,
Ok,5,0,2.3.14,2.3.14,2020-04-13 10:34:12,ok
Lebih mudah proses pemesanan tiket,5,0,2.3.16,2.3.16,2020-04-10 13:04:12,mudah proses mesan tiket
Pokoknya rosalia top biro perjalanan darat yang nyaman dan cepat,5,0,,Unknown,2020-04-08 12:37:34,pokok rosalia top biro jalan darat nyaman cepat
Perjalanan dari seepong ke daerah jawa timur terasa nyaman bangeett..dengan begitu banyaknya armada bus yang berkelas,5,0,2.3.16,2.3.16,2020-04-06 12:15:02,jalan seepong daerah jawa timur nyaman bangeettdengan banyak armada bus kelas
Jozzz,5,0,2.3.14,2.3.14,2020-04-02 15:15:48,jozzz
Sudah sangat membantu. Bintang 5 nya nanti kalo sudah bisa pilih seat,5,0,2.0.0,2.0.0,2020-04-01 19:31:51,bantu bintang pilih seat
Pesen tiket cepat dan mudah,5,0,2.0.0,2.0.0,2020-04-01 07:23:10,sen tiket cepat mudah
Klo tidak niat online jgn online cuma PHP,1,0,2.3.16,2.3.16,2020-03-30 20:41:22,tidak niat online jgn online php
Nyaman dan memuaskan,5,0,2.3.14,2.3.14,2020-03-28 19:49:24,nyaman muas
Good,5,0,2.3.14,2.3.14,2020-03-27 03:34:27,good
Mantul,5,0,2.3.14,2.3.14,2020-03-26 11:26:56,mantul
"Saya langganan sudah lama dengan bis rosin ini, tapi ya ga ada istimewa nya, jam kedatangan telat biasa di tiket jam 15.15 datangnya jam 17.30 atau lebih, bukan apa.. capek nunggunya di agen dulu.. naik dapat bis yg bagus baru.. sebelah bilang, sekarang bis bagus tp ga ada tv nya, padahal tulisannya ada.. bener jg bis dobel Decker dari rambutan sampai solo ga nongol jg tv nya..🤭 begitu ambil bagasi.. "" tambahi uang rokok..,"" ealaahh mode on... 😯😯 Lengkap sudah prestasi bis rosin ini..🤪🤪",2,1,,Unknown,2020-03-25 14:59:04,langgan bis rosin tidak istimewa jam datang telat tiket jam datang jam bukan capek nunggunya agen bis bagus belah bilang bis bagus tidak tv tulis bener bis dobel decker rambutan solo tidak nongol tv ambil bagasi tambah uang rokok ealaahh mode on lengkap prestasi bis rosin
Bis on time dan bagus,5,0,2.3.14,2.3.14,2020-03-24 21:22:21,bis on time bagus
"Mohon diperbaiki lagi demi kenyamanan pelanggan Rosalia Indah terkait aplikasinya, masak pembelian tiket online tidak bisa ganti lokasi tujuan",3,0,2.3.16,2.3.16,2020-03-24 08:21:57,baik nyaman langgan rosalia indah kait aplikasi masak beli tiket online tidak ganti lokasi tuju
Mantap,5,0,,Unknown,2020-03-23 22:44:02,mantap
Sangan membantu,5,0,2.3.14,2.3.14,2020-03-23 18:52:12,sangan bantu
Sangat membantu.,5,0,2.3.16,2.3.16,2020-03-23 06:17:17,bantu
Good,4,0,2.0.0,2.0.0,2020-03-21 19:29:15,good
Ok,5,0,2.3.14,2.3.14,2020-03-21 05:27:41,ok
Good jobs,5,0,,Unknown,2020-03-20 08:16:29,good jobs
"Cobalah belajar dari aplikasi tiket KAI sehingga bisa lebih praktis. Pada reservasi tiket, sebaiknya isian terakhir bisa tersimpan, jadi saat mengulangi orderan tidak harus mengisi lagi",1,12,2.3.14,2.3.14,2020-03-19 12:33:40,coba ajar aplikasi tiket kai praktis reservasi tiket isi simpan ulang order tidak isi
Mantul pokoknya.naik busnya,5,0,2.3.14,2.3.14,2020-03-19 09:05:00,mantul pokoknyanaik bus
Mantul,5,0,2.3.16,2.3.16,2020-03-18 21:41:53,mantul
"mempermudah pembelian tiket, lebih baik lagi bisa tersambung dg Link Aja biar lebih mudah pembayarannya",5,0,2.3.16,2.3.16,2020-03-18 09:07:20,mudah beli tiket sambung dg link biar mudah bayar
Po langanan magetan-jakarta pp psti naek rosin. Tolong di fix donk tiap cek status booking salah no & kode booking mulu,5,0,2.3.14,2.3.14,2020-03-17 21:14:38,po langanan magetanjakarta pp psti naek rosin tolong fix donk cek status booking salah no kode booking mulu
Sangat membantu sekali dengan adanya aplikasi Rosin & bisa pilih tempat duduk.,5,0,2.3.14,2.3.14,2020-03-17 20:35:27,bantu aplikasi rosin pilih duduk
Untuk aplikasinya sudah sangat bagus&simple di gunakan tetapi tolong di tambahkan pembayaran melalu e-banking bni,4,0,2.3.14,2.3.14,2020-03-17 14:07:52,aplikasi bagussimple tolong tambah bayar lalu ebanking bni
Selamat siang,5,0,2.3.16,2.3.16,2020-03-17 10:06:45,selamat siang
"Bintang 3 ah, kenapa semua tiket abis lewat online, mohon dong dicek lagi aplikasinya 😔",3,0,2.3.16,2.3.16,2020-03-17 02:14:18,bintang ah tiket abis online cek aplikasi
Pesan hari keberangkatan tidak terlayani,4,0,2.3.16,2.3.16,2020-03-17 00:44:49,pesan berangkat tidak layan
Mau tanya habis Booking ticket tapi lupa dirulis kode booking nya dan sampe sekarang belum dapet sms kode booking nya Gimana caranya ya?,5,0,2.3.16,2.3.16,2020-03-16 23:39:30,habis booking ticket lupa dirulis kode booking sampe dapet sms kode booking gimana
Pelayanan armada joss,5,0,2.3.14,2.3.14,2020-03-16 22:56:36,layan armada joss
Bus paling mantap,5,0,,Unknown,2020-03-16 13:41:11,bus mantap
sangat nyaman,4,0,2.3.14,2.3.14,2020-03-16 11:33:21,nyaman
susah connect,4,0,,Unknown,2020-03-16 05:38:00,susah connect
"Mudah, cepat nyaman",5,0,2.3.16,2.3.16,2020-03-16 00:38:54,mudah cepat nyaman
Pelayanannya sangat memuaskan,5,0,2.3.16,2.3.16,2020-03-15 20:53:12,layan muas
Kode verifikasi berulang2 dikirim....,3,0,2.3.16,2.3.16,2020-03-15 20:35:57,kode verifikasi ulang kirim
Mantul banget,5,0,2.3.16,2.3.16,2020-03-15 19:32:31,mantul banget
Oke tinggal bisa pilih seat aja kita... Biar enak milih nya,4,0,2.0.0,2.0.0,2020-03-15 17:47:09,oke tinggal pilih seat biar milih
alhamdulillah sangat membantu is the best ⛥⛥⛥⛥⛥,5,0,2.0.0,2.0.0,2020-03-15 16:49:56,alhamdulillah bantu is the best
Sangat membantu,5,0,2.3.16,2.3.16,2020-03-15 15:58:50,bantu
"Kenapa di aplikasi beda dengan web.kalau di web cari tiket bisnya masih ada ada jurusan palur-karawang,lah....di aplikasi ri ini kok habis semua yang jurusanya sama.mohon ini diperbaiki lagi untuk kedepannya.",1,4,2.3.16,2.3.16,2020-03-15 14:26:48,aplikasi beda webkalau web cari tiket bis jurus palurkarawanglahdi aplikasi ri habis jurusanya samamohon baik depan
Aplikasi apa apaan ini.... tiket semua tanggal kog habis semua.👎👎👎,1,0,2.0.0,2.0.0,2020-03-15 12:07:56,aplikasi tiket tanggal kog habis
Kenapa slalu hbis pdahal q sering langanan loh,1,0,2.3.16,2.3.16,2020-03-15 11:51:18,slalu hbis pdahal langanan loh
Mantab,4,0,2.3.16,2.3.16,2020-03-15 11:11:31,mantab
"Setelah di upgrade tiket habis semua mau tanggal berapapun. Rosalia emang keren. Emang bener"" gk niat bikin online ticketing nih kayaknya.",1,5,2.3.16,2.3.16,2020-03-15 11:07:36,upgrade tiket habis tanggal rosalia emang keren emang bener tidak niat bikin online ticketing nih kayak
"Ga bisa di pakai,",1,0,,Unknown,2020-03-15 07:47:06,tidak pakai
Good services,5,0,2.3.16,2.3.16,2020-03-14 23:23:43,good services
Ok banget,5,0,2.0.0,2.0.0,2020-03-14 22:17:43,ok banget
Oke,5,0,2.3.16,2.3.16,2020-03-14 20:16:05,oke
Aplikasi yg eror apa mmg sengaja di lock? Semua tiket dr maret sampai akhir april sold dan logika nya ga mungkin utk semua rute lg hadeh padahal tiket lebaran aja blm di buka. Kalo pansos bis nya bagus2 tapi ga sejalan sm pelayan nya,1,3,2.3.16,2.3.16,2020-03-14 12:58:27,aplikasi eror mmg sengaja lock tiket dr maret april sold logika tidak rute hadeh tiket lebaran blm buka pansos bis bagus tidak jalan sm layan
Terpercaya,5,0,2.3.16,2.3.16,2020-03-14 12:55:54,percaya
Cukum membantu hanya kalau mau exit dari aplikasi koq gak bisa ya.,5,0,2.2.6,2.2.6,2020-03-14 12:43:09,cukum bantu exit aplikasi koq tidak
baru update trus buka aplikasi tiket udh abis semua... 😅😅,1,1,2.3.16,2.3.16,2020-03-14 11:01:09,update trus buka aplikasi tiket abis
Mudah acces,5,0,2.0.0,2.0.0,2020-03-14 07:35:29,mudah acces
Good,5,0,2.0.0,2.0.0,2020-03-13 23:15:58,good
aplikasi yang sangat membantu pemesanan tiket,5,0,2.3.16,2.3.16,2020-03-13 20:29:57,aplikasi bantu mesan tiket
"Kagak niat online mah jangan bikin aplikasi lah, tiket bus habis semua mau tanggal berapapun. Gud bye rosalia, saya pelanggan setia dr 20 tahun lalu pulang kampung orang tua pasti inginnya naik rosalia, sekarang pindah naik kereta karena kmudahan dlam pesan tiket onlinenya, seneng bgt pas liat aplikasi rosalia indah ada di playstore, eh ternyta aplikasi yang tidak ada gunanya karena tidak bisa dipakai.",1,37,2.3.16,2.3.16,2020-03-13 20:26:54,kagak niat online mah jangan bikin aplikasi tiket bus habis tanggal gud bye rosalia langgan setia dr tahun pulang kampung tua ingin rosalia pindah kereta kmudahan dlam pesan tiket onlinenya neng banget liat aplikasi rosalia indah playstore eh ternyta aplikasi tidak guna tidak pakai
Bagus,5,0,2.3.16,2.3.16,2020-03-13 20:26:34,bagus
ngebug lagi yaaa 😂,2,0,2.0.0,2.0.0,2020-03-13 20:00:29,ngebug yaaa
Ok,5,0,2.0.0,2.0.0,2020-03-13 14:38:07,ok
"Alhamdulillah.....kami merasa aman dan nyaman pake Bis Rosalia Indah.Pelayanannya juga memuaskan.Sopirnya MANTAP / Tidak Ugal-ugalan.Tolong dipertahankan Rosalia Indah,Kalo bisa semakin Baik Lagi.Terima Kasih",5,2,2.3.16,2.3.16,2020-03-13 14:18:37,alhamdulillahkami aman nyaman pake bis rosalia indahpelayanannya memuaskansopirnya mantap tidak ugalugalantolong tahan rosalia indahkalo lagiterima kasih
Aplikasi nya cepat,5,0,2.0.0,2.0.0,2020-03-13 12:20:23,aplikasi cepat
"Tolong cek aplikasi, min. Masa smua tanggal saya cek habis. Semua. Pasti error.",1,1,2.0.0,2.0.0,2020-03-13 11:30:30,tolong cek aplikasi min smua tanggal cek habis error
Top,5,0,2.0.0,2.0.0,2020-03-13 08:06:24,top
Aktivasi akun dipermudah. Thanks,3,0,2.0.0,2.0.0,2020-03-13 07:05:23,aktivasi akun mudah thanks
Gak Bisa Exit Aplikasi Harus Tekan Menu Utama Kalau Keluar Aplikasi...,5,2,2.0.0,2.0.0,2020-03-12 23:24:34,tidak exit aplikasi tekan menu utama aplikasi
Ok,4,0,2.0.0,2.0.0,2020-03-12 19:08:09,ok
"Kenapa tiba² tiket sudah habis, padahal sudah di cek di website masih banyak yang kosong Saya pikir karena belum di update, tapi setelah update aplikasinya tetep tiket habis Mohon dikoreksi kembali Terimakasih 🙏",2,12,2.0.0,2.0.0,2020-03-12 19:03:01,tiket habis cek website kosong pikir update update aplikasi tetep tiket habis koreksi terimakasih
Dah klik sampe pembayaran keterangan tiket habis..gabung di traveloka kyknya lebih baik,2,0,,Unknown,2020-03-12 18:52:04,dah klik sampe bayar terang tiket habisgabung traveloka kyknya
Bisnya bagus2,5,0,2.0.0,2.0.0,2020-03-12 18:50:50,bis bagus
Sungguh moda transportasi yang paripurna.,5,0,,Unknown,2020-03-12 17:07:18,sungguh moda transportasi paripurna
"Halo...tadi saya baru update aplikasi,kok buat pesen tiket online semua nya statusnya habis",5,7,2.0.0,2.0.0,2020-03-12 16:11:36,halotadi update aplikasikok sen tiket online status habis
Bus nyaman,5,0,2.0.0,2.0.0,2020-03-12 15:32:38,bus nyaman
statusnya tiketnya kok jadi habis semua.. mohon diperbaiki lagi,3,0,,Unknown,2020-03-12 15:07:28,status tiket habis baik
Ini kok minta update Terus padahal udah update versi terbaru,2,3,2.0.0,2.0.0,2020-03-12 13:13:12,update udah update versi baru
Baru download langsung disuruh update terus keluar aplikasi harus pake tombol pintas,1,8,2.0.0,2.0.0,2020-03-12 13:00:49,download suruh update aplikasi pake tombol pintas
Sangat puas dengan pelayanan,5,1,2.0.0,2.0.0,2020-03-12 11:47:20,puas layan
bagus,5,0,2.0.0,2.0.0,2020-03-12 11:13:34,bagus
Cara mudah melakukan transaksi di saat melakukan perjalanan,5,0,2.0.0,2.0.0,2020-03-12 09:19:34,mudah transaksi jalan
Alhamdulillah aplikasi nya bagus Terimah kasih Makin mudah buat pesen tiket nya,5,0,2.0.0,2.0.0,2020-03-11 20:53:17,alhamdulillah aplikasi bagus terimah kasih mudah sen tiket
Ok,5,0,2.0.0,2.0.0,2020-03-11 20:51:16,ok
Sangat memudahkan buat reservasi tiketnya,4,0,2.0.0,2.0.0,2020-03-11 20:06:44,mudah reservasi tiket
"Terima kasih rosalia indah, pelayanan armada yg menurut saya terbaik di kawasan jawa dari armada, crew, dan service makan..... Krn saya sangat sering 2mnggu sekali PP ke solo menggunakan Rosalia Indah.. Sekedar masukan saja, utk SDM bagian tiketing kalo bisa yg muda dan tentunya yg cekatan, krn seringkali lama waktu pelayanan check in.. Untuk selebihnya sudah bagus dan terus ditingkatkan.. Oo iya sering2 promo dong.. Terima Kasih Rosalia Indah..",5,2,2.3.14,2.3.14,2020-03-11 19:37:23,terima kasih rosalia indah layan armada baik kawasan jawa armada crew service makan mnggu pp solo rosalia indah dar masuk sdm tiketing muda cekat seringkali waktu layan check in lebih bagus tingkat oo iya promo terima kasih rosalia indah
Mantul,5,0,,Unknown,2020-03-11 18:21:05,mantul
nyaman dn aman,5,1,2.0.0,2.0.0,2020-03-11 14:55:24,nyaman dn aman
Berkali-kali disuruh masukin kode tpi nggak ada kode yang masuk,1,0,2.3.14,2.3.14,2020-03-10 18:19:21,berkalikali suruh masukin kode tpi nggak kode
sms verifikasi ga terkirim?? niat bikin aplikasi????,1,0,2.3.14,2.3.14,2020-03-10 18:02:19,sms verifikasi tidak kirim niat bikin aplikasi
Udag cape2 registrasi n isi data penumpangKenapa nggak bisa lanjut ke pembayaran??,1,0,2.3.14,2.3.14,2020-03-08 14:01:16,udag cape registrasi isi data penumpangkenapa nggak bayar
Apk LOL ... G guna ada apk tp hrs keluar data2 tarif & ttp harus tny ke loket,1,0,2.3.14,2.3.14,2020-03-07 18:14:57,aplikasi lol aplikasi hrs data tarif ttp tny loket
Adminnya siapa??? Kok bego bgt sih Udh dftar tp gk ada konfirmasi selama 3 harii !!!,1,0,,Unknown,2020-03-05 09:46:48,adminnya bego banget sih dftar tidak konfirmasi hari
"Habis registrasi akun baru,nunggu kode verifikasi lewat sms gak masuk2 sms nya,udah dicoba beberapa kali tetep sama aja,mohon dinas terkait untuk memperbaiki sistem nya,thx",1,5,2.3.14,2.3.14,2020-03-04 20:59:57,habis registrasi akun barununggu kode verifikasi sms tidak sms nyaudah coba tetep ajamohon dinas kait baik sistem nyathx
sangat membantu,5,0,,Unknown,2020-03-04 15:14:36,bantu
Bagus,5,0,2.3.14,2.3.14,2020-03-02 08:59:28,bagus
Sama2 Eksekutif. Dr Sragen Jam 2 Siang. Sampe Cikarang jam 3 Pagi. sedangkan PuteraMulya dr Solo jam 7 malam. sampe Cikarang juga jam 3 pagi. hadeeeehhh.. kirain bakalan lebih cepetttt...,2,1,2.3.14,2.3.14,2020-03-02 00:39:06,eksekutif dr sragen jam siang sampe cikarang jam pagi puteramulya dr solo jam malam sampe cikarang jam pagi hadeeeehhh kirain cepetttt
"mau rubah lokasi agen keberangkatan saja harus isi ulang semua form, nggak simpel",1,0,2.3.14,2.3.14,2020-02-29 19:37:59,rubah lokasi agen berangkat isi ulang form nggak simpel
"Ga bisa di pake, ga dapat sms verivikasi, agen cikopo, Cibungur, Purwakarta ga ketemu",2,0,2.3.14,2.3.14,2020-02-27 21:04:45,tidak pake tidak sms verivikasi agen cikopo cibungur purwakarta tidak ketemu
Instal kok gk bsa knp ya tks,5,0,,Unknown,2020-02-27 11:19:40,instal tidak bsa knp tks
"tapi sering eror, belinya 2 orang tapi pembayaran cuma 1 orang",5,0,2.3.14,2.3.14,2020-02-23 18:09:51,eror beli bayar
"Sedang dalam masalah ya aplikasinya, saya sudah order, tinggal pembayaran tapi ngak masuk masuk ke menu pembayaran, padahal bisanya bisa,. Sangat membantu aplikasinya sebenernya",3,0,,Unknown,2020-02-22 12:53:36,aplikasi order tinggal bayar ngak menu bayar bisa bantu aplikasi sebenernya
"Sedikit kecewa dng pelayanan online tiket,ketika mau transaksi di nyatakan kadaluwarsa,padahal masih ada waktu 1 jam,tolong di perbaiki.",3,0,2.3.14,2.3.14,2020-02-20 17:44:14,kecewa dng layan online tiketketika transaksi nyata kadaluwarsapadahal waktu jamtolong baik
Saya pesaingmu wkwkwk,1,0,,Unknown,2020-02-20 07:37:24,saing wkwkwk
Aplikasi tidak berfungsi,1,0,2.3.14,2.3.14,2020-02-19 09:49:37,aplikasi tidak fungsi
Harus di perbaiki lagi sistem nya . Saya bikin akun gabisa bisa ga muncul terus kode verifikasinya . Apa ini hanya formalitas aja apknya ? Tetap saja harus datang ke agen . Hadeh,1,0,,Unknown,2020-02-16 16:17:24,baik sistem bikin akun gabisa tidak muncul kode verifikasi formalitas apknya agen hadeh
Awesome,5,0,2.3.14,2.3.14,2020-02-16 03:49:39,awesome
"Tolong dong agar bisa pilih kursi, niatnya online kan agar bisa pesen kursi yg diinginkan",2,0,2.3.14,2.3.14,2020-02-12 19:27:18,tolong pilih kursi niat online sen kursi
"Gak bisa bikin akunnya, karena gak ada kekirim kirim nomor verifikasi ke nomor hp",1,0,2.3.14,2.3.14,2020-02-09 01:04:53,tidak bikin akun tidak kirim kirim nomor verifikasi nomor hp
Alhamdulillah aman2 ja pake ni aplikasi. Daftarnya emang lama nunggu kode otpnya. Cuma dari pembayaran lancar. Nunggu bis cuma setengah jam dari yg tertera ditiket. Cuma ga bs milih bangku saja kelemahannya.,5,2,2.3.14,2.3.14,2020-02-08 15:51:36,alhamdulillah aman ja pake ni aplikasi daftar emang nunggu kode otpnya bayar lancar nunggu bis jam tera tiket tidak milih bangku lemah
"Min tolong aplikasinya di update lagi biar bisa milih seat sendiri, soalnya kalo lewat aplikasi ngga bisa milih seat, saya kasih 3 bintang dulu makasi",3,1,2.3.14,2.3.14,2020-02-05 20:01:47,admin tolong aplikasi update biar milih seat aplikasi ngga milih seat kasih bintang makas
Saya baru mau create account cuma pas nunggu kode verifikasi di SMS kok gak masuk2 jadi saya gak bisa bikin akun ? Tolong yang tau caranya kasih tau,2,0,2.3.14,2.3.14,2020-02-04 19:39:58,create account nunggu kode verifikasi sms tidak tidak bikin akun tolong tau kasih tau
sayang sekali..crew bus ada yang tidak ramah..,1,0,2.3.14,2.3.14,2020-02-03 21:50:25,sayang sekalicrew bus tidak ramah
"Pesan tiket lewat HP kok ngk bisa, saya kecewa sekali",1,0,2.3.14,2.3.14,2020-02-03 16:53:11,pesan tiket hp ngk kecewa
"Saya ga bisa bikin akun, katanya kode verifikasi sudah dikirim lewat sms ternyata ga ada yang masuk, sudah berkali2 dicoba ckckck",1,0,2.3.14,2.3.14,2020-02-03 09:31:22,tidak bikin akun kode verifikasi kirim sms tidak kali coba ckckck
"Untuk aplikasinya saya kasih bintang 1 deh. Soalnya, di aplikasi ngga bisa pesan tempat duduk sesuai keinginan kita. Saya uninstall dulu deh, sampai nanti udah bisa pesan tempat duduk.",1,1,,Unknown,2020-02-02 00:12:09,aplikasi kasih bintang deh aplikasi ngga pesan duduk sesuai uninstall deh udah pesan duduk
Langsung uninstal aja liat ulasan nya pada mengeluh semua,1,0,,Unknown,2020-01-30 11:50:17,uninstal liat ulas keluh
Jossd,5,0,2.3.14,2.3.14,2020-01-25 20:35:22,jossd
Bagus,5,0,2.3.14,2.3.14,2020-01-24 23:25:06,bagus
Langganan Blitar bogoor mantuuul,5,0,,Unknown,2020-01-24 09:51:34,langgan blitar bogoor mantuuul
Sangat membantu sekali,5,0,2.3.14,2.3.14,2020-01-23 14:26:19,bantu
Susah sekali untuk melihat jadwal bis dan memesan bis Ga layak untuk digunakan,1,0,2.3.14,2.3.14,2020-01-23 07:02:10,susah jadwal bis mes bis tidak layak
"Aplikasi ini memang bagus dan bermanfaat. Tapi saya hanya mengusulkan kalau aplikasi ini lebih baik dilengkapi dengan track per unit, jadi kita bisa mengetahui keberadaan armada yang akan kita tumpangi dari agen keberangkatan ke agen tujuan tanpa harus menghubungi pihak informasi berulang kali, serta mengurangi rasa penasaran antar penumpang. Terima kasih 🙏",5,3,,Unknown,2020-01-22 07:30:17,aplikasi bagus manfaat usul aplikasi lengkap track unit ada armada tumpang agen berangkat agen tuju hubung informasi ulang kurang penasaran tumpang terima kasih
"Daftar akun baru susah bgt, berulang kali di tunggu kode verifikasi nya tp gk ada yg masuk, lah apanya yang mau di masukin kako verivikasi nya aja gk di kirim 🙄",1,4,2.3.14,2.3.14,2020-01-21 19:53:03,daftar akun susah bgt ulang tunggu kode verifikasi tidak apa masukin kako verivikasi tidak kirim
"Lebih ditingkatkan lagi tadi saya bayar pakai virtual acount gagal terus,terus no kursi jgan di otomatis harus pemesan yg memilih akan lebih bagus,soalnya klo kita pesen berdua dapat tiket no kursi berjauhan",4,1,2.3.14,2.3.14,2020-01-19 21:21:01,tingkat bayar pakai virtual acount gagal terusterus no kursi jgan otomatis mes pilih bagussoalnya sen dua tiket no kursi jauh
Apk ga guna. IT ny abal2. Ngerusak citra rosalia ini apk,1,0,2.3.14,2.3.14,2020-01-19 17:27:08,aplikasi tidak it ny abal ngerusak citra rosalia aplikasi
"Tadi saya naik dari kalideres dari jam 5 molor sampai jam 6 bus baru datang, setelah saya naiki ternya bus tambahan dan bukan kelas eksekutif tapi bus lama, setelah duduk ternyata bangku saya maju mundur sampai setengah bangku sendiri, dan tiang pengaman di jendela lepas, disitu saya lapor ke pusat kontrol subang dan pindah, setelah pindah bus ternyata rusak dari jam 1 dan ini jam 5:40 saya belom sampai palur lebih dari 12 jam saya di bus dna saya membayar mahal, anj*ng",1,5,2.3.14,2.3.14,2020-01-19 05:49:33,kalideres jam molor jam bus naik ter bus tambah bukan kelas eksekutif bus duduk bangku maju mundur bangku tiang kam jendela lepas situ lapor pusat kontrol subang pindah pindah bus rusak jam jam bom palur jam bus dna bayar mahal anjng
"Bus yang saya pesan tidak sesuai dengan yang saya harapkan, saya pesan bus exc seharga 180k tapi sofa bus yang saya taiki maju mundur, besi tirai jendela terlepas, suara didalam bus juga terdengar sangat bising jujur saya sangat sangat kecewa , bus mengalami keterlambatan waktu / tidak tepat waktu!!",1,11,2.3.14,2.3.14,2020-01-18 18:31:52,bus pesan tidak sesuai harap pesan bus exc harga sofa bus taiki maju mundur besi tirai jendela lepas suara dalam bus dengar bising jujur kecewa bus alami lambat waktu tidak waktu
K E C E W A,1,0,2.3.14,2.3.14,2020-01-14 23:40:33,
"Ini sebenarnya perusahaan bagus terutama armada & crewnya, tp karna masalah aplikasi, penilaian terhadap perusahaan menurun. Saran, kalau memang aplikasi belum siap, mending di tiadakan terlebih dahulu. Atau bisa join dgn Traveloka yg jelas-jelas bagus dlm sistem ticketing nya. Tks",1,6,2.3.14,2.3.14,2020-01-14 22:21:50,usaha bagus armada crewnya karna aplikasi nilai usaha turun saran aplikasi mending tiada join traveloka jelasjelas bagus sistem ticketing tks
Good,5,0,,Unknown,2020-01-13 09:56:18,good
"bintang 2 dulu yak. karna login saya gagal terus, tingkat kan lagi agar makin sukses dan bersaing",2,0,2.3.14,2.3.14,2020-01-09 17:15:03,bintang yak karna login gagal tingkat sukses saing
"Mau cek status tiket susah, kode booking sm no hp salah terus",2,1,2.3.14,2.3.14,2020-01-09 15:13:07,cek status tiket susah kode booking sm no hp salah
Sangat menyenangkan terima kasih ...,5,0,2.3.14,2.3.14,2020-01-07 15:54:06,senang terima kasih
Masak iya mbah saya naik diturunkan tidak sesuai tempat lebih jauh dari po agen nya dan masih ditarik uang lagi macam apa service kayak gitu macam tidak becus dan tidak profesional sama sekali apaaan tuh...,1,3,2.3.14,2.3.14,2020-01-07 08:06:14,masak iya mbah turun tidak sesuai po agen tarik uang service kayak gitu tidak becus tidak profesional apaaan tuh
Good,5,0,2.3.14,2.3.14,2020-01-05 22:00:44,good
"aplikasi ga jelass, Bis mogok yampe 2x, executiv rasa ekonomi ..",1,0,2.3.14,2.3.14,2020-01-05 11:09:30,aplikasi tidak jelass bis mogok yampe executiv ekonomi
Lanjutkan,5,0,,Unknown,2020-01-04 16:57:11,lanjut
Pelayanan sangat buruk. Sangat molorrrr tidak tepat waktu. Anjing. Nunggu 7 jam bis ga kunjug datang,1,0,2.3.14,2.3.14,2020-01-03 17:46:10,layan buruk molorrrr tidak waktu anjing nunggu jam bis tidak kunjug
Ribet bgt....,1,0,2.3.14,2.3.14,2020-01-02 13:00:59,ribet bgt
Memuaskan,5,0,2.1.2,2.1.2,2020-01-01 10:45:56,muas
Login susah,1,0,2.3.14,2.3.14,2019-12-31 19:17:44,login susah
Taekkk,1,0,,Unknown,2019-12-31 15:53:23,taekkk
Tiap pencarian habis. Suruh hubungi Rosalia. Kaya ngak niat jual tiket online. Aplikasi ngak berguna,1,0,,Unknown,2019-12-29 22:34:12,cari habis suruh hubung rosalia kaya ngak niat jual tiket online aplikasi ngak guna
Sangat Memuaskan palayanan aplikasi ataupun bisnya,5,0,2.3.14,2.3.14,2019-12-29 16:15:00,muas palayanan aplikasi bis
ok,3,0,2.3.10,2.3.10,2019-12-28 23:00:53,ok
Cara daftar gimana sih!!! Udah daftar email + no.hp tapi ga dpt verifikasi. Ini aplikasi diurusin developer gak sih!! Gw nulis review dari bulan september tahun lalu blm tanggapan developer!!!,1,0,2.3.6,2.3.6,2019-12-28 21:35:12,daftar gimana sih udah daftar email nohp tidak dpt verifikasi aplikasi diurusin developer tidak sih gw nulis review september tahun blm tanggap developer
"Server lemot, metode pembayaran rumit",1,0,2.3.14,2.3.14,2019-12-27 22:16:54,server lot metode bayar rumit
bus busnya baru2 dan pengiriman barang tepat waktu datangny,5,0,1.1.1,1.1.1,2019-12-27 18:52:51,bus bus kirim barang waktu datangny
Admin tiket kuraang nyaman,1,0,,Unknown,2019-12-27 17:55:24,admin tiket kuraang nyaman
"Kecewa untuk Rute Semin - Jakarta Di Jadwalkan bus 18.00 di Agen Sumpiuh,datangnya jam 20.00an... Tiket mahal tp pelayanan seperti ini...",1,0,,Unknown,2019-12-25 18:27:49,kecewa rute min jakarta jadwal bus agen sumpiuhdatangnya jam an tiket mahal layan
Berulangkali daftar akun gagal,1,1,2.3.14,2.3.14,2019-12-23 21:41:17,berulangkali daftar akun gagal
Mantap,4,0,2.3.14,2.3.14,2019-12-23 13:36:15,mantap
Loading terlalu lama 🤦,3,0,2.3.14,2.3.14,2019-12-22 20:51:56,loading
"Gak jelas, buat login aja gak bisa",1,0,2.3.14,2.3.14,2019-12-22 20:12:12,tidak login tidak
"Udah beli tiket online pwt > jkt udah bayar, tp pas tanya agen stasiun keberangkatan katanya bus udah penuh dan ngga ada nama saya. Trus gimana ini? Duitnya kemana??????",1,10,2.3.14,2.3.14,2019-12-22 08:05:48,udah beli tiket online pwt jkt udah bayar agen stasiun berangkat bus udah penuh ngga nama trus gimana duit mana
Aplikasi pelit.. tanpa diskon.. gk jelas mana rute yg akan dilalui. Taek.,1,0,2.3.6,2.3.6,2019-12-21 20:11:29,aplikasi pelit diskon tidak rute taek
Sering terlambat bukan sekali dua kali... Berkali-kali saya nunggu berjam-jam di agen... Semakin kesini pelayanan semakin menurun... Segera di perbaiki jadwal yg tepat.. mungkin klo telat beberapa menit gk masalah... Sekarang sudah punya tol trans Jawa bisa mempersingkat waktu untuk menjemput para penumpang,1,1,,Unknown,2019-12-21 14:02:48,lambat bukan berkalikali nunggu berjamjam agen kesini layan turun baik jadwal telat menit tidak tol trans jawa singkat waktu jemput tumpang
server ecek ecek,1,0,2.3.14,2.3.14,2019-12-21 11:31:56,server ecek ecek
Tolong di update lagi dong,3,0,2.3.14,2.3.14,2019-12-21 11:29:27,tolong update
"Sangat simpel ,,terima kasih banyak ,,jadi ketika saya berangkat ke pondok ga susah susah lagi heheheh",5,2,2.3.14,2.3.14,2019-12-21 08:50:52,simpel terima kasih berangkat pondok tidak susah susah heheheh
"Lebih bagus lg kalau ditambah pilihan no kursinya ,,,kl sekarang booking tiket otomatis no kursi...nggak bisa pilih..",4,2,2.3.14,2.3.14,2019-12-20 14:23:43,bagus tambah pilih no kursi kl booking tiket otomatis no kursinggak pilih
"Aplikasi sangat lemot, ngga bisa bisa pilih bangku,",4,0,2.3.14,2.3.14,2019-12-20 11:39:05,aplikasi lot ngga pilih bangku
Susah banget daftar nya,3,0,2.3.14,2.3.14,2019-12-19 23:01:16,susah banget daftar
Akunnya ribet....disuruh pilih agen....tapi gak ada pilihan...ditulis juga ndak bisa...masuk ke aplikasi juga gak bis...payah...,1,1,2.3.14,2.3.14,2019-12-19 14:10:10,akun ribetdisuruh pilih agentapi tidak pilihanditulis ndak bisamasuk aplikasi tidak bispayah
"Milih kota asal aja lama bgt loadingnya ujung2nya ga bisa, udah gtu tiba2 keluar sendiri dan harus mulai dari awal, merepotkan😪",1,3,2.3.14,2.3.14,2019-12-15 14:26:04,milih kota banget loadingnya ujung tidak udah gtu repot
😁😁😁😁😁,5,0,2.2.6,2.2.6,2019-12-14 21:13:04,
Edan ne aplikasi... di reset password g bisa... di apa apain g bisa... percuma bikin aplikasi tapi g bisa di gunakan ma pelanggan,1,2,2.3.14,2.3.14,2019-12-14 09:00:30,edan ne aplikasi reset password apain bikin aplikasi ma langgan
Aplikasi jelek...g jelas,1,0,2.3.14,2.3.14,2019-12-14 02:23:24,aplikasi jelekg
"Bagus utk bisa pesen tiket dg online, tapi kenapa pemesan tidak diberi kebebasan memilih kursi yg di suka. Tolong tampilkan susunan kursi di bis, dan biarkan kami memilih sendiri tempat duduknya.",2,0,,Unknown,2019-12-13 15:44:54,bagus sen tiket dg online mes tidak bebas pilih kursi suka tolong tampil susun kursi bis biar pilih duduk
Tak kasih bintang 3 dulu ya baru coba,3,0,,Unknown,2019-12-13 08:45:30,kasih bintang coba
"Kecewa dgn aplikasi ini, kurang koordinasi antar poll nya saya cek trayek sby-kalideres via poll bungurasih untuk first class doubledecker katanya blm dibuka tiket online nya dan disuruh menunggu setelah saya tnggu 1 minggu masih blm dibuka Tp saat aaya cek di poll malang mlh sudah terisi Nama besar, harga mahal tidak menjamin kualitas koordinasi dan sdm yg baik 🖕🖕👎👎",1,2,2.3.14,2.3.14,2019-12-13 06:18:55,kecewa aplikasi koordinasi poll cek trayek sbykalideres via poll bungurasih first class doubledecker blm buka tiket online suruh tunggu tnggu minggu blm buka aaya cek poll malang mlh isi nama harga mahal tidak jamin kualitas koordinasi sdm
Bagus,4,0,2.3.10,2.3.10,2019-12-12 17:30:02,bagus
"Sementara kasi bintang 2 dulu , masih belum bisa masuk kode ferivikai nya",2,1,2.3.14,2.3.14,2019-12-11 20:15:04,kasi bintang kode ferivikai
mantap,4,0,2.3.14,2.3.14,2019-12-10 19:46:03,mantap
Terimakasih..,5,0,2.3.14,2.3.14,2019-12-10 04:45:53,terimakasih
Aplikasi ngelelet parah pas proses pembayaran....dan ngga tampil juga nomor rekening yang harus di TF,1,1,2.3.14,2.3.14,2019-12-09 20:50:46,aplikasi ngelelet parah proses pembayarandan ngga tampil nomor rekening tf
Saya suka armada bus RI yang no pintu 362 dari sragen ke bogo,5,0,,Unknown,2019-12-09 15:17:13,suka armada bus ri no pintu sragen bogo
Sangat membantu,5,0,,Unknown,2019-12-09 12:30:16,bantu
Jelek,1,0,2.3.14,2.3.14,2019-12-09 10:03:04,jelek
"Sangat bagus jika ada aplikasi yang lebih memudahkan. Tetapi versi web nya lebih mudah digunakan. Mungkin masih butuh perbaikan di sana sini, misalnya belum ada SMS atau email e-tiket, kalau boleh usul seharusnya bisa ditambahkan rute yang tersedia sehingga lebih memudahkan orang yang belum tahu, seharusnya itu bisa untuk promosi juga, sedangkan untuk berkirim email dengan CS direspon lebih cepat dari perkiraan, semoga selalu seperti ini. Overall, lebih komunikatif dari yang lain.",5,45,2.3.14,2.3.14,2019-12-09 09:47:48,bagus aplikasi mudah versi web mudah butuh baik sms email etiket usul rute sedia mudah promosi kirim email cs direspon cepat kira moga overall komunikatif
Cara daftarnya gmn y udh isi smua data kok gk ada vrtifikasi masuk di sms tolong di perbaiki sistemnya,3,0,2.3.14,2.3.14,2019-12-08 21:49:33,daftar gmn isi smua data tidak vrtifikasi sms tolong baik sistem
"Lama, telat, ngaret, not recommended",1,0,2.3.14,2.3.14,2019-12-07 21:36:08,telat ngaret not recommended
Saya suka dengan tiketnya,5,0,,Unknown,2019-12-04 16:25:47,suka tiket
Mau login kok gk bisa padahal udh di isi semua mlh kode veripikasi gk muncul2,1,1,2.3.14,2.3.14,2019-12-04 12:53:44,login tidak isi mlh kode veripikasi tidak muncul
Gimana cara buat akunnya broo and sister? Saya gak mendapatkan Sms verifikasi ya... Jadi gagal terus buat account nys,1,2,2.3.14,2.3.14,2019-12-04 04:52:42,gimana akun broo and sister tidak sms verifikasi gagal account nys
"mana ini sms verifikasinya gak masuk2, gimana sih aplikasi anak bangsa.",1,2,2.3.14,2.3.14,2019-12-02 21:51:12,sms verifikasi tidak gimana sih aplikasi anak bangsa
sistem di aplikasinya terlalu ribet.. gak nyimpen data yang sudah diketik.. informasi trayek mana saja yang tersedia kurang dijelaskan,2,0,,Unknown,2019-12-02 15:57:02,sistem aplikasi ribet tidak nyimpen data ketik informasi trayek sedia
"Mohon di tambahkan agar bisa memilih nomor kursi secara langsung, dan untuk pilihan menu agen tolong dikasih alamatnya juga biyar customer gk perlu nyari"" alamatnya dulu. Overall good",5,5,2.3.14,2.3.14,2019-12-02 00:04:38,tambah pilih nomor kursi pilih menu agen tolong kasih alamat biyar customer tidak nyari alamat overall good
Saja makan rosalia lndah,1,0,,Unknown,2019-12-01 07:56:06,makan rosalia lndah
sementara 3 bintang dlu,3,0,,Unknown,2019-11-29 21:56:40,bintang dlu
Nggak bisa buat apa apa. Alias bapuk.,1,0,2.3.14,2.3.14,2019-11-29 12:59:07,nggak alias bapuk
Kasih kebebasan pemesan memilih tempat duduk sendiri dong. Pakek aplikasi kok malah bikin ribet.,1,1,2.3.14,2.3.14,2019-11-28 15:36:41,kasih bebas mes pilih duduk pakek aplikasi bikin ribet
"Trayek Purwokerto - Mojokerto di aplikasi masih ada 140.000 tarifnya. Pas saya ke Terminal Purwokerto untuk cek karrna saya tidak bisa metode pembayaran di aplikasi, ternyata Purwokerto - Mojokerto tidak ada, saya diharuskan turun di Surabaya karena supir tidak mau turun dari tol untuk menurunkan di Mojokerto. 👎👎👎 Tolong itu di aplikasi dihapus rutenya, jangan jadi penipu, kasihan kalau ada yang ketipu nanti. Untung saya cek dulu di agen.",1,56,2.3.14,2.3.14,2019-11-28 07:50:58,trayek purwokerto mojokerto aplikasi tarif terminal purwokerto cek karrna tidak metode bayar aplikasi purwokerto mojokerto tidak harus turun surabaya supir tidak turun tol turun mojokerto tolong aplikasi hapus rute jangan tipu kasihan tipu untung cek agen
Nomor verifikasi SMS tidak pernah masuk,2,1,2.3.14,2.3.14,2019-11-27 14:49:53,nomor verifikasi sms tidak
susah masuk untuk booking tiketnya..,2,0,2.3.14,2.3.14,2019-11-26 15:10:16,susah booking tiket
Mau daftar ajj susahnya minta ampun? Kode yang di kirim ke gmail manaaaaa!! 🤔,1,2,2.3.14,2.3.14,2019-11-24 22:48:39,daftar ajj susah ampun kode kirim gmail manaaaaa
Akhir tahun po. Rosalia indah banyak gebrakan baru dengan adanya bus tingkat dan bus UHD,5,0,,Unknown,2019-11-24 06:05:18,tahun po rosalia indah gebrak bus tingkat bus uhd
Udah ngisi datanya banyak..lama..eh giliran mw beli tiket habis mulu..mau diganti tgl brp pun..niat gk sih bikin app,1,0,2.3.14,2.3.14,2019-11-23 17:33:38,udah ngisi data banyaklamaeh gilir mw beli tiket habis mulumau ganti tgl brp punniat tidak sih bikin aplikasi
Sementara bintang 2 dulu ya.Karena masih byk yg harus dibenahi.contoh : - nmr hp yg 10 digit dan 13 digit gak support - Virtual BCA perlu sekali ditambahkan -live chat untuk info yg kurang jelas - tidak support nmr tempat duduk,2,4,2.3.14,2.3.14,2019-11-23 17:08:46,bintang yakarena byk dibenahicontoh nmr hp digit digit tidak support virtual bca live chat info tidak support nmr duduk
Bagus dan nggak pake lama dan ribet,5,0,,Unknown,2019-11-22 22:05:26,bagus nggak pake ribet
Gk bisa nyari tujuan,1,0,2.3.14,2.3.14,2019-11-22 06:58:07,tidak nyari tuju
Very good,5,0,2.3.14,2.3.14,2019-11-19 19:22:01,very good
Mantap perjalanan Asiik,5,0,,Unknown,2019-11-15 10:38:57,mantap jalan asiik
"Bis jaman nya masih saya TK 2005,sampe skrng 2019 tetep make rosalia.mantaaapp",5,1,2.3.14,2.3.14,2019-11-12 13:01:33,bis jaman tk sampe skrng tetep make rosaliamantaaapp
Tidak sesuai ekspetasi enterior bicor saat hujan 348,1,0,2.3.14,2.3.14,2019-11-11 20:00:24,tidak sesuai ekspetasi enterior bicor hujan
Saya BMC,5,0,,Unknown,2019-11-10 18:58:25,bmc
Kenapa saya tidak bisa pesan pake ini ya Caranya gimana,1,0,,Unknown,2019-11-10 14:39:01,tidak pesan pake gimana
Manager aplikasi Rosalia indah tolong dikasih tempat duduk milih sendiri jadi terserah yg mau menumpang bisa,5,0,,Unknown,2019-11-09 17:21:23,manager aplikasi rosalia indah tolong kasih duduk milih serah tumpang
"mohon tambahkan fasilitas untuk memilih nomor kursi & metode pembayaran bisa dari e-wallet seperti ovo, gopay, doku, dsb..",4,7,2.3.14,2.3.14,2019-11-09 15:01:31,tambah fasilitas pilih nomor kursi metode bayar ewallet ovo gopay doku dsb
"Mau registrasi masih error mulu, mau registrasi lagi, email yang digunakan registrasi sebelumnya didaftarkan tidak bisa digunakan ulang Auto uninstal dah",1,0,,Unknown,2019-11-07 14:33:11,registrasi error mulu registrasi email registrasi daftar tidak ulang auto uninstal dah
Mantap,5,0,2.3.14,2.3.14,2019-11-06 09:00:21,mantap
Harusnya bisa milih seat dan bisa booking di hari yang sama Terus dikembangkan,4,0,2.3.14,2.3.14,2019-11-06 07:26:14,milih seat booking kembang
gak bisa daftar.sms verivikasi gak pernah ada.padahal udah pake 3 provider yang beda,1,1,2.3.14,2.3.14,2019-11-05 17:16:28,tidak daftarsms verivikasi tidak adapadahal udah pake provider beda
"Kedatangan bis molorrrr , tolong di perbaiki sistem nya ... Kasihan yg nunggu Makasih",1,1,2.3.14,2.3.14,2019-11-04 20:21:35,datang bis molorrrr tolong baik sistem kasihan nunggu makasih
"Kok mau daftar aja susah ya, SMS verifikasi tidak ada",3,0,2.3.14,2.3.14,2019-11-03 22:50:56,daftar susah sms verifikasi tidak
Maaf untuk pembayarannya bisa di tambah gak transfer via rekening atau bank. Soalnya kalau lewat virtual account agak ribet... Makasih,3,1,2.3.14,2.3.14,2019-11-03 09:32:57,maaf bayar tidak transfer via rekening bank virtual account ribet makasih
"Sangat tdk konsisiten kpd pelanggan. Kurir yg tdk cakap, masa ganti rugi ada detlinenya? Sangat tdk konsisten dg apa yg dibicarakan oleh kurir""nya.Rosalia expres sangat tdk membantu atas pengiriman paket yg selalu telat,tdk ada konfirmasi & asuransi. Apakah benar rosalia bekerja sama dg pihak asuransi? Tp knp nota yg sy berikan hanya di scan? tdk ada pertanggung jawaban, katanya kurir di telfon: ms lx gx ada konfirmasi smpai akhir bln mka asuransinya cmn yg sdh discan. Tp sy kstu tdk dpt asuransi",1,0,,Unknown,2019-10-31 18:31:57,tidak konsisiten kpd langgan kurir tidak cakap ganti rugi detlinenya tidak konsisten dg bicara kurirnyarosalia expres tidak bantu kirim paket telattdk konfirmasi asuransi rosalia dg asuransi knp nota sy scan tidak tanggung kurir telfon ms lx gx konfirmasi smpai bln mka asuransi cmn sdh discan sy kstu tidak dpt asuransi
"apl nya kurang memuaskan, masih banyak yang harus di perbaiki suwun lho",1,0,,Unknown,2019-10-31 12:30:31,apl muas baik suwun lho
"APLIKASI GAK GUNA ANJING, SETIAP TANGGAL YANG DI INPUT TIKET HABIS, SUDAH INPUT TAHUN 2021 JUGA TIKET SUDAH HABIS... APLIKASI KAGAK JELAS.. SANGAT MERUGIKAN. DI WEBSITE JUGA TIDAK ADA NOMOR WA SETIAP AGENT... SANGAT MEMPERSULIT",1,8,2.3.14,2.3.14,2019-10-30 11:48:41,aplikasi tidak anjing tanggal input tiket habis input tahun tiket habis aplikasi kagak rugi website tidak nomor wa agent sulit
Siiplahhhh,3,0,,Unknown,2019-10-28 08:19:00,siiplahhhh
Selalu minta verifikasi yg terkirim ke no hp tapi tidak terkirim & ribetnya dapat ID member saat lupa harus pake ngakalin di register,1,2,2.3.14,2.3.14,2019-10-28 06:09:17,verifikasi kirim no hp tidak kirim ribetnya id member lupa pake ngakalin register
Booking Ticket Via Online Mohon Selalu di Update 😁👍,3,0,2.3.14,2.3.14,2019-10-28 03:26:40,booking ticket via online update
Oke,4,0,2.3.14,2.3.14,2019-10-27 20:27:31,oke
Pesan tiket jadi mudah Semua armada nya sangat nyaman Bikin betah di perjalanan jauh,5,0,2.3.10,2.3.10,2019-10-26 11:27:01,pesan tiket mudah armada nyaman bikin betah jalan
Sms otp tidak masuk ribet daftarnya,1,1,2.3.14,2.3.14,2019-10-22 20:17:35,sms otp tidak ribet daftar
❤️❤️❤️,5,0,,Unknown,2019-10-22 10:45:11,
Mantap 👍👍👍👍👍,5,0,2.3.14,2.3.14,2019-10-21 11:36:14,mantap
Asik bisnya bersih wangi,4,0,2.3.10,2.3.10,2019-10-21 11:30:56,asik bis bersih wangi
Perlu ditambahkan pilih nomor kursi sesuai pilihan calon penumpang,4,4,2.3.14,2.3.14,2019-10-21 06:26:51,pilih nomor kursi sesuai pilih calon tumpang
belum pernah pakai,4,0,2.3.10,2.3.10,2019-10-20 11:57:41,pakai
Pelayanan kurang baik,1,0,,Unknown,2019-10-19 16:19:39,layan
Kok gak bisa terus habis terus itu gimana,2,0,2.3.14,2.3.14,2019-10-18 16:32:29,tidak habis gimana
Good,4,0,,Unknown,2019-10-18 09:39:19,good
Good aplikasi,5,0,,Unknown,2019-10-17 06:06:32,good aplikasi
Ok,5,0,2.3.14,2.3.14,2019-10-16 12:27:33,ok
Tolong perbaiki min pada menu reservasi sering eror trus buat log in gagal terus pasahal member id sm password dah bener,1,1,2.3.14,2.3.14,2019-10-14 12:09:39,tolong baik admin menu reservasi eror trus log in gagal pasahal member id sm password dah bener
Kenapa saya g bisa daftar yaaa,3,0,2.3.14,2.3.14,2019-10-14 09:27:16,daftar yaaa
Ga bisa log-in,1,0,2.3.11,2.3.11,2019-10-08 20:48:25,tidak login
Kenapa tiket selalu habis..padahal reservasi pemesanan masih bulan depan Mohon di perbaiki lagi,1,3,2.3.14,2.3.14,2019-10-08 14:31:13,tiket habispadahal reservasi mesan baik
Sangat membantu,5,0,2.3.14,2.3.14,2019-10-08 09:02:38,bantu
"Pelayannanya kurang memuaskan, harga mahal tidak menjamin nyaman, nyatanya bsa kehabisan solar dijalan, apa drivernya ga chek dlu, Padahal bru pertama kali saya nyoba, dan langsung ga mau naik bis ini lg Tak kasih bintang 2 dlu yaa, lain kali tak kasih bntang 1",2,36,2.3.14,2.3.14,2019-10-07 05:36:32,pelayannanya muas harga mahal tidak jamin nyaman bsa habis solar jalan drivernya tidak chek dlu bru nyoba tidak bis kasih bintang dlu yaa kasih bntang
"Mempermudah penumpang membeli tiket tdk harus pakai uang cas pakai kartu kredit juga bisa, mantab",5,1,2.3.14,2.3.14,2019-10-06 20:52:46,mudah tumpang beli tiket tidak pakai uang cas pakai kartu kredit mantab
Pokoke mantaap. Jadi lebih mudah naik bis sekarang. Mantuuul....,5,1,2.3.14,2.3.14,2019-10-06 11:35:05,pokoke mantaap mudah bis mantuuul
Good,4,0,2.3.5,2.3.5,2019-10-04 18:11:47,good
Ok,5,0,2.3.5,2.3.5,2019-10-04 12:01:10,ok
Informasi harga tiket,2,0,2.3.10,2.3.10,2019-10-04 11:57:38,informasi harga tiket
"Skrg mau beli tiket tinggal online gk usah jauh"" ke agen, pelayanan jg baik, pokoknya RI terusss",4,0,2.3.5,2.3.5,2019-10-03 10:47:30,skrg beli tiket tinggal online tidak agen layan pokok ri terusss
ok,5,0,2.3.10,2.3.10,2019-10-01 12:55:32,ok
Up aja,1,0,,Unknown,2019-09-30 08:14:48,up
"Cukup kurang puas sedikit, mau konfirmasi akun aja sms sama email nya gak masuk masuk",3,2,2.3.14,2.3.14,2019-09-29 19:44:35,puas konfirmasi akun sms email tidak
JANGAN DI DOWNLOAD NTAR NYESEL,1,0,,Unknown,2019-09-29 17:34:25,jangan download ntar nyesel
Awesome,5,0,2.3.10,2.3.10,2019-09-29 17:09:10,awesome
"Saran saja,semoga bisa pilih bangku seperti pemesanan transportasi lain nya .. Terimakasih",5,1,,Unknown,2019-09-28 20:57:34,saran sajasemoga pilih bangku mesan transportasi terimakasih
"P,o rosalia indah cukup nyaman,pelayanan memuaskan",5,0,2.3.14,2.3.14,2019-09-28 20:10:26,po rosalia indah nyamanpelayanan muas
Layanan. Yg nyaman dan tepat waktu,5,0,2.3.11,2.3.11,2019-09-28 18:02:12,layan nyaman waktu
Bagus sekali,5,0,2.3.6,2.3.6,2019-09-27 18:24:00,bagus
Semoga kedepan ROSALIA INDAH TRANSPORT selalu menjadi teman perjalanan setia,5,2,2.3.14,2.3.14,2019-09-26 18:37:36,moga depan rosalia indah transport teman jalan setia
Top deh,5,0,2.3.10,2.3.10,2019-09-26 16:29:07,top deh
Mantul,5,0,2.3.10,2.3.10,2019-09-26 06:16:55,mantul
top,5,0,2.3.11,2.3.11,2019-09-25 17:31:55,top
Sangat membantu..terima kasih banyak Sukses selalu,5,0,,Unknown,2019-09-25 08:10:03,membantuterima kasih sukses
Tidak bisa check out pembayaran. Web dan Aplikasi Android sama sama Error. Mohon bisa di tingkatan kembali.,1,3,2.3.12,2.3.12,2019-09-24 21:45:08,tidak check out bayar web aplikasi android error tingkat
Bagus,5,0,2.3.13,2.3.13,2019-09-24 20:16:02,bagus
"Aplikasi yang sangat membantu, pesan tiket semakin mudah Tidak perlu ke agen 👍👍👍",5,2,2.3.11,2.3.11,2019-09-24 17:23:50,aplikasi bantu pesan tiket mudah tidak agen
membantu dan kalo mau pembayaran usahakan d alfa atau indomart krna bukti outentiknya lebih kuat .... bagi yg baru memakai harap browsing dlu caranya agar aman ......,5,7,2.3.10,2.3.10,2019-09-24 16:12:34,bantu bayar usaha alfa indomart krna bukti outentiknya kuat pakai harap browsing dlu aman
Aplikasi tiket yg bagus,5,0,2.3.11,2.3.11,2019-09-24 14:32:00,aplikasi tiket bagus
Sangat membantu..,5,0,2.3.13,2.3.13,2019-09-24 13:49:05,bantu
Bagus,5,0,2.3.12,2.3.12,2019-09-24 12:53:13,bagus
Mantab,5,0,2.2.8,2.2.8,2019-09-24 12:24:21,mantab
Bagus,5,0,2.3.12,2.3.12,2019-09-24 10:39:07,bagus
"Sangat membantu, tp menu makanya gk enak...😝",5,0,2.3.6,2.3.6,2019-09-24 01:00:58,bantu menu tidak
Ok,5,0,2.3.10,2.3.10,2019-09-24 00:27:33,ok
Good aplication,5,0,2.3.10,2.3.10,2019-09-23 17:37:02,good aplication
Not bad,5,0,2.3.11,2.3.11,2019-09-23 17:06:59,not bad
Bolak balik daftar saya belum dapet SMS kode OTP...terus cara saya daftar bagaimana?,2,2,2.3.10,2.3.10,2019-09-23 09:06:16,bolak daftar dapet sms kode otpterus daftar
"Tolong Sedikit Di Perbaiki, Lokasi Tujuan /brgkt Dibuat All Jakarta / Semua Daerah Di Kota Jakarta Misalnya, Tambahin Jam Kedatangan bus estimasi Perjalanan brp jam agar penumpang tau waktu tempuhnya, Terimakasih",5,11,2.3.10,2.3.10,2019-09-22 08:47:13,tolong baik lokasi tuju brgkt all jakarta daerah kota jakarta tambahin jam datang bus estimasi jalan brp jam tumpang tau waktu tempuh terimakasih
Pelayanan PO dan perjalanan yang sangat-sangat buruk tidak ada inisiatif dari pelayanan agen ataupun PO pusat sangat merugikan sekali,1,4,,Unknown,2019-09-21 21:03:00,layan po jalan sangatsangat buruk tidak inisiatif layan agen po pusat rugi
Sangat membantu tidak perlu ke agen,5,2,2.3.10,2.3.10,2019-09-21 12:09:36,bantu tidak agen
"Tolong, untuk diperbaiki aplikasinya krn tdk bisa memilih seat sesuai yg diinginkan... Masih kalah sm aplikasinya efisiensi",2,1,,Unknown,2019-09-20 23:27:06,tolong baik aplikasi tidak pilih seat sesuai kalah sm aplikasi efisiensi
"Orang tua saya naik bis eksekutif Rosalia indah pertengah jalan oper bis yg bisa.... Pintar banget dan untung besar rosalia. Kami rugi banget,musti hubungi ylki.",1,10,2.3.10,2.3.10,2019-09-20 11:27:48,tua bis eksekutif rosalia indah tengah jalan oper bis pintar banget untung rosalia rugi bangetmusti hubung ylki
Good,5,0,,Unknown,2019-09-19 21:19:16,good
Membantu bangt pesenya juga gampang bisnya banyak kelasnya banyak bangkunya lebar dan luas slimutnya selalu baru dan wangi.sy biasa naik rosali selalu super executuve SE..enak bangt setnya legaa.sy klau naik bis selalu setnya yg ada tumpangan kaki/legrest baru nyaman.,5,0,2.3.5,2.3.5,2019-09-19 19:41:24,bantu bangt pese gampang bis kelas bangku lebar luas slimutnya wangisy rosali super executuve enak bangt set legaasy klau bis set tumpang kakilegrest nyaman
Sangat memudahkan sekali dengan adanya sistem ticketing online ini. Namun akan lebih baik jika penumpang bisa memilih sendiri kursi tempat duduk melalui aplikasi ini,5,0,2.3.6,2.3.6,2019-09-19 04:22:57,mudah sistem ticketing online tumpang pilih kursi duduk aplikasi
Baik dan berguna,5,0,2.3.6,2.3.6,2019-09-18 01:10:36,guna
Kek kontol aplikasi ini bangsad lah babi asuuuu bego kagak guna aplikasinya,1,0,,Unknown,2019-09-17 15:42:06,kek kontol aplikasi bangsad babi asuuuu bego kagak aplikasi
Udh pesen online tp ttep sruh nunjukin bukti pembayaran????buat apa gunanya online???udh ada kode booking seat sdah ada kok pke harus bukti pembayaran sgala!!! Mohon ditingkatkan pelayanan online nya supaya lebih nyaman!!!Thanks,1,5,2.3.6,2.3.6,2019-09-17 10:38:37,sen online ttep sruh nunjukin bukti pembayaranbuat guna onlineudh kode booking seat sdah pke bukti bayar sgala tingkat layan online nyamanthanks
"Uda login, tp ga bisa cari tiket apalg beli tiket.Apa emang hrs ke agen ya ?",2,0,2.3.6,2.3.6,2019-09-16 11:51:37,uda login tidak cari tiket apalg beli tiketapa emang hrs agen
"Proses registrasinya membingungkan. Setelah mendapatkan OTP, langsung diminta login dengan nomor member yg blm diberitahukan dari aplikasi. Ternyata nomor member dapat diperoleh dengan registrasi melalui web (melalu notifikasi pesan error sudah terdaftar).",2,5,2.3.6,2.3.6,2019-09-13 07:48:04,proses registrasi bingung otp login nomor member blm diberitahukan aplikasi nomor member oleh registrasi web lalu notifikasi pesan error daftar
Sangat membantu dan memuas kan,5,0,,Unknown,2019-09-12 16:30:55,bantu muas
"Tolong agen sidowayah di kasih khusus paking,,, ngirim tgl 28, baru di paking tgl 2,,, ampun dah! Alasan yang paking juga kerja di luar,,, saya kurangi lagi bintangnya, motor saya setang longat+laker depan juga ganti, pada hal baru ganti,,, 3x saya ngirim jakarta jawa timur, setiap abis dari rosalia ada aja rewelnya",1,1,,Unknown,2019-09-09 19:33:49,tolong agen sidowayah kasih paking ngirim tgl paking tgl ampun dah alas paking kurang bintang motor setang longatlaker ganti ganti ngirim jakarta jawa timur abis rosalia rewel
"create new account tdak bsa, udah mencoba berkali2",1,0,2.3.6,2.3.6,2019-09-08 19:26:50,create new account tdak bsa udah coba kali
"Pesennya di natar masa gk ngelewatin natar, jadi turunnya di way halim,",1,0,2.3.6,2.3.6,2019-09-08 07:55:04,sen natar tidak ngelewatin natar turun way halim
Eksekutif AC MATI . KECEWA 12 JAM LEBIH TANPA AC,2,1,,Unknown,2019-09-06 02:33:16,eksekutif ac mati kecewa jam ac
"Goblok masuk aja susah,udah verifikasi mulu,dah gitu email gua terdaftar dri mana?verifikasi email aja kgk masuk kesel gua jadinya!!",1,0,,Unknown,2019-09-04 13:09:16,goblok susahudah verifikasi muludah gitu email gua daftar dri manaverifikasi email kgk kesel gua
Susah dimengerti,1,0,2.3.6,2.3.6,2019-09-04 04:48:00,susah erti
Aplikasi aneh mau bikin akun gaada tulisan buat id pas udh verivikasi mau login di minta user ID pdhal pas buat ga di suruh bikin user ID aneh,1,1,2.3.6,2.3.6,2019-09-03 08:31:06,aplikasi aneh bikin akun gaada tulis id verivikasi login user id pdhal tidak suruh bikin user id aneh
Cara login gimana cuma dpt sms aja ini,1,0,2.3.6,2.3.6,2019-09-02 11:08:57,login gimana dpt sms
"Booking tiket mudah,alangkah baiknya lagi kalau bisa pilih tempat duduk dan bisa metode transfer ke bank Mandiri/BRI",4,2,2.3.6,2.3.6,2019-08-29 19:32:27,booking tiket mudahalangkah baik pilih duduk metode transfer bank mandiribri
"Sangat bagus.. untuk kedepannya tolong berikan kebebasan kepada kami selaku calon penumpang, untuk memilih seatnya sendiri.. terimakasih 😊",5,2,2.3.6,2.3.6,2019-08-28 23:04:54,bagus depan tolong bebas calon tumpang pilih seatnya terimakasih
Harus mengisi ID tapi bagaimana mendapatkan ID Terimakasih,3,0,2.3.6,2.3.6,2019-08-28 22:26:34,isi id id terimakasih
Aplikasi utk cari tiket tidak bisa dipakai,1,0,2.3.6,2.3.6,2019-08-28 18:50:44,aplikasi cari tiket tidak pakai
Pelayanan yg bagus,5,0,,Unknown,2019-08-24 22:30:53,layan bagus
"Kalo pesen online ga bisa pilih seat yaa? Tolong d update ya biar bisa pilih seat sendiri, lebih enak",4,1,2.3.6,2.3.6,2019-08-24 18:10:02,sen online tidak pilih seat yaa tolong update biar pilih seat
Sangat bagus banget,5,0,2.3.6,2.3.6,2019-08-23 08:52:03,bagus banget
Aplikasi apa ini,1,0,2.3.6,2.3.6,2019-08-22 19:11:58,aplikasi
"nyaman , enak 😁😁😁",5,0,,Unknown,2019-08-19 16:09:35,nyaman
Nyaman,5,0,2.3.6,2.3.6,2019-08-18 07:36:58,nyaman
sangat membantu,5,0,2.3.6,2.3.6,2019-08-17 01:33:16,bantu
pelayanan nan nya sangat tidak memuaskan....tidak disarankan naik rosalia kalau untuk perjalanan jauh...saya 2x naik dari cikarang ke kediri....2x pula kecewa,1,1,,Unknown,2019-08-16 16:33:41,layan nan tidak memuaskantidak saran rosalia jalan jauhsaya cikarang kedirix kecewa
"mantap pelayanan nya, bis nya mantap dan ramah driver nya OKE lah pokonya...",5,0,,Unknown,2019-08-15 21:11:47,mantap layan bis mantap ramah driver oke poko
blom nyoba,1,0,2.3.6,2.3.6,2019-08-15 06:07:54,blom nyoba
cukup membantu,4,0,2.3.6,2.3.6,2019-08-15 00:29:17,bantu
"mau login gak bisa,mau pesan tiket juga gak bisa, ngisi kota keberangkatan....nggak ada/menemukan nama kotanya (yogyakarta)....ini aplikasi macam apaaa ini......langsung uninstall ajahh menuh menuhin memori",1,1,,Unknown,2019-08-14 17:53:32,login tidak bisamau pesan tiket tidak ngisi kota keberangkatannggak adamenemukan nama kota yogyakartaini aplikasi apaaa inilangsung uninstall ajahh menuh menuhin memori
membantu,5,0,2.1.2,2.1.2,2019-08-14 02:19:29,bantu
"udah log-in berkali"" ttep dimintain ID, atuh gatau,, gajelas ni apk",1,0,2.3.6,2.3.6,2019-08-13 20:24:32,udah login kali ttep dimintain id atuh gatau gajelas ni aplikasi
bangkai aplikasi ini,2,0,2.3.6,2.3.6,2019-08-13 19:41:46,bangkai aplikasi
pelayananya cukup baik. sayangnya loket SUMBER ARTA X'MALANG tidak ada bs dihubungi.. padahal sy sudah boking melalui aplikasi ini tujuan MADIUN POL,2,1,2.3.6,2.3.6,2019-08-07 20:04:52,pelayananya sayang loket sumber arta xmalang tidak hubung sy boking aplikasi tuju madiun pol
"kode verivikasi ga di kirim2 , ga bisa login",1,0,,Unknown,2019-08-04 20:34:00,kode verivikasi tidak kirim tidak login
mau masuk ulang susah bner,1,0,2.3.6,2.3.6,2019-08-04 10:26:05,ulang susah bner
mantap,5,0,,Unknown,2019-08-03 20:45:26,mantap
kok udah coba register nga bisa² ya? helpme:(,1,0,2.3.6,2.3.6,2019-08-03 12:35:03,udah coba register nga helpme
kedatangan bis sering telat,1,0,,Unknown,2019-07-31 17:03:04,datang bis telat
admin nya mana... udah bikin akun buat masuk katanya lihat sms... di tunggu ga ada sms masuk.. giliran daftar lagi... email anda sudah terdaftar... member ID sama pasword saja tidak di kirimin..,1,9,2.3.6,2.3.6,2019-07-31 00:54:33,admin udah bikin akun sms tunggu tidak sms gilir daftar email daftar member id pasword tidak kirimin
Tiap mau daftar udah muncul kode Otp nya..tapi gadikirim juga usernam sma passwordnya hmm,1,0,2.3.6,2.3.6,2019-07-28 00:50:04,daftar udah muncul kode otp nyatapi gadikirim usernam sma passwordnya hmm
mau boking tp suruh nlpon operator nya... podo karo tibo menyat dewe,2,1,,Unknown,2019-07-25 16:04:24,boking suruh nlpon operator podo karo tibo sat dewe
"sangat membantu, tpi perlu terus inovasi ya",3,0,2.3.6,2.3.6,2019-07-25 10:13:04,bantu tpi inovasi
sangat tdk membantu,1,0,2.3.6,2.3.6,2019-07-22 23:34:24,tidak bantu
bagus,3,0,,Unknown,2019-07-22 19:10:40,bagus
bgmn cerita y... udh jd member boking online aja ngk bisa tolong petunjuk y biar konsumen bisa pesen online Terima kasih,3,3,2.3.6,2.3.6,2019-07-21 08:09:48,bgmn cerita member boking online ngk tolong tunjuk biar konsumen sen online terima kasih
"susah amat daftarnya, lupa password kok idnya minta masukkan, padahal id number Rosin yg bikin. terlalu ribet. daftar ulang dengan nomor hp dan alamat email barupun juga nggak bisa. aplikasi konyol",1,4,2.3.6,2.3.6,2019-07-19 20:39:22,susah daftar lupa password idnya masuk id number rosin bikin ribet daftar ulang nomor hp alamat email baru nggak aplikasi konyol
baik,4,0,,Unknown,2019-07-17 20:14:34,
ngk bs dipergunakan aplikasinya,1,0,2.3.6,2.3.6,2019-07-17 10:57:37,ngk aplikasi
Tolong tambah metode pembayaran dengan virtual account BCA. Thanks,3,0,2.3.5,2.3.5,2019-07-14 15:42:47,tolong metode bayar virtual account bca thanks
"kanpa setiap kali mau pesen lewt online susah bangt, seharusnya lebh mudah donk gak kya gini. tolg diperbiki lgi",1,0,2.3.6,2.3.6,2019-07-13 22:11:26,kanpa sen lewt online susah bangt lebh mudah donk tidak kya gin tolg bik lgi
"Mobil lambung nmer 172 ga layak pakai udah bayar nya mahal bayar mobil exsecutive da dapet AC mobik rusk terus, ih ga rekomen bgt dah Tolong dong kaloobil rusak ya jangam di pakai ke antar jawa buat ga nyaman penumpng.",1,2,2.3.6,2.3.6,2019-07-13 10:27:27,mobil lambung nmer tidak layak pakai udah bayar mahal bayar mobil exsecutive da dapet ac mobik rusk ih tidak rekomen banget dah tolong kaloobil rusak jangam pakai jawa tidak nyaman penumpng
useless..mau daftar aja ga bisa,1,0,2.3.6,2.3.6,2019-07-09 09:51:46,uselessmau daftar tidak
"y dengan ini saya bisa lebih mudah mesen tiket. biasanya saya mesen tiket di agen trus klo musim liburan rame, jadi saya instal ini aj biar gk usah antre lagi",5,0,,Unknown,2019-07-06 10:21:18,mudah mesen tiket mesen tiket agen trus musim libur rame instal aj biar tidak antre
ok,4,0,,Unknown,2019-07-06 06:58:38,ok
"kalo mau ngecek kiriman via rosalia expres, aplikasinya apa ya?...",4,0,2.2.8,2.2.8,2019-07-03 11:23:00,ngecek kirim via rosalia expres aplikasi
eror terus log in pun gak bisa,1,0,2.3.6,2.3.6,2019-07-03 10:43:08,eror log in tidak
tidak bisa di akses tulisan server eror mulu,1,0,2.3.6,2.3.6,2019-07-03 10:22:31,tidak akses tulis server eror mulu
baru mau coba ini masukan id member gmana cara mendapatkan'a ada masukan yg sudah bisa masuk atau ada yg bisa jawab gmana supaya bisa dapetin id member saya sudah cek email dan sms ga ada notif,4,1,2.3.6,2.3.6,2019-07-02 08:55:19,coba masuk id member gmana mendapatkana masuk gmana dapetin id member cek email sms tidak notif
terlalu lama download,3,0,,Unknown,2019-06-30 21:54:59,download
Appnya sudah lumayan bagus cuma ada satu masalah di bagian create account dimana ketika saya buat dan diminta menginput kode OTP saya tidak menerima kodenya baik melalui nomor handphone ataupun email,3,1,2.3.6,2.3.6,2019-06-28 10:03:36,appnya lumayan bagus create account mana menginput kode otp tidak terima kode nomor handphone email
coba dulu kalau bagus & nyaman ditambahin yg bintangnya,2,0,2.3.6,2.3.6,2019-06-27 23:00:00,coba bagus nyaman ditambahin bintang
"alhamdulillah po rosalia indah pelayanannya sgt bgs, tp ada yg kurang, di usahakan agar berhenti sejenak ketika tiba waktu subuh memberi kesempatan bagi kaum islam untuk shalat, kalo ini bisa terwujud maka seluruh yg berhubungan dg po ini, akan selalu di beri pahala dan keberkahan, terkhusus sopir, mudah2an po ini selalu mendapat lindungan, keselamatan, keberkahan dari Allah SWT",5,50,2.3.6,2.3.6,2019-06-27 18:55:00,alhamdulillah po rosalia indah layan sgt bgs usaha henti waktu subuh sempat kaum islam shalat wujud hubung dg po pahala berkah khusus sopir mudah po lindung selamat berkah allah swt
ok,5,0,,Unknown,2019-06-27 14:12:59,ok
Oke,4,0,2.2.6,2.2.6,2019-06-27 12:45:27,oke
Zeen,5,0,2.2.6,2.2.6,2019-06-27 12:04:40,zeen
knpa g bisa buka pemesan,1,0,2.3.6,2.3.6,2019-06-26 09:38:59,knpa buka mes
"CS tidak tanggap & pertanyaan saya via email tidak ditanggapi, tolong disempurnakan aplikasi & pelayanan CS onlinenya",2,2,2.3.6,2.3.6,2019-06-24 22:13:02,cs tidak tanggap via email tidak tanggap tolong sempurna aplikasi layan cs onlinenya
"huuh apk nya gak berfungsi,giliran mau ngetik kota keberangkatan gak bisa diketik,jd gak bs dipake nih apk.Mendingan booking onlinenya langsung dari google chrome aj.Jd ragu niih.",1,2,2.3.6,2.3.6,2019-06-23 17:38:37,huuh aplikasi tidak berfungsigiliran ngetik kota berangkat tidak diketikjd tidak dipake nih apkmendingan booking onlinenya google chrome ajjd ragu niih
sip joss,5,0,,Unknown,2019-06-21 21:57:11,sip joss
"bintang 3 dulu...karena blm pernah nyoba,nanti kalo sy puas dgn apk nya sy tambah menjadi 5 bintang.",3,0,,Unknown,2019-06-20 19:34:40,bintang dulukarena blm nyobananti sy puas aplikasi sy bintang
"Mau daftar malah aplikasinya gak jelas, error gak karuan. mau login tidak bisa karena tidak tahu nomor ID nya. dari aplikasinya tidak pernah kasih nomor ID Pelanggan, bagaimana pelanggan mau install dan mempergunakan aplikasi ini?",1,3,2.3.6,2.3.6,2019-06-18 21:00:00,daftar aplikasi tidak error tidak karuan login tidak tidak nomor id aplikasi tidak kasih nomor id langgan langgan install aplikasi
sangt bagus,4,0,,Unknown,2019-06-18 20:55:54,sangt bagus
"aplikasi tidak jelas, sdh registrasi gak direzpons,cepek deh, kalo ada tanpa bintang saya akan pilih",1,1,,Unknown,2019-06-17 21:18:25,aplikasi tidak sdh registrasi tidak direzponscepek deh bintang pilih
"untuk harga musim mudik tidak konsisten, kalau pesan jauh-jauh hari harganya lumayan, ketika sudah mendekati Hari H dari tgl pemberangkatan harganya bisa turun. saya pesan tiket tgl 15 juni untuk pemberangkatan tgl 18 harga 205k, ketika tanggal 16 saya cek lagi harga sudah turun menjadi 160k. jadi perbedaannya harganya lumayan ;v",3,4,2.3.6,2.3.6,2019-06-17 12:07:33,harga musim mudik tidak konsisten pesan jauhjauh harga lumayan dekat tgl berangkat harga turun pesan tiket tgl juni berangkat tgl harga tanggal cek harga turun beda harga lumayan
aku suka naik rosalia Kksjsnddn,5,0,2.3.6,2.3.6,2019-06-16 11:44:27,suka rosalia kksjsnddn
tidak bisa create akun. sudah masukan 2 email berbeda.... ktka registrasi sukses namun tidak ada id member yg muncul.. perlu diperbaiki,1,4,2.3.6,2.3.6,2019-06-14 23:18:14,tidak create akun masuk email beda ktka registrasi sukses tidak id member muncul baik
Apl sampah modus doang. sudah di dwl tidak bisa dipakai. Saya delete aja.,1,0,,Unknown,2019-06-14 15:47:23,apl sampah modus doang dwl tidak pakai delete aja
"gabisa load pemesanan, bad max",1,0,2.3.6,2.3.6,2019-06-14 00:42:20,gabisa load mesan bad max
tidak bisa creat new account setelah di download,1,0,2.3.6,2.3.6,2019-06-13 06:47:41,tidak creat new account download
gabisa log in jangan pernah download,1,0,,Unknown,2019-06-12 16:10:10,gabisa log in jangan download
"akhir"" ini susah buat cek tiket online",3,0,2.3.6,2.3.6,2019-06-11 15:51:52,susah cek tiket online
aplikasinya masih harus banyak perbaikan dan harus di perbaharui lagi seperti aplikasi pesan tiket lainnya,2,1,2.3.6,2.3.6,2019-06-10 09:40:11,aplikasi baik baharu aplikasi pesan tiket
bagi pengalaman aja nih yaa buat semuanya. kalo mau pesen di apk Ros-In pas mau kemana gitu milih agennya dicobain semua. jangan cuma dicoba di 1 agen aja. soalnya kadang apk nya eror. contoh aku mau ke solo. disana kan ada banyak agen. pas di agen gilingan gak ada jangan langsung nyerah tapi cari lagi yg di palur gitu. trus kalo buat bayar mending di indomaret aja. soalnya nanti kalo seumpama itu bermasalah kan kita masih punya bukti nota dari indonaret. gitu sih. share pengalaman aja 🙏,5,119,2.3.6,2.3.6,2019-06-10 00:04:33,alam nih yaa sen aplikasi rosin mana gitu milih agen dicobain jangan coba agen aja kadang aplikasi eror contoh solo sana agen agen giling tidak jangan nyerah cari palur gitu trus bayar mending indomaret aja umpama masalah bukti nota indonaret gitu sih share alam
"sy kapok beli tiket by online,, tujuan sy beli tiket secara online kan krn tdk punya byk waktu apalagi harus ngantri,, pas hari H keberangkatan sy pergi ke terminal purwokerto dgn maksud menanyakan bagaimana proses selanjut nya apakah harus tukar dulu & ingin mengetahui juga jam keberangkatannya, di terminal ada 3 orang pegawai,, sy disuruh nunggu sampe gak ada orang yg beli tiket manual,, pokok nya intinya pelayanan nya parah bgt,, pas sy tanya2 ttg keberangkatan mereka jawab ""lihat aja sendiri""",1,2,,Unknown,2019-06-09 13:05:12,sy kapok beli tiket by online tuju sy beli tiket online tidak byk waktu ngantri berangkat sy pergi terminal purwokerto proses lanjut tukar jam berangkat terminal pegawai sy suruh nunggu sampe tidak beli tiket manual pokok inti layan parah bgt sy ttg berangkat
halo .. saya tidak di kirim id member sama password untuk login.. bisa bantu.. terimakasih,5,3,2.3.6,2.3.6,2019-06-08 08:53:08,tidak kirim id member password login bantu terimakasih
"tidak bisa membatalkan pesanan dari terminal keberangkatan. harus dari pusat di palur. bagaimana bisa harus kesana sedangkan terminal keberangkatan tidak dari sana? cabang"" tidak bisa melayani melalui aplikasi.",1,4,2.3.6,2.3.6,2019-06-08 01:19:42,tidak batal pesan terminal berangkat pusat palur kesana terminal berangkat tidak cabang tidak layan aplikasi
mantab,5,0,,Unknown,2019-06-07 19:54:07,mantab
"saya mau ngasih saran, tolong lah buat penumpang nya bisa milih no kursi yg di inginkan...jgn random mohon sekali buat po. RI agar penumpang bsa memilih no kursi yg di inginkan.",3,1,,Unknown,2019-06-07 18:01:29,ngasih saran tolong tumpang milih no kursi inginkanjgn random po ri tumpang bsa pilih no kursi
coba instal,5,0,,Unknown,2019-06-07 07:43:39,coba instal
kunM,5,0,,Unknown,2019-06-06 06:00:07,kunm
bagux,5,0,,Unknown,2019-06-05 20:03:47,bagux
mantap.makananya lumayan cuma kuah sayurnya dingin.harusnya hangat... trims,5,0,,Unknown,2019-06-03 17:20:04,mantapmakananya lumayan kuah sayur dinginharusnya hangat trims
Tambah gampang beli tiketnya...,5,0,,Unknown,2019-06-03 13:22:07,gampang beli tiket
mantabz,2,0,2.3.6,2.3.6,2019-06-02 23:12:07,mantabz
yg di maksud member id. apa kita harus punya member dulu ya untuk pesan tiket. sya sudah instal app nya. saya dah coba masuk pake e-mail. sudah coba daptar tp ko masih tidak bisa untuk pesan tiket melalui app ini,1,9,2.3.6,2.3.6,2019-06-02 08:58:13,member id member pesan tiket sya instal aplikasi dah coba pake email coba daptar ko tidak pesan tiket aplikasi
apik,5,0,,Unknown,2019-05-31 15:47:55,apik
"buat sign up susah karena kode verifikasi nya gk di kirim"" bos ku",1,4,2.3.6,2.3.6,2019-05-28 18:27:28,sign up susah kode verifikasi tidak kirim bos ku
josbus,5,0,2.2.8,2.2.8,2019-05-28 12:25:57,josbus
"tolong dong kasih solusinya, mau login kok gk bisa ya??",2,0,2.3.6,2.3.6,2019-05-28 10:24:21,tolong kasih solusi login tidak
top dh gt ja...smg sll mjd lbih baik,5,0,,Unknown,2019-05-27 14:34:45,top dh gt jasmg sll mjd lbih
"error terus,,mau login aja susah,,kasih bintang 2 aja",2,1,2.3.6,2.3.6,2019-05-25 19:03:13,error terusmau login susahkasih bintang
masa tiket rosalia indah dari cikokol ke surabaya untuk tgl 31 mei 2019 harganya 675000 murah harga tiket pesawat ini bener apa gak si,1,1,,Unknown,2019-05-25 01:08:27,tiket rosalia indah cikokol surabaya tgl mei harga murah harga tiket pesawat bener tidak si
"bagus, tp g bisa pilih kursi, trus g ada riwayat pemesanannya,next tolong diperbaiki, trims..",3,1,2.3.6,2.3.6,2019-05-24 21:38:28,bagus pilih kursi trus riwayat pemesanannyanext tolong baik trims
Bisa ngecek harga tiket jugaa,5,0,2.3.6,2.3.6,2019-05-23 23:42:20,ngecek harga tiket jugaa
sayang belum ada yg ke sumatra 😣,1,0,,Unknown,2019-05-23 12:37:19,sayang sumatra
nice,4,0,2.3.5,2.3.5,2019-05-21 11:59:37,nice
aplikasi mantap👍,5,0,,Unknown,2019-05-21 05:37:01,aplikasi mantap
cukup membantu,4,0,2.3.6,2.3.6,2019-05-19 07:47:37,bantu
"masa gak ada mobil dri jakarta k palembang ditanggal 5, 6 atau 7 !? stiap pencarian tanggal kosong smua",1,0,2.3.6,2.3.6,2019-05-19 02:04:08,tidak mobil dri jakarta palembang tanggal stiap cari tanggal kosong smua
Kok g bisa daftar acount,1,0,2.3.6,2.3.6,2019-05-18 23:18:13,daftar acount
tooopppp,5,0,,Unknown,2019-05-18 17:45:40,tooopppp
alhamdulillah kalau naik rosalia ltidak kuatir sholat subuh sopir sama kondektur pd sholat,3,0,2.2.6,2.2.6,2019-05-18 12:26:50,alhamdulillah rosalia ltidak kuatir sholat subuh sopir kondektur pd sholat
oke,2,0,2.2.6,2.2.6,2019-05-18 09:39:23,oke
Pembayaran Via BCA tolong diadain ya,4,1,2.3.6,2.3.6,2019-05-17 15:59:12,bayar via bca tolong diadain
mau login aja susah...aplikasi ribet,1,0,,Unknown,2019-05-17 04:15:24,login susahaplikasi ribet
Mantul,5,0,,Unknown,2019-05-17 01:00:03,mantul
"Saat pencarian agen/kota ribet banget, mesti masukin satu2. coba dibikin kayak tr*v*l*ka agar customer lbh mudah dlm mencari agen/kota asal maupun tujuan",2,1,,Unknown,2019-05-15 11:40:55,cari agenkota ribet banget mesti masukin coba bikin kayak trvlka customer lbh mudah cari agenkota tuju
ok,4,0,,Unknown,2019-05-15 08:38:33,ok
"saya kasih 2 dlu. sebab saya ng bisa registrasi, apa lagi login. baru masukin data, trus dapat kode verifikasi tapi ng ada kelanjutan nya. Gimana ini saya udah kirim saran di pesan belum di jawab juga.",2,15,2.3.6,2.3.6,2019-05-14 22:59:45,kasih dlu ng registrasi login masukin data trus kode verifikasi ng lanjut gimana udah kirim saran pesan
kenapa ngga dapet id member ya cuma dapet kode verifikasi jadi ngga bisa log in,1,7,2.3.6,2.3.6,2019-05-14 15:29:18,ngga dapet id member dapet kode verifikasi ngga log in
mantab pelayananya,5,0,2.2.6,2.2.6,2019-05-14 09:54:41,mantab pelayananya
harga tiket cilegon ke mojokerto,5,0,2.3.6,2.3.6,2019-05-14 07:06:06,harga tiket cilegon mojokerto
"pertama kali booking online via app ini. mudah n g ada kendala, bisa bayar via alfamart pula. semoga selalu mudah",4,1,2.3.6,2.3.6,2019-05-14 01:04:40,booking online via aplikasi mudah kendala bayar via alfamart moga mudah
apa ini sy booking tp gak ada riwayat pemesanan. gimana mau check status pemesanan kalau kya gini.. lupa ss kode booking juga.. jdi tidak bisa melakukan pembayaran. email blm didaftarkan juga sudah terdaftar sendiri. giliran daftar pakai email baru. hanya dpt kode sms tp gak dpt id member.,1,77,2.3.6,2.3.6,2019-05-13 07:58:44,sy booking tidak riwayat mesan gimana check status mesan kya gin lupa ss kode booking jdi tidak bayar email blm daftar daftar gilir daftar pakai email dpt kode sms tidak dpt id member
tidak bisa pesen tiket aplikasi macam apa ini.,1,0,,Unknown,2019-05-13 04:48:19,tidak sen tiket aplikasi
bisa Milih Bangku Sendiri Dong Kyk PO sebelah Baru bikin Aplikasi Online tapi langsung bisa Milih sendiri..mksh Sukses Selalu Rosin,4,1,,Unknown,2019-05-12 23:30:05,milih bangku po belah bikin aplikasi online milih sendirimksh sukses rosin
puas,5,0,2.2.6,2.2.6,2019-05-12 16:19:46,puas
tidak bisa mendaftar verifikasi sudah tapi tidak ada kelanjutannya gimana mau tau manfaatnya.,1,0,,Unknown,2019-05-11 12:24:24,tidak daftar verifikasi tidak lanjut gimana tau manfaat
sangat membantu,4,0,2.3.6,2.3.6,2019-05-11 05:43:24,bantu
bagux,5,0,2.3.6,2.3.6,2019-05-10 06:24:54,bagux
lebih membantu unt pembelian tiket,4,0,2.3.6,2.3.6,2019-05-09 09:07:59,bantu unt beli tiket
Nyaman,5,1,,Unknown,2019-05-07 22:29:24,nyaman
sip,3,0,2.2.6,2.2.6,2019-05-07 19:44:22,sip
joss,5,0,2.2.6,2.2.6,2019-05-07 09:51:26,joss
tidak bisa memilih kota/agen asal dan tujuan,2,3,2.3.6,2.3.6,2019-05-06 14:53:22,tidak pilih kotaagen tuju
ribet,1,0,2.3.6,2.3.6,2019-05-05 14:59:01,ribet
Belum bisa pilih tempat duduk,3,2,2.3.6,2.3.6,2019-05-05 10:24:09,pilih duduk
good,5,0,,Unknown,2019-05-03 06:44:46,good
membantu sekali,5,0,2.2.6,2.2.6,2019-05-02 08:23:48,bantu
rosalia indah tetap yg terbaik,5,1,,Unknown,2019-05-01 21:45:26,rosalia indah baik
pas pake aplikasi ini jangka waktu pembayaran dr booking cm 10 menit. tp klo lewat web rosin jangka waktu pembayaran nya 1 jam. ko bisa ya?,3,0,2.2.6,2.2.6,2019-04-30 14:03:44,pake aplikasi jangka waktu bayar dr booking cm menit web rosin jangka waktu bayar jam ko
lumayan g sah ribet ngantri ..,4,0,2.2.8,2.2.8,2019-04-29 20:37:31,lumayan sah ribet ngantri
tidak bisa pesen tiket ..masuk akun juga susah. aplikasi buang kuota aja...,1,4,2.3.6,2.3.6,2019-04-29 20:32:21,tidak sen tiket akun susah aplikasi buang kuota aja
mantab,5,0,2.3.5,2.3.5,2019-04-29 19:55:31,mantab
"beli tiket via online memang praktis, tapi pemilihan kursi ga bisa di tentuin, pas minta tolong ke crew buat tukar sama penumpang lain jwbnya judes2 skrang agen bis nya judes2 crew di bis nya jg gak ramah kaya dulu",1,10,2.3.5,2.3.5,2019-04-29 15:19:41,beli tiket via online praktis pilih kursi tidak tentuin tolong crew tukar tumpang jwbnya judes skrang agen bis judes crew bis tidak ramah kaya
bagus,4,0,2.2.8,2.2.8,2019-04-27 19:42:19,bagus
kurang praktis..untuk ganti tanggal harus isi.lg dr awal...g tanggal.nya saja yg di ganti,3,0,2.2.6,2.2.6,2019-04-27 18:20:59,praktisuntuk ganti tanggal isilg dr awalg tanggal ganti
ok,4,0,2.2.6,2.2.6,2019-04-27 10:29:38,ok
"perlu ditambahkan metode pembayaran pake atm dan internet banking bca,bni,bri dsb. juga penumpang bisa memilih tempat duduk sesuai pilihan saat pemesanan online.",4,2,2.3.5,2.3.5,2019-04-26 20:07:18,metode bayar pake atm internet banking bcabnibri dsb tumpang pilih duduk sesuai pilih mesan online
bagus ini aplikasi mempermudah pemesanan tiket tapi lebih bagus lagi kalau bisa transaksi pembayaran melalui mobile banking,4,2,2.3.5,2.3.5,2019-04-26 07:02:01,bagus aplikasi mudah mesan tiket bagus transaksi bayar mobile banking
"Tetap berdiri pt rosalia indah Nyaman menyenangkan, cepat juga",5,0,2.3.5,2.3.5,2019-04-25 22:30:01,diri pt rosalia indah nyaman senang cepat
jd gak usah sampe pool nya klai mau pesen tiket,5,0,,Unknown,2019-04-25 09:58:03,tidak sampe pool klai sen tiket
cari tiket jdi mudah,5,0,2.2.6,2.2.6,2019-04-24 14:59:49,cari tiket jdi mudah
Memberikan pelayanan yg baik,5,0,2.2.8,2.2.8,2019-04-24 10:44:14,layan
ribet,3,0,2.2.8,2.2.8,2019-04-22 16:30:57,ribet
Kenapa saya susah banget mau pesen tiketnyaaa.. Mau bikin akunnya juga susah,2,0,,Unknown,2019-04-21 10:53:49,susah banget sen tiketnyaaa bikin akun susah
"mantabb, sangat membantu sebagai pelanggan setia rosalia, sangat bertanggung jawab terhadap keamanan dan kenyamanan penumpang sampai tujuan",5,0,2.2.6,2.2.6,2019-04-20 10:06:15,mantabb bantu langgan setia rosalia tanggung aman nyaman tumpang tuju
sopirnya yang tua2 jalannya lambat bikin lama diperjalanan..,3,0,2.2.8,2.2.8,2019-04-19 02:01:48,sopir tua jalan lambat bikin jalan
"sangat membantu..memudahkan rencna perjalanan.lebih bgus lg kalau bisa nampilin agen disekitar kita,yg sesuai dengan tujuan.soalnya tdk semua agen mlayani.rda ribet mesti ngecekin daerah atu2.",5,2,2.3.5,2.3.5,2019-04-18 20:42:24,membantumemudahkan rencna perjalananlebih bgus nampilin agen sekitar kitayg sesuai tujuansoalnya tidak agen mlayanirda ribet mesti ngecekin daerah atu
"Saranku ikutilah metode KAI, Menurut ku aplikasi ini masih terlihat main main/gak jelas. Maaf sebelumnya.",1,3,2.3.5,2.3.5,2019-04-18 14:17:12,saran ikut metode kai ku aplikasi main maingak maaf
bagusss,4,0,2.2.6,2.2.6,2019-04-17 20:40:18,bagusss
"sangat membantu , mohon dimudahkan dalam pemilihan kursi hehehe",5,0,2.2.8,2.2.8,2019-04-16 13:48:34,bantu mudah pilih kursi hehehe
terima kasih memudahkan saya mendapat tiket bus,5,0,2.2.8,2.2.8,2019-04-16 11:06:49,terima kasih mudah tiket bus
"dari aplikasi ini Alhamdulillah di permudahkan cara mencari informasi tentang bus tersebut... semoga kedepan nya lebih dan lebih baik lagi,sukses trus ROSALIA INDAH,selain nyaman,sopir berpengalaman,cara pelayanan yg sangat profesional..👍👍👍",5,16,2.3.5,2.3.5,2019-04-15 16:46:18,aplikasi alhamdulillah mudah cari informasi bus moga depan lagisukses trus rosalia indahselain nyamansopir berpengalamancara layan profesional
tidak bisa cek kode booking.. padahal kode dan no.hp sudh bener. mohon d perbaiki lg.,1,3,2.3.5,2.3.5,2019-04-15 10:55:26,tidak cek kode booking kode nohp sudh bener baik lg
Mohon perbaiki bug identitas 😕,5,0,2.1.2,2.1.2,2019-04-14 18:13:55,baik bug identitas
saya ingin memesan tiket untuk mudik knp gx bisa ajah??? pdhl sinyal sudah bagus... tolong bantu jelaskan,2,6,2.3.5,2.3.5,2019-04-13 00:44:59,mes tiket mudik knp gx ajah pdhl sinyal bagus tolong bantu
"aplikasi berfungsi dgn baik, hanya saja tidak bisa pilih kursi via aplikasi",3,0,2.2.8,2.2.8,2019-04-12 12:54:28,aplikasi fungsi tidak pilih kursi via aplikasi
pesan tiket lebih mudah aman dan cepat,5,0,,Unknown,2019-04-11 17:52:18,pesan tiket mudah aman cepat
tolong di pihak rosalia untuk kawasan subang.masak ke kamar mandi bayar??. itu milik rosalia apa bukan kamar mandi nya???,1,8,2.2.8,2.2.8,2019-04-11 01:23:55,tolong rosalia kawasan subangmasak kamar mandi bayar milik rosalia bukan kamar mandi
👍,5,0,,Unknown,2019-04-10 22:11:07,
memuaskan,5,0,,Unknown,2019-04-10 21:36:47,muas
lumayan baik pelayananya,4,0,2.3.5,2.3.5,2019-04-10 19:27:01,lumayan pelayananya
joss,5,0,2.2.8,2.2.8,2019-04-10 19:04:14,joss
"Tdk bisa pilih seat dan cara bayar kurang friendly harunsya bisa menggunakan mobile banking BNI, BRI, Muamalat dst",3,3,2.2.8,2.2.8,2019-04-10 16:48:26,tidak pilih seat bayar friendly harunsya mobile banking bni bri muamalat dst
"penetapan kursi harus dirubah, harus spt bosbis atau redbus, pby dgn cc tdk boleh ada biaya...",3,3,2.3.5,2.3.5,2019-04-09 19:04:41,tetap kursi rubah spt bosbis redbus pby cc tidak biaya
bagus,4,0,2.2.6,2.2.6,2019-04-09 12:30:26,bagus
oke cukup membantu saat mau cari tiket,4,0,2.2.8,2.2.8,2019-04-09 10:12:09,oke bantu cari tiket
mantul,3,0,,Unknown,2019-04-09 08:48:09,mantul
mantab,5,0,2.2.8,2.2.8,2019-04-09 08:39:18,mantab
mantab,5,0,,Unknown,2019-04-08 20:48:05,mantab
aplikasinya bagus,5,0,,Unknown,2019-04-08 19:56:03,aplikasi bagus
👍🏻,5,0,2.3.4,2.3.4,2019-04-08 18:55:51,
ok,5,0,2.2.6,2.2.6,2019-04-08 18:25:28,ok
baguss sangat membantu,5,0,2.2.6,2.2.6,2019-04-08 17:10:24,baguss bantu
😀,4,0,2.2.8,2.2.8,2019-04-08 15:41:25,
ini kenapa setelah di upgrade kok malah eror,3,0,2.3.4,2.3.4,2019-04-08 13:36:49,upgrade eror
pelayanan bgs..on time..smg smkn baik,5,2,2.3.5,2.3.5,2019-04-08 13:16:39,layan bgson timesmg smkn
santun dan cepat,5,0,2.2.8,2.2.8,2019-04-08 12:57:22,santun cepat
kok error trus y... gk bsa digunakan,2,0,2.3.4,2.3.4,2019-04-08 11:34:14,error trus tidak bsa
baru download dah error,1,0,,Unknown,2019-04-08 10:45:49,download dah error
abis update kox malah eror..gmn ini,2,0,2.3.4,2.3.4,2019-04-08 10:02:08,abis update kox erorgmn
"setelah di update malah tidak bisa di gunakan,error...",5,1,2.3.4,2.3.4,2019-04-08 06:34:59,update tidak gunakanerror
Kenapa setelah pembaharuan aplikasi malah error yaa ??? padahal sebelum pembaharuan baik-baik saja,1,0,2.3.4,2.3.4,2019-04-08 06:00:04,baharu aplikasi error yaa baharu baikbaik
selalu puas klo naek yg executif plus,5,0,2.3.4,2.3.4,2019-04-08 02:22:18,puas naek executif plus
Error mulu pas cari tiket,1,0,2.3.4,2.3.4,2019-04-07 22:42:07,error mulu cari tiket
gg bisa buat booking,1,0,,Unknown,2019-04-07 22:10:55,gg booking
sip,5,0,,Unknown,2019-04-07 11:43:43,sip
mantap..g perlu jauh' beli tiket PO,5,2,2.3.4,2.3.4,2019-04-07 11:23:39,mantapg beli tiket po
bagaimana cara daftar nya kenapa sulit sekali,1,3,2.3.4,2.3.4,2019-04-06 23:08:48,daftar sulit
kok. malah tidak bisa digunakan setelah diupgrade,1,0,,Unknown,2019-04-06 20:24:25,tidak diupgrade
Baru download udah eror,2,1,2.3.4,2.3.4,2019-04-06 19:22:18,download udah eror
"lhaa.. kok oon sih, di perbarui malah ngebug terus.. sory auto hapus aplikasinya... kabari aja lewat medsos kalo udah bener ya... beli manual aja ke agen. rosalia.. rosalia.. hadeeuh.",1,1,,Unknown,2019-04-06 18:32:47,lhaa oon sih baru ngebug sory auto hapus aplikasi kabar medsos udah bener beli manual agen rosalia rosalia hadeeuh
nyaman,5,0,2.2.6,2.2.6,2019-04-06 17:34:58,nyaman
"aplikasi ini, kok sekarang jelek!!! di Tambah Jurusan ke Terminal Jakarta tidak terdaftar di aplikasi ... TOLONG DI PERBAIKI",1,2,2.2.6,2.2.6,2019-04-06 17:10:09,aplikasi jelek jurus terminal jakarta tidak daftar aplikasi tolong baik
error initialing cordova...,1,1,2.3.4,2.3.4,2019-04-06 14:37:56,error initialing cordova
sangat membantu,5,0,2.2.6,2.2.6,2019-04-06 13:05:45,bantu
kurang bagus,1,0,,Unknown,2019-04-06 12:58:01,bagus
pemesanan lewat on line masih kurang lengkap ya,1,0,2.2.6,2.2.6,2019-04-06 12:26:54,mesan on line lengkap
utamakan kru dan petugas untuk ramah agar bisa saling mengerti kepada penumpang ☺,5,0,,Unknown,2019-04-05 21:53:00,utama kru tugas ramah erti tumpang
ok sangat membantu,5,0,2.2.6,2.2.6,2019-04-05 18:16:24,ok bantu
Memudahkan custemer untuk pesen tiket. Mungkin di tingkatkan apk dalam pemilihan bangku kursi.,5,4,2.2.8,2.2.8,2019-04-05 07:41:20,mudah custemer sen tiket tingkat aplikasi pilih bangku kursi
"INI KENAPA ENGGA BISA BIKIN AKUN BARU? PADAHAL SAYA PENGGUNA BARU LOH, TERUS KALO BISA KITA PILIH SENDIRI UNTUK KURSI NYA, JANGAN DI TENTUIN OLEH PIHAK ROSLIN. TQ",1,13,2.2.8,2.2.8,2019-04-04 21:38:50,engga bikin akun guna loh pilih kursi jangan tentuin roslin tq
nyaman,5,0,2.2.6,2.2.6,2019-04-04 18:02:11,nyaman
"buruk tidak bisa di download padahal kecepatan internet sudah cepat , dn resrrvasi pun munculnya malah nama orang lain bukan nama kita.",1,0,,Unknown,2019-04-04 13:15:57,buruk tidak download cepat internet cepat dn resrrvasi muncul nama bukan nama
"Di bawah ada yg gagal walau sudah bayar via Sakuku, ada beberapa user. Jadi buat user lain, mending jangan bayar via Sakuku. Saya sendiri baru sekali order, dan sukses. Bayar lewat Alfamart. Cmn sayang di apps lama ga ada fitur reset password lewat email ataupun no HP. Cuman ngandelin user ID yg dikirim lewat SMS waktu pertama kali daftar. Amsyong.",4,2,2.2.6,2.2.6,2019-04-04 07:54:54,gagal bayar via saku user user mending jangan bayar via saku order sukses bayar alfamart cmn sayang apps tidak fitur reset password email no hp cuman ngandelin user id kirim sms waktu daftar amsyong
oke,5,0,2.2.6,2.2.6,2019-04-04 07:10:44,oke
good seller,5,0,2.2.6,2.2.6,2019-04-03 22:02:36,good seller
"Sangat membantu dan memudahkan, tolong dikasih fitur pembayaran melalui transfer",5,0,2.2.6,2.2.6,2019-04-03 17:35:53,bantu mudah tolong kasih fitur bayar transfer
Sangat membantu,5,0,2.2.6,2.2.6,2019-04-03 13:09:07,bantu
knapa yg dari Bandung nggak ada ? sangat disayangkan ditambah kode verifikasi nggak dikasih. sangat menyesal,1,1,2.2.8,2.2.8,2019-04-03 11:22:16,knapa bandung nggak sayang tambah kode verifikasi nggak kasih sesal
ga bisa sign up,1,0,2.2.8,2.2.8,2019-04-03 08:03:27,tidak sign up
semoga lebih cepat lagi pelayanannya,4,0,2.2.8,2.2.8,2019-04-03 06:11:35,moga cepat layan
ok,5,0,2.2.6,2.2.6,2019-04-02 18:59:47,ok
bagus,5,0,2.2.6,2.2.6,2019-04-02 16:48:51,bagus
ok banget,5,0,2.2.6,2.2.6,2019-04-02 11:34:00,ok banget
Lumayan bagus,5,0,2.2.6,2.2.6,2019-04-01 22:30:48,lumayan bagus
boros memori.,1,0,2.2.8,2.2.8,2019-04-01 20:50:30,boros memori
"System Booking tiket mandiri sangat, sangat membantu. Biarkan Bintang yang berbincara",5,0,2.2.6,2.2.6,2019-04-01 20:08:06,system booking tiket mandiri bantu biar bintang berbincara
joss,5,0,2.2.7,2.2.7,2019-04-01 07:27:16,joss
"Tgl 28/3/2019 reservasi tiket unt tgl 31/3, dapet kode booking, instruksi pembayaran, pilih pembayaran sakuku. Lalu redirect ke app sakuku. Pembayaran kelar, saldo kepotong tp redirect kembali ke app rosin ini gagal, ntah karena koneksi, atau apa. Sy close sj krn merasa dpt kode booking seperti yg lalu2. Untungnya sempat screenshot halaman instruksi bayar yg ada kode booking. Pas tgl 31/3 mau checkin, kaget krn nama nggk ada. Cek kode booking diatas,bukan ats nama saya.",3,14,2.2.8,2.2.8,2019-04-01 05:51:18,tgl reservasi tiket unt tgl dapet kode booking instruksi bayar pilih bayar saku redirect aplikasi saku bayar kelar saldo potong redirect aplikasi rosin gagal ntah koneksi sy close sj dpt kode booking untung screenshot halaman instruksi bayar kode booking tgl checkin kaget nama nggk cek kode booking diatasbukan ats nama
Luar biasa,5,0,2.2.7,2.2.7,2019-04-01 04:47:35,
pengoperasiannya sngat mudah,5,0,2.2.7,2.2.7,2019-03-31 19:41:27,operasi sngat mudah
top,5,0,2.2.6,2.2.6,2019-03-31 19:35:28,top
armada andalah terpercaya,4,0,2.2.6,2.2.6,2019-03-31 17:47:52,armada percaya
Aplikasi ini sangat membantu saya untuk boking kursi mau ke lampung dari kantor pusat dengan bus rosalia indah super top shd karoseri laksana SR2 HD Prime...,5,0,,Unknown,2019-03-31 17:35:59,aplikasi bantu boking kursi lampung kantor pusat bus rosalia indah super top shd karoseri laksana sr hd prime
kasi bintang 5 lumayan,5,4,2.2.8,2.2.8,2019-03-31 17:28:27,kasi bintang lumayan
god apps,5,0,2.2.6,2.2.6,2019-03-31 17:03:45,god apps
bagus sekali,5,0,2.2.6,2.2.6,2019-03-31 14:08:41,bagus
ok,5,0,2.2.6,2.2.6,2019-03-31 07:34:47,ok
memudahkan untuk booking tiket bus rosin dan memilih class.,4,0,,Unknown,2019-03-30 23:22:12,mudah booking tiket bus rosin pilih class
terbantu dengan adaanya ticket online,5,0,2.2.6,2.2.6,2019-03-30 23:17:22,bantu adaanya ticket online
ok,5,0,2.2.7,2.2.7,2019-03-30 21:08:58,ok
"Agak dipermudah akses juga Pembayaranya,",5,0,2.2.6,2.2.6,2019-03-30 20:48:17,mudah akses pembayaranya
good,5,0,2.2.6,2.2.6,2019-03-30 19:09:04,good
"pertama coba, pakai metode pembayaran SAKUKU yg simple yg gak perlu pergi ke atm/merchant.. eh gataunya malah bermasalah, sampai telp call center Ros In nya pun dia gatau mtode pembayaran itu sampe besoknya ke PO smua kryawannya gak ada yang tau, gmna sih? padahal di mobile maupun web ada pembayaran itu.. Awalnya blang udah expaired, perlu cetak mutasilah di bank pdhal saat itu lg di luar kota. tp pas mau brngkat Akhirnya sih ke detect jg uangnya & dikmbalikan. smg lbh baik lg deh..",3,5,2.2.8,2.2.8,2019-03-30 19:03:48,coba pakai metode bayar saku simple tidak pergi atmmerchant eh gataunya masalah telp call center ros in gatau mtode bayar sampe besok po smua kryawannya tidak tau gmna sih mobile web bayar blang udah expaired cetak mutasi bank pdhal kota brngkat sih detect uang dikmbalikan smg lbh deh
ok,4,0,2.2.7,2.2.7,2019-03-30 18:54:45,ok
tinggal Lanjut ke pembayaran di klik klik terus gak bisa malah balik lagi ke menu awal... preet ah... ngeselin...,1,7,2.2.7,2.2.7,2019-03-30 14:22:47,tinggal bayar klik klik tidak menu preet ah ngeselin
Ok,5,0,2.2.7,2.2.7,2019-03-30 12:57:18,ok
susah regis nya,1,0,,Unknown,2019-03-30 05:24:02,susah regis
ok,5,0,2.2.7,2.2.7,2019-03-29 21:38:01,ok
Kecewa bgt sudah booking sudah dibayarkan.status masih menunggu pembayaran selang 3 jam kode booking gak bisa dilacak lgi. Uang raib,1,8,2.2.7,2.2.7,2019-03-29 21:05:52,kecewa banget booking dibayarkanstatus tunggu bayar selang jam kode booking tidak lacak lgi uang raib
bus yang sangat nyaman dan crow yg ramah,5,0,2.2.7,2.2.7,2019-03-29 20:35:21,bus nyaman crow ramah
"aplikasi ini memudahkan pemesanan tiket bus rosalia, tapi sayangnya belum bisa memilih tempat duduk. selain itu kalau bisa utk lokasi agen diberikan maps nya. mohon untuk bisa diperbaiki. terima kasih.",3,18,2.2.7,2.2.7,2019-03-29 15:31:57,aplikasi mudah mesan tiket bus rosalia sayang pilih duduk lokasi agen maps baik terima kasih
gak bisa pesan tiket,1,0,2.2.7,2.2.7,2019-03-29 14:31:06,tidak pesan tiket
"saya suka dengan aplikasi ini lebih praktis untuk beli tiket,berharap kedepanya lebih cangih lagi",4,0,2.2.7,2.2.7,2019-03-29 13:09:59,suka aplikasi praktis beli tiketberharap depa cangih
"aplikasinya gk bisa di pakai bwt booking, pas buka booking mesti muncul hrus di perbarui, padahal baru download, gmn ni admin?",1,7,2.2.7,2.2.7,2019-03-29 10:34:29,aplikasi tidak pakai bwt booking buka booking mesti muncul hrus baru download gmn ni admin
ok sangat membantu,5,0,2.2.7,2.2.7,2019-03-29 08:27:44,ok bantu
cakep,5,0,2.2.7,2.2.7,2019-03-29 07:58:47,cakep
"Aplikasi yang sangat mudah digunakan. tapi sayangnya, kita tidak bisa memilih kursi sendiri, karena sudah ditentukan dari pihak Roslin nya. Tolong dong disediakan pilihan untuk kursinya.",5,95,2.2.7,2.2.7,2019-03-29 07:18:26,aplikasi mudah sayang tidak pilih kursi tentu roslin tolong sedia pilih kursi
good,5,0,2.2.7,2.2.7,2019-03-28 23:15:29,good
ok,5,0,2.2.7,2.2.7,2019-03-28 22:15:10,ok
"baru download aplikasi,semoga lancar dan menjadi pelanggan yg baik",5,0,2.2.7,2.2.7,2019-03-28 20:36:50,download aplikasisemoga lancar langgan
pesan onlinene tiket selalu tidak tersedia di poris,2,0,2.2.6,2.2.6,2019-03-28 18:10:44,pesan onlinene tiket tidak sedia poris
top,5,0,2.2.7,2.2.7,2019-03-28 17:26:43,top
ok,5,0,2.2.7,2.2.7,2019-03-28 17:22:32,ok
"Bagus, Mudah dan dan sangat membantu",5,0,2.2.6,2.2.6,2019-03-25 08:23:27,bagus mudah bantu
Sangat membantu,5,0,2.2.6,2.2.6,2019-03-24 02:13:38,bantu
"Bagus aplikasinya, lebih cakep lagi kalau dilengkapi prakiraan waktu sampai tujuan, bisa pilih tempat duduk sesuai denah. Tambah mantab lagi, kalau armadanya juga di-upgrade apalagi untuk kelas patas.",5,2,,Unknown,2019-03-22 03:50:55,bagus aplikasi cakep lengkap prakira waktu tuju pilih duduk sesuai denah mantab armada diupgrade kelas patas
pool utama banyak tidak d legkapi CCTV barang ke tinggalan rawan lilang tanpa jejak,1,0,2.2.6,2.2.6,2019-03-19 15:02:58,pool utama tidak legkapi cctv barang tinggal rawan lilang jejak
udah di instal kok gak bisa di pakai ya...isinya tidak tersedia terus...,1,0,2.2.6,2.2.6,2019-03-17 16:43:22,udah instal tidak pakai yais tidak sedia
"Hapus loket yang ada di Pulo gebang, kalau penumpang disuruh menunggu lama seperti ini.. 2 jam lebih nunggu gak jelas",2,1,,Unknown,2019-03-17 15:38:44,hapus loket pulo gebang tumpang suruh tunggu jam nunggu tidak
ik,5,0,2.2.6,2.2.6,2019-03-14 23:42:46,ik
4 dulu ntar kl ok tak tambahin,4,0,,Unknown,2019-03-12 19:50:58,ntar kl ok tambahin
kok pesen tiket kok sudah abis ya,1,0,2.2.6,2.2.6,2019-03-11 17:21:28,sen tiket abis
yg lainnya lancar v kurangnya hanya di pemilihan kursi... knpa gk bsa milih kursi sendiri yah...,2,4,2.2.6,2.2.6,2019-03-08 07:16:28,lancar kurang pilih kursi knpa tidak bsa milih kursi yah
jos,5,0,2.2.6,2.2.6,2019-03-07 18:18:38,jos
Udah dijawab sama orang2 dibawah ga perlu saya jelasin,1,0,,Unknown,2019-03-06 16:11:20,udah bawah tidak jelasin
payah,1,0,2.2.6,2.2.6,2019-03-05 19:01:15,payah
"pelayanan agen sangat mengecewakan, di hubungi belum selesai bertanya telpon langsung di tutup 😂, mending ga usah nyantumin no. telp kalau sperti itu💩💩💩",1,1,2.2.6,2.2.6,2019-03-02 09:01:08,layan agen kecewa hubung selesai telpon tutup mending tidak nyantumin no telp sperti
ok,5,0,,Unknown,2019-02-25 16:11:02,ok
Kurang fitur untuk memilih kursi,3,0,,Unknown,2019-02-25 13:49:39,fitur pilih kursi
naik rosalia executive class harga mahal malah toilete gak bisa dipake mending pake kelas patas ae,1,0,,Unknown,2019-02-25 05:56:50,rosalia executive class harga mahal toilete tidak dipake mending pake kelas patas ae
gak jelas,2,0,2.2.6,2.2.6,2019-02-21 22:08:35,tidak
udah instal dua kali...gk bisa di pakai.jelek nih management developmentnya,1,0,2.2.6,2.2.6,2019-02-21 07:38:51,udah instal kaligk pakaijelek nih management developmentnya
sangatlah penting untuk diperhatikan dalam tiket,5,0,,Unknown,2019-02-19 15:40:18,perhati tiket
"seharusnya disediakan pilihan tempat tujuan berdasarkan pemberangkatan, sehingga tidak perlu cek 1/1 pemberhentian di setiap kota",2,4,2.2.6,2.2.6,2019-02-16 22:40:35,sedia pilih tuju dasar berangkat tidak cek henti kota
cari tiket gk tampil..malah suruh menghubungi agen terdekat..gimana ini aplikasi,1,0,2.2.6,2.2.6,2019-02-10 15:45:42,cari tiket tidak tampilmalah suruh hubung agen terdekatgimana aplikasi
ok,5,0,2.2.6,2.2.6,2019-02-10 10:45:20,ok
bagus,5,0,,Unknown,2019-02-08 13:00:54,bagus
ok,5,0,2.2.5,2.2.5,2019-02-06 18:29:25,ok
"kode verifikasi ga dapet,jumlah digit no hp aku kurang,",1,1,2.2.6,2.2.6,2019-02-05 21:41:54,kode verifikasi tidak dapetjumlah digit no hp
ga bs pesen tiket...,1,0,,Unknown,2019-02-01 14:10:30,tidak sen tiket
kenapa login nya muter2 trus padahal signal kuota OK semua,4,1,2.2.6,2.2.6,2019-02-01 11:40:30,login muter trus signal kuota ok
tes,3,0,,Unknown,2019-02-01 09:25:24,tes
"aplikasi apaan ini..... kaya tai,😠 kaga bisa dipake..... kaga bisa log in juga.....kampret lah👎🖕🖕🖕",1,0,2.2.6,2.2.6,2019-01-24 17:59:30,aplikasi kaya tai kaga dipake kaga log in jugakampret
"ini aplikasi apa sih? dipake untuk booking gak bisa, alasannya selalu tiket habis",1,5,2.2.6,2.2.6,2019-01-23 18:19:02,aplikasi sih dipake booking tidak alas tiket habis
salam santun.. aplikasinya bagus. terimakasih po rosalia indah. memberi dana konpensasi kecelakaan senilai 200rb. dengan total kerugian diatas 2jt yg ditanggung penumpang. semoga barokah bagi korban lainya dengan nilai 200rb. skali lg terimakasih.. semoga po rosalia indah semakin.???,1,8,2.2.6,2.2.6,2019-01-18 07:00:15,santun aplikasi bagus terimakasih po rosalia indah dana konpensasi celaka nila rb total rugi atas jt tanggung tumpang moga barokah korban lai nilai rb skali terimakasih moga po rosalia indah
mudah2an ada yg jam 5 sore dri kp rambutan,5,0,,Unknown,2019-01-18 00:32:31,mudah jam sore dri kp rambutan
nice..,5,0,2.2.6,2.2.6,2019-01-15 20:26:33,nice
"tolong diperbaiki lagi. saya pesan lewat aplikasi nomor kursi 1c 1d, pas cetak tiket dapat 1c sama 2d, pelyanannya kurang memuaskan lewat aplikasi",2,7,2.2.6,2.2.6,2019-01-08 15:45:43,tolong baik pesan aplikasi nomor kursi cetak tiket pelyanannya muas aplikasi
login kok bisa bisa ya...????,1,0,,Unknown,2019-01-06 10:03:30,login
"Sudah isi data tapi ga dapet kode verif, itu giman? mhon bantuannya,, BTK",2,0,2.2.6,2.2.6,2019-01-05 10:23:50,isi data tidak dapet kode verif gim mhon bantu btk
kalo gak download kalian nyesel,5,0,,Unknown,2019-01-03 14:58:31,tidak download nyesel
baru buat akun baru tapi belum dapat kode verifikasi. rekomended banget loh padahal po ini. mohon manajemen untuk segera menindaklanjuti. terima kasih.,2,3,2.2.6,2.2.6,2019-01-03 07:51:03,akun kode verifikasi rekomended banget loh po manajemen menindaklanjuti terima kasih
Menarik,4,0,2.2.6,2.2.6,2019-01-02 09:45:22,tarik
Untuk pembayaran melalui alfa dan indo susah.,1,0,2.2.6,2.2.6,2018-12-29 18:05:57,bayar alfa indo susah
percuma ada aplikasi klo ga bisa di pake,1,0,2.2.6,2.2.6,2018-12-29 05:11:28,aplikasi tidak pake
du,2,0,,Unknown,2018-12-28 22:30:36,du
"mantap,, baru di pake sekali langsung bisa berangkat,,, app nya sangat membantu,, terima kasih,,",5,0,1.1.1,1.1.1,2018-12-28 18:54:16,mantap pake berangkat aplikasi bantu terima kasih
"Sabar bosku,bukannya mau ngebela namanya juga ini belom lama rilis aplikasinya lu kira gampang bikin aplikasi kaya gini",5,0,,Unknown,2018-12-28 10:22:48,sabar boskubukannya ngebela nama bom rilis aplikasi lu gampang bikin aplikasi kaya gin
saya douwnload aplikasi ini kok gx bsa ya,3,0,,Unknown,2018-12-26 18:52:36,douwnload aplikasi gx bsa
"udah isi data,susah nggak dapet kode verifikasi.jadi belum bisa di pake.padahal aku butuh banget mau beli tiket buat keberangkatan tgl.29 sekeluarga ke jakarta.",1,61,2.2.6,2.2.6,2018-12-26 09:27:21,udah isi datasusah nggak dapet kode verifikasijadi pakepadahal butuh banget beli tiket berangkat tgl keluarga jakarta
baru mau bikin akun...udah dftr tapi kok gak ada kiriman email or sms utk kode verifikasi...gimana ini,1,4,2.2.6,2.2.6,2018-12-23 21:23:43,bikin akunudah dftr tidak kirim email or sms kode verifikasigimana
"min saya naik bis jurusan Wonosobo bitung tanggal 23 bualan desember 2018 nah saya naik bis tambahan min,jangan mentang mentang tambahan tapi ga bisa pake fasilitas yg ada cntoh buat ngecas tidak bisa pake kan itu perlu buat kabarin yg dirumah tindak lanjuti coba entr saya pindah haluan ini ke bis lain",1,3,2.2.5,2.2.5,2018-12-23 16:45:11,admin bis jurus wonosobo bitung tanggal bual desember bis tambah minjangan mentang mentang tambah tidak pake fasilitas cntoh ngecas tidak pake kabarin rumah tindak lanjut coba entr pindah haluan bis
login kok pake id... susah... ribet,1,0,2.2.6,2.2.6,2018-12-22 19:30:33,login pake id susah ribet
coba dulu,3,0,,Unknown,2018-12-21 22:34:37,coba
ga bisa pilih seat masa:( l,1,0,,Unknown,2018-12-20 20:42:57,tidak pilih seat
ok,5,0,,Unknown,2018-12-20 20:21:33,ok
aplikasi ga bisa dipake.. apa gunanya? buat cek ketersediaan tiket semua habis,1,3,2.2.6,2.2.6,2018-12-19 22:02:26,aplikasi tidak dipake guna cek sedia tiket habis
"Semoga kedepanya bisa melihat posisi bus di jalan dan ,bisa memilih tempat duduk",4,1,2.2.6,2.2.6,2018-12-19 02:52:42,moga depa posisi bus jalan pilih duduk
Jangan Bikin Aplikasi kalau tiket g bisa di boked via online... Penipuan namanya.... Dengarkan customer... Saya bisa 3x naik Rosin sebulan... Masa mau mesan tiket habis trus... Kocak lah namanya,2,2,2.1.2,2.1.2,2018-12-19 00:34:00,jangan bikin aplikasi tiket boked via online tipu nama dengar customer rosin bulan mesan tiket habis trus kocak nama
Rosalia indah mantep,5,0,,Unknown,2018-12-18 10:36:38,rosalia indah mantep
Cukup membantu mencari ticket dalam situasi sibuk,5,0,2.2.1,2.2.1,2018-12-16 22:00:32,bantu cari ticket situasi sibuk
Bus Rosalia Indah,5,0,,Unknown,2018-12-16 13:18:56,bus rosalia indah
Bnci,1,0,,Unknown,2018-12-15 20:02:35,bnci
Mantap,5,0,2.2.4,2.2.4,2018-12-15 16:47:39,mantap
Lumayan membantu.. Tetapi setelah update tdk bisa utk psan online.. No kursi tidak muncul.. Terpaksa kembali pake versi Web.,3,19,2.2.6,2.2.6,2018-12-15 06:14:37,lumayan bantu update tidak psan online no kursi tidak muncul paksa pake versi web
mohon di buat untuk pemilihan kursi nya... adar pemesan bisa memilih kursi,1,2,2.2.6,2.2.6,2018-12-13 23:57:00,pilih kursi adar mes pilih kursi
Mau masuk berteletele harus cantumin kode boking padahal baru mau masuk no boking dari mana,1,0,,Unknown,2018-12-13 19:45:25,berteletele cantumin kode boking no boking
"Ga bisa pilih kursi. Sebuah fasilitas yang sangat penting tapi ga bisa dipastikan.... Sampai di situ ga bisa, uninstall dah.",1,7,2.2.6,2.2.6,2018-12-13 19:16:37,tidak pilih kursi fasilitas tidak situ tidak uninstall dah
Aplikasi bagus....cuma ga bisa memilih seat yg diinginkan...sukses untuk Rosalia,3,7,2.2.6,2.2.6,2018-12-13 12:37:59,aplikasi baguscuma tidak pilih seat diinginkansukses rosalia
Mau beli tiket ga bisa trus gunanya aplikasi apaan??,1,6,2.2.6,2.2.6,2018-12-12 19:34:29,beli tiket tidak trus guna aplikasi
Akan saya tanbah kalau sudah bisa PILIH KURSI. Padahal ini vital banget lhoo..,1,1,,Unknown,2018-12-11 15:31:10,tanbah pilih kursi vital banget lhoo
Yaman,5,0,2.2.5,2.2.5,2018-12-11 14:59:38,yaman
Autobus yg upgrade perkembangan tehnologi,5,0,2.2.5,2.2.5,2018-12-11 12:58:15,autobus upgrade kembang tehnologi
"Saya suka aplikasi ini, Semoga kedepan semakin baik lagi. Untuk pesan tiketny, saya harap bisa pilih tmpat duduk sesuai keinginan pemesan, Sekaligus denah kursinya. Terimakasih",5,70,2.2.6,2.2.6,2018-12-10 19:18:40,suka aplikasi moga depan pesan tiketny harap pilih tmpat duduk sesuai mes denah kursi terimakasih
Ok,5,0,2.1.2,2.1.2,2018-12-10 18:20:19,ok
Pelayanan tiket lemot .berbasis internet,1,0,,Unknown,2018-12-10 12:46:56,layan tiket lot bas internet
Joss,5,0,2.2.4,2.2.4,2018-12-09 04:12:57,joss
"Sangat puas u/ pelayanannya top bgt deh,bulan depan inshaAllah kita jalan bareng.....",5,0,2.2.4,2.2.4,2018-12-07 23:10:08,puas layan top banget dehbulan inshaallah jalan bareng
Sangat membantu,5,0,2.2.4,2.2.4,2018-12-07 21:01:46,bantu
pelayanannya sangat bagus,5,0,2.2.4,2.2.4,2018-12-07 18:14:24,layan bagus
Admin nya bikin kecewa,1,0,,Unknown,2018-12-04 19:46:27,admin bikin kecewa
Aplikasi ini baru berjalan 60% aja...selebihnya masih banyak ke kurangan...untuk tampilan sudah bagus...tp kalo untuk bookig tiket bus saya masih ragu...paling kalo beli tiket bus rosin mending ke agen langsung.kalo aplikasi ini hanya ingin tau harga tiketnya saja..,3,2,,Unknown,2018-12-02 12:38:58,aplikasi jalan ajaselebihnya kuranganuntuk tampil bagustp bookig tiket bus ragupaling beli tiket bus rosin mending agen langsungkalo aplikasi tau harga tiket
Joss,5,0,,Unknown,2018-12-02 11:33:57,joss
"Kalo udah ada update bisa pilih kursi, bintange aku full kan.. Saran: akun medsos atau emailnya mohon lebih responsip. Admin cukup baik dan sopan..",2,2,2.2.4,2.2.4,2018-12-01 19:59:07,udah update pilih kursi bintange full saran akun medsos email responsip admin sopan
"Bener2 mengecewakan customer...klo ga bisa bikin pelayanan nyaman ga usah buka usaha jasa transportasi....istri saya mo ke purwokerto dari terminal serang,dijanjikan agen jam 2 berangkat,nyampe di terminal serang agen rosalianya bilang berangkat jam 4,eh udah dtg jam setengah 4 sampe jam setengah enam lum dtg juga armadanya....bener2 mengecewakan...bubar aja lah tuh po rosalia indah",1,4,2.2.1,2.2.1,2018-11-29 23:19:28,bener kecewa customerklo tidak bikin layan nyaman tidak buka usaha jasa transportasiistri mo purwokerto terminal serangdijanjikan agen jam berangkatnyampe terminal serang agen rosalianya bilang berangkat jam eh udah dtg jam sampe jam enam lum dtg armadanyabener mengecewakanbubar tuh po rosalia indah
"Bagus, hanya saja lebih baik lagi jika bisa memilih tempat duduk.",4,0,2.2.1,2.2.1,2018-11-27 06:22:30,bagus pilih duduk
Auk ah gelap,2,1,2.2.1,2.2.1,2018-11-26 02:40:07,auk ah gelap
Saya paling suka dalam perjalanan mudik dll sejak dulu kala. Bahkan pernah ada pramugari bus eh kalau bus bukan pramugari ya... Pemandu (wanita) dlm perjalanan,5,1,2.2.1,2.2.1,2018-11-23 18:02:22,suka jalan mudik dll pramugari bus eh bus bukan pramugari pandu wanita jalan
Mantap ...oke...satisfied,5,0,2.2.1,2.2.1,2018-11-22 09:39:05,mantap okesatisfied
Bis EXSEKUTIF RASA EKONOMI......!!!! MENDING NAIK HARYANTO SAMA HARGA 180 BIS BARU.TIDAK BERISIK SUARAMESIN.,1,2,2.2.1,2.2.1,2018-11-21 22:10:58,bis exsekutif ekonomi mending haryanto harga bis barutidak berisik suaramesin
"Seharusnya ada recent pesanan yang kita pesan d aplikasi ini. Seperti traveloka. Lebih mudah pesan langsing d agen klo gini mah. Ini menyulitkan. Bukan mempermudah. Tolong kritikannya d baca, masukannya banyak pasti dari orang2 pelanggan setia rosalia.",1,3,,Unknown,2018-11-17 15:13:06,recent pesan pesan aplikasi traveloka mudah pesan langsing agen gin mah sulit bukan mudah tolong kritik baca masuk langgan setia rosalia
Diperbaiki lagi,5,0,2.2.1,2.2.1,2018-11-15 11:35:05,baik
Gak ada rute sumtra barat nya,1,0,,Unknown,2018-11-11 23:50:56,tidak rute sumtra barat
"Sangat berguna , thanks rosalia indah",5,0,,Unknown,2018-11-06 00:49:31,guna thanks rosalia indah
pembayaran tiket sulit krn tidak pakai mobile banking,3,2,2.2.1,2.2.1,2018-11-05 19:34:25,bayar tiket sulit tidak pakai mobile banking
Ribet,2,0,,Unknown,2018-11-04 10:52:30,ribet
Semoga dpt membantu pembelian tiket bus,4,0,2.1.2,2.1.2,2018-10-31 13:02:32,moga dpt bantu beli tiket bus
"Saya beli via aplikasi pembayaran via visa tidak ada pemberitahuan tiket dan tidak ada notifikasi berhasil, tetapi ternyata kepotong saldo. Dan saya tidak dpt tiket",2,1,2.2.1,2.2.1,2018-10-29 19:29:42,beli via aplikasi bayar via visa tidak pemberitahuan tiket tidak notifikasi hasil potong saldo tidak dpt tiket
Baru jajal belum maksimal nih..bravo RI,3,0,,Unknown,2018-10-29 09:08:50,jajal maksimal nihbravo ri
Buat apa aplikasi kalo ujung2nya harus ke agen langsung? seharusnya aplikasi memudahkan customer untuk reservasi bukannya dibuat semakin bingung,1,14,2.2.1,2.2.1,2018-10-27 13:06:39,aplikasi ujung agen aplikasi mudah customer reservasi bingung
Mohon maaf kalo agen dari bandung dimana yah mohon bantuannya,5,1,2.2.1,2.2.1,2018-10-24 01:18:39,maaf agen bandung mana yah bantu
Aplikadi tidak bisa digunakan,1,3,2.2.1,2.2.1,2018-10-23 18:13:15,aplikadi tidak
Semoga layanan lebih baik dan baik lagi.. Blm pernah mengecewakan,4,0,2.2.1,2.2.1,2018-10-17 13:03:22,moga layan blm kecewa
Rosin memang excelent.,5,0,2.1.2,2.1.2,2018-10-14 12:25:51,rosin excelent
Kalo bisa ada situs yg buat cek harga armada sama tujuan donk biar enak mau pesen dan juga memilih armada sebelum pesan,4,13,2.2.1,2.2.1,2018-10-11 14:06:35,situs cek harga armada tuju donk biar sen pilih armada pesan
Gak ada yang tujuan ke cirebon,1,1,2.2.1,2.2.1,2018-10-10 16:15:34,tidak tuju cirebon
Saya suka banget sama aplikasi ini,5,0,,Unknown,2018-10-09 16:13:12,suka banget aplikasi
Bus nya telat 3 jam,2,0,2.2.1,2.2.1,2018-10-06 22:39:05,bus telat jam
Biodatanya panjang bener.. Males isinya biasa beli tiket pesawat online gak gini2 amat.. Sampe agen terdekat suruh isi! Mana saya tau agen terdekat di mana? tadinya mau cek harga.. Terus saya kira Nanti agen terdekat muncul/di tunjukan di mana saja di kota saya... Gak jadi pake lsg hapus.. Ribett...,2,22,2.2.1,2.2.1,2018-10-03 18:23:51,biodata bener males isi beli tiket pesawat online tidak gin sampe agen dekat suruh isi tau agen dekat cek harga agen dekat munculdi tunjuk kota tidak pake lsg hapus ribett
Mantap jiwa Rosalia... Gass keunn,5,6,2.2.1,2.2.1,2018-10-02 16:37:26,mantap jiwa rosalia gass keunn
"Sukses buat Rosalia Indah transport,,",5,0,2.1.2,2.1.2,2018-10-01 15:27:42,sukses rosalia indah transport
Mantaps,5,0,2.1.2,2.1.2,2018-10-01 11:13:34,mantaps
Joooss,5,0,,Unknown,2018-09-29 08:08:18,joooss
"Pelayanannya bagus,aplikasinya bagus,cepat sampai tujuan",5,0,,Unknown,2018-09-23 13:07:42,layan bagusaplikasinya baguscepat tuju
Saya sanggat kecewa saya pesan tiket tnggal 10 september 2018 tpi kenapa maju tanggal jadi 6 september 2018 pada hal saya udah cek dengan benar dan riwayat pesan nan tidak bisa di buka. Ini mau gimana. Buruan di balas Kenapa riwayat pesanan gak bisa di buka ? Klok memang saya yg salah tanggal jelek kecewa mending pindah apk trevel klok gak beli langsung,1,0,2.1.2,2.1.2,2018-09-07 22:20:27,sanggat kecewa pesan tiket tnggal september tpi maju tanggal september udah cek riwayat pesan nan tidak buka gimana buru balas riwayat pesan tidak buka klok salah tanggal jelek kecewa mending pindah aplikasi trevel klok tidak beli
"Pembayaran tiket lewat indomaret selalu eror terus, katanya bisa beli di online klo kaya bgini terus ribet dah",1,0,,Unknown,2018-08-29 05:00:31,bayar tiket indomaret eror beli online kaya bgini ribet dah
"Sistem booking & pembayaran sudah bagus, hanya untuk kebersihan armada perlu diperbaiki, masih banyak sampah & sisa makanan yg kecil2 tersebar di beberapa area kursi (contoh kulit kuaci), terutama untuk kelas super executive ke atas.",1,1,2.1.2,2.1.2,2018-08-28 23:03:15,sistem booking bayar bagus bersih armada baik sampah sisa makan sebar area kursi contoh kulit kuaci kelas super executive
Tidak terdapat pilihan kursi. Setelah Mengulang beberapa kali sampai kursi habis sudah tidak bisa pesan lagi. Sangat mengecewakan,1,0,2.1.2,2.1.2,2018-08-26 14:20:03,tidak pilih kursi ulang kursi habis tidak pesan kecewa
"Aplikasi tidak membatu tidak bisa untuk pesan ,percumah ngoyo sdah ngisi 
data ,tetep saja suruh ke agen",2,0,,Unknown,2018-08-21 02:15:16,aplikasi tidak batu tidak pesan percumah ngoyo sdah ngisi data tetep suruh agen
"Aplikasi ini sangat bagus... Hanya saja saat proses booking tiket 
dilakukan... selalu terhenti di cari rute... mohon diperbaiki... 
terimakasih.. sementara bintang 3 dulu.... bintang 5 menyusul jika sudah 
lebih baik lagi...",3,1,2.1.2,2.1.2,2018-08-15 08:15:02,aplikasi bagus proses booking tiket henti cari rute baik terimakasih bintang bintang susul
Kurang agen² terdekat tidak masuk dalam pencarian aplikasi,2,0,2.1.2,2.1.2,2018-08-14 21:53:51,agen dekat tidak cari aplikasi
Sebel deh sama aplikasi ini kirim email g bisa sma g di bales tlf ga di angkat,1,0,2.1.2,2.1.2,2018-08-06 08:22:53,sebel deh aplikasi kirim email sma bales tlf tidak angkat
Aplikasi belum siap sdh di fublikasikan.. gak jelas,1,0,2.1.2,2.1.2,2018-08-03 13:38:17,aplikasi sdh fublikasikan tidak
"Aplikasi edan.. Dr tulang bawang jadwal berangkat jam 10 pagi.. Di aplikasi 
mlh di tulis jam 12 mlm.. Bener ga nih ..",1,0,2.1.2,2.1.2,2018-07-27 16:27:04,aplikasi edan dr tulang bawang jadwal berangkat jam pagi aplikasi mlh tulis jam mlm bener tidak nih
"Nomer saya 13 digit, gak bisa verifikasi, perbaiki segera saya ingin 
mencoba pesan secara online.",2,0,2.1.2,2.1.2,2018-07-25 19:08:59,nomer digit tidak verifikasi baik coba pesan online
"Aplikasi koplak,,,isi data, pilih armada,dst gak bisa2, malah suruh hubungi 
petugas ,...",1,0,2.1.2,2.1.2,2018-07-22 06:08:40,aplikasi koplakisi data pilih armadadst tidak suruh hubung tugas
"Membantu cara bayarnya aja ribettt kadang jg ditolak klau indomaret ""maaf 
ndak bs utk Rsalia""",3,1,2.1.2,2.1.2,2018-07-19 10:03:10,bantu bayar ribettt kadang tolak klau indomaret maaf ndak rsalia
"Aplikasikasinya masih bodoh kawan..gak bisa mencari bisnya..segera 
diperbaiki mind",2,1,2.1.2,2.1.2,2018-07-18 11:50:28,aplikasikasinya bodoh kawangak cari bisnyasegera baik mind
Apik,5,0,,Unknown,2018-07-14 09:08:43,apik
"Ga jadi instal Ah, komentar konsumen banyak yang tidak puas pelayanannya",2,0,,Unknown,2018-07-12 12:56:10,tidak instal ah komentar konsumen tidak puas layan
Sukses selalu,5,0,,Unknown,2018-07-08 14:55:18,sukses
Lumayan,3,1,2.1.2,2.1.2,2018-07-06 13:13:23,lumayan
Aplikasi tidak sesuai dengan kebutuhan,1,0,2.1.2,2.1.2,2018-07-05 12:09:15,aplikasi tidak sesuai butuh
Aplikasi belum dapat digunakan,1,1,2.1.2,2.1.2,2018-07-04 19:25:33,aplikasi
Good,5,0,,Unknown,2018-07-03 23:21:15,good
Bus dalam indah sekali,5,0,,Unknown,2018-07-03 20:47:14,bus indah
Bagus mantap,5,0,2.1.2,2.1.2,2018-06-29 17:50:44,bagus mantap
Waduuu.. Tiket hrgany gak update kah?,3,0,2.1.2,2.1.2,2018-06-28 21:40:19,waduuu tiket hrgany tidak update kah
Slau utamakan knyamanan dan fasiltas,4,0,,Unknown,2018-06-25 20:50:14,slau utama knyamanan fasiltas
Gampang carinya ga ribet,5,0,,Unknown,2018-06-25 13:38:09,gampang cari tidak ribet
Aplikasinya kayaknya g jalan,1,0,2.1.2,2.1.2,2018-06-24 08:03:20,aplikasi kayak jalan
3 dulu kalu bagus ta tambahi,3,0,2.1.2,2.1.2,2018-06-22 13:18:35,kalu bagus ta tambah
Saya dari kecil suka dengan bus ri,5,0,,Unknown,2018-06-22 12:22:44,suka bus ri
"Waduh sekarang pelayanan nya kurang bagus ya.. Padahal ini langganan pulang 
pasti pake po rosalia indah...",3,0,1.1.1,1.1.1,2018-06-21 13:03:06,layan bagus langgan pulang pake po rosalia indah
Aplikasi sok erorr,2,1,,Unknown,2018-06-21 09:11:44,aplikasi sok erorr
Ga bisa di pake titik,1,0,,Unknown,2018-06-21 08:11:21,tidak pake titik
"Lumayan lah, tp tolong dong ditingkatkan lagi masa gabisa milih kursi, 
loadingnya lemot kyak siput & mau login gabisa2",3,0,,Unknown,2018-06-19 22:26:44,lumayan tolong tingkat gabisa milih kursi loadingnya lot kyak siput login gabisa
Tolong jawab apa ini aplikasi resmi dari bus rosalia?jika tipu uninstal,3,0,,Unknown,2018-06-14 19:54:13,tolong aplikasi resmi bus rosaliajika tipu uninstal
Membantu sangat,5,0,,Unknown,2018-06-14 13:00:38,bantu
"Maaf sbelumnya yang sudah pengalaman pesen tiket online.. saya coba pesen 
lewat online po rosalia indah.. tgl keberangkatan,tujuan,kelas armada,nama 
dll.. sudah sya isi.. nah d situ ada keterangan kode boking apa ya.. dan 
sya bingung cra pmbayarannya .. tolong bantu n info ya kawan"" agar saya tau 
cra pmbyaran lwat online gmn",4,5,2.1.2,2.1.2,2018-06-11 05:33:55,maaf sbelumnya alam sen tiket online coba sen online po rosalia indah tgl keberangkatantujuankelas armadanama dll sya isi situ terang kode boking sya bingung cra pmbayarannya tolong bantu info kawan tau cra pmbyaran lwat online gmn
Nyaman menikmati perjalanan bersama rosalia indah,5,0,,Unknown,2018-06-10 22:32:56,nyaman nikmat jalan rosalia indah
"Maaf, kenapa ya saya kalau ingin pesan tiket selalu habis mau tgl berapapun 
saya coba pasi tulisannya habis. Saya sudah coba semua tanggal sampai 
agustus juga tulisannya habis. Mohon diperbaiki",3,8,2.1.2,2.1.2,2018-06-10 05:21:35,maaf pesan tiket habis tgl coba pasi tulis habis coba tanggal agustus tulis habis baik
Sangat membantu terima kasih.. pertahankan.,5,0,,Unknown,2018-06-07 14:35:45,bantu terima kasih tahan
saya bangga dengan dedikasi rosalia indah,5,0,,Unknown,2018-06-06 21:54:54,bangga dedikasi rosalia indah
"Aplikasi jembotttt, gk bsa buat cari tiket. Jancokkkk",1,0,,Unknown,2018-06-05 19:18:23,aplikasi jembotttt tidak bsa cari tiket jancokkkk
"Aplikasi zembud....mau booking tiket aja kaga ada semua...jakarta giwangan 
udah di next terus masih ga ada... Laporin aja aplikasinya",1,1,2.1.2,2.1.2,2018-06-05 15:58:11,aplikasi zembudmau booking tiket kaga semuajakarta giwang udah next tidak laporin aplikasi
Sangat membantu,5,0,2.1.2,2.1.2,2018-06-04 02:28:49,bantu
"Mau bikin member aja gag bsa. Nunggu verifikasi gag kluar kluar. Th Long di 
bntu. Dan di tingkatkan. Spy lbih mudah",1,1,2.1.2,2.1.2,2018-06-02 10:48:13,bikin member gag bsa nunggu verifikasi gag kluar kluar th long bntu tingkat spy lbih mudah
"Tidak bisa membuat akun,",2,0,2.1.2,2.1.2,2018-06-01 11:11:10,tidak akun
Nyoba dulu,3,1,2.1.2,2.1.2,2018-06-01 09:47:18,nyoba
"masih bingung cara bayarnya,udah pesen,dapet kursi pas bayar gak ada 
caranya pembayarannya gimana",3,0,2.1.2,2.1.2,2018-05-30 21:27:27,bingung bayarnyaudah pesendapet kursi bayar tidak bayar gimana
Susah register,1,0,2.1.2,2.1.2,2018-05-30 14:06:04,susah register
Sudah bagus,4,0,2.1.2,2.1.2,2018-05-28 22:08:52,bagus
"Sepertinya semua masalah pemesanan sudah teratasi, saya pesan mudah cepat 
dan dapet kursi hot seat... maju terus rosalia👍👍👍",5,0,2.1.2,2.1.2,2018-05-26 22:45:25,mesan atas pesan mudah cepat dapet kursi hot seat maju rosalia
Belum bisa buat pesen tiket... Haaah suruh ke agen terdekat.,2,1,2.1.2,2.1.2,2018-05-26 16:51:31,sen tiket haaah suruh agen dekat
Coba dulu,4,0,,Unknown,2018-05-26 08:46:48,coba
Baguss,5,0,,Unknown,2018-05-26 00:55:43,baguss
"Masa mau pesen tiket jawabannya suruh hubungi agen terdekat..!! Percuma ada 
app nya",3,2,2.1.2,2.1.2,2018-05-24 23:53:48,sen tiket jawab suruh hubung agen dekat aplikasi
"Kurang memuaskan,, lelet koyo siput,,, mau cari tiket aja susahnya minta 
ampun,,, kesuen,, buang2 waktu, di tingkat kan lg ni aplikasi, perlu di 
Oprek lg",1,1,2.1.2,2.1.2,2018-05-23 16:21:32,muas lelet koyo siput cari tiket susah ampun kesuen buang waktu tingkat ni aplikasi oprek
"Udah bagus, cukup membantu. Tapi agak kecewa sama no bus 193 kenapa? karena 
bnyk bnget kecoanya. Tolong dong dibersihkan. Baru kali ini naik 
rosaliaindah agak kecewa. Demi kenyamanan konsumen. Untuk lainny ok",4,0,,Unknown,2018-05-23 14:32:46,udah bagus bantu kecewa no bus bnyk bnget kecoanya tolong bersih rosaliaindah kecewa nyaman konsumen lainny ok
Buang2 kuota ga bsa buat apa2,1,0,2.1.2,2.1.2,2018-05-23 08:25:31,buang kuota tidak bsa
Nggak bisa dipakai. Tidak berguna.,1,1,2.1.2,2.1.2,2018-05-22 19:57:55,nggak pakai tidak guna
Jelek banget,1,0,2.1.2,2.1.2,2018-05-21 23:00:25,jelek banget
"Sebenernya membantu tp tiap saya mau email meminta bantua. Admin tidak bisa 
dikirim trs aplikasi stuck diam aja tidak ada respon. Trs buat admin tlng 
bantu saya karena saya lupa member ID saya",3,23,2.1.2,2.1.2,2018-05-21 19:40:15,sebenernya bantu email bantua admin tidak kirim trs aplikasi stuck diam tidak respon trs admin tlng bantu lupa member id
Mantep...,5,0,,Unknown,2018-05-18 16:32:13,mantep
"Sign up enggak bsa, reservation gx bisa. Bisanya ap ???",1,1,2.1.2,2.1.2,2018-05-13 03:01:33,sign up bsa reservation gx bisa ap
"Kacau ok mm ini aplikasi, gak bisa dipake",1,0,2.1.2,2.1.2,2018-05-13 00:18:10,kacau ok mm aplikasi tidak dipake
Cba dulu,3,0,,Unknown,2018-05-07 15:10:31,cba
Gak bisa buat booking tiket,1,0,,Unknown,2018-05-06 12:30:01,tidak booking tiket
"Susah amat buat akun nya, itu ngirim kode verifikasi kemana? Email gada SMS 
gada 😑",4,0,,Unknown,2018-05-03 19:40:34,susah akun ngirim kode verifikasi mana email gada sms gada
"Tidak bisa register, apalagi login, boro boro booking",1,1,2.1.2,2.1.2,2018-05-03 16:47:13,tidak register login boro boro booking
Bego,5,0,2.1.2,2.1.2,2018-04-30 11:02:45,bego
Mantab,4,0,,Unknown,2018-04-27 15:08:31,mantab
Gak bisa di guna in,1,0,,Unknown,2018-04-25 01:25:28,tidak in
"Dulu memuaskan... sekarang banyak di oper... masak qu dri blitar psen korsi 
4 sampe bndar lampung di oper.. mana bngku jdi pindah paling belakang... 
kecawa lah pokok nya",1,34,2.1.2,2.1.2,2018-04-24 17:18:22,muas oper masak qu dri blitar psen korsi sampe bndar lampung oper bngku jdi pindah kecawa pokok
"Saya suka sekali aplikasi tiket online rosalia indah,biarpun masih ada yg 
kurang mudah2an utk kedepannya lebih bagus lgii",4,0,2.1,2.1,2018-04-19 01:05:11,suka aplikasi tiket online rosalia indahbiarpun mudah depan bagus lgii
"Uda repot2 download giliran di buka leletnya minta ampun padahal pk hp ram 
3gb.. masih mendingan jalanya siput ketauan. .😱😱",1,4,2.1.2,2.1.2,2018-04-19 00:07:58,uda repot download gilir buka lelet ampun pk hp ram gb mending jala siput tau
"Belum bisa dipakai untuk booking ticket . Sayang sekali mohon untuk 
dikembangkan karena jaman sekarang sudah diperlukan via online semua 
transaksi agar lebih efisien",2,29,2.1.2,2.1.2,2018-04-18 08:38:19,pakai booking ticket sayang kembang jaman via online transaksi efisien
Mantap,5,1,2.1.2,2.1.2,2018-04-17 13:03:16,mantap
Sangat membantu,5,2,2.1.2,2.1.2,2018-04-17 07:50:41,bantu
JANGAN PERNAH INSTAL APLIKASI INI..  BUANG2 KUOTA..  APP GA PERNAH BISA KERJA.. GA NIAT ABAL2..,1,2,2.1.2,2.1.2,2018-04-16 14:46:32,jangan instal aplikasi buang kuota aplikasi tidak tidak niat abal
"Sangat membantu....kemarin sudah aku coba.. ternyata mudah juga 
pembayarannya bisa lewat alfamart...trima kasih banyak...",5,0,,Unknown,2018-04-13 22:11:07,membantukemarin coba mudah bayar alfamarttrima kasih
Ini gak bisa verifikasi  gak bisa. Kodenya brp? Tolong dijawab min,3,7,2.1.2,2.1.2,2018-04-13 08:12:21,tidak verifikasi tidak kode brp tolong admin
"Sudah bagus, dan sangat membantu tapi kenapa setiap isi pas ngisi email pas ngetik lanjut pasti emailnya tidak valid padahal masukin emainya sudah brnar moho diperbaiki lagi",3,28,2.1.2,2.1.2,2018-04-13 06:06:37,bagus bantu isi ngisi email ngetik email tidak valid masukin emainya brnar moho baik
Sangat membantu,5,1,2.1,2.1,2018-04-09 14:03:02,bantu
Bagus,5,0,,Unknown,2018-03-30 12:41:35,bagus
Untuk tujuan bandung ke kediri blom ada,4,1,1.1.1,1.1.1,2018-03-29 19:30:54,tuju bandung diri blom
"Menjadi lebih mudah untuk bertransaksi,terhindar dari calo.😂",5,0,2.1,2.1,2018-03-28 14:49:26,mudah bertransaksiterhindar calo
Kl bsa armada di perbanyak..,3,0,,Unknown,2018-03-27 13:32:26,kl bsa armada banyak
Karena rosalia indah memiliki armada yg cukup bagus dan pelayanan yg ramah kan mas mbak,5,0,,Unknown,2018-03-27 10:41:49,rosalia indah milik armada bagus layan ramah mas mbak
Tidak bisa login,2,0,2.1,2.1,2018-03-27 07:08:30,tidak login
Ga bisa milih kursi,2,0,,Unknown,2018-03-26 17:12:32,tidak milih kursi
Kereeeeen,5,0,2.1,2.1,2018-03-26 16:23:56,kereeeeen
Sudah daftar tapi ga bisa masuk. Tolong di perbaiki lagi.,4,0,2.1,2.1,2018-03-25 20:00:39,daftar tidak tolong baik
"No Hp min harus 11 digit baru bisa , 10 digit ditolak,  harap diperbaiki lagi.",2,7,2.1,2.1,2018-03-25 06:08:50,no hp admin digit digit tolak harap baik
"Mohon perbaiki lagi, aplikasinya masih setengah matang...gabisa input kota/agen keberangkatan dan tujuan",1,5,2.1,2.1,2018-03-25 00:32:59,baik aplikasi matanggabisa input kotaagen berangkat tuju
Selamat Ulang Tahun ke 27,5,0,,Unknown,2018-03-24 19:53:58,selamat ulang tahun
"Cepat,mudah dan pelayanannya bagus",5,0,,Unknown,2018-03-24 15:04:35,cepatmudah layan bagus
TOP Banget aplikasinya,5,0,,Unknown,2018-03-24 13:18:49,top banget aplikasi
Semangat,5,2,2.1,2.1,2018-03-24 13:14:40,semangat
"Saya gak bisa login,  sudah buat akunya tapi tetep saja  gak bisa masuk.",1,2,2.1,2.1,2018-03-24 09:58:48,tidak login aku tetep tidak
Luar biasa Dan Mudah di akses,5,1,2.1,2.1,2018-03-24 09:15:34,mudah akses
Luar biasa dan mudah di akses,5,0,,Unknown,2018-03-24 09:06:47,mudah akses
Luar biasa pesen tiket jadi lebih mudah,5,1,2.1,2.1,2018-03-24 00:25:18,sen tiket mudah
Maju terus Rosalia Indah...,5,0,,Unknown,2018-03-23 20:55:58,maju rosalia indah
Sukses selalu rosalia indah transport,5,0,2.1,2.1,2018-03-23 20:22:37,sukses rosalia indah transport
Luar biasa,5,0,,Unknown,2018-03-23 11:42:24,
Bagus.,4,0,1.1.1,1.1.1,2018-03-23 11:42:22,bagus
Manrab djiwa,5,0,1.1.1,1.1.1,2018-03-23 11:35:09,manrab djiwa
Rosalia indah... TOP BGT,5,0,2.1,2.1,2018-03-23 11:22:29,rosalia indah top banget
Amazing,5,0,2.1,2.1,2018-03-23 10:31:41,amazing
Pelayanan OK,5,0,,Unknown,2018-03-22 14:52:23,layan ok
"Sangat membantu sekali dalam pemesanan tiket dan tidak repot2 ke agen atau terminal, makasih rosalia indah sukses selalu",5,0,,Unknown,2018-03-20 10:37:27,bantu mesan tiket tidak repot agen terminal makasih rosalia indah sukses
Bus paling payah. Berkali2 delay semarang-jkt.   Terakhir dr bekasi hari jumat tgl 16 maret 2018. Bus eksekutif mogok 2 kali gara2 van belt putus.  Pertama di brebes kedua d pemalang. Pas mau balik ke bekasi minggu tgl 18 maret 2018. Bus eksekutif plus jadwal 18.30. Tiba2 sore dpt sms delay d suruh kumpul jam 21.30. Alasanya kemaren bis kecelakaan d pemalang.  Mungkin yg d maksud bis mogok kali ya.  Dan mungkin gak punya bis cadangan.  Bisnya dikit mungkin. Bisnya yg eksekutif sdh uzur dan mungkin tiap mau berangkat tidak pernah di inspeksi terlebih dahulu. Itulah sekelumit kisah brsama bus yg payah. Pokoke kapok.,1,0,,Unknown,2018-03-18 18:39:15,bus payah kali delay semarangjkt dr bekas jumat tgl maret bus eksekutif mogok gara van belt putus brebes malang bekas minggu tgl maret bus eksekutif plus jadwal sore dpt sms delay suruh kumpul jam alasanya kemaren bis celaka malang bis mogok tidak bis cadang bis dikit bis eksekutif sdh uzur berangkat tidak inspeksi kelumit kisah brsama bus payah pokoke kapok
"Jadwal keberangkatan sering kacau,  jadwal brngkat 12.30 jam 3 bru brngkt",1,2,2.0,2.0,2018-03-18 14:19:59,jadwal berangkat kacau jadwal brngkat jam bru brngkt
Sangat bagus sekali,5,1,2.0,2.0,2018-03-18 03:29:05,bagus
"Padahal baru download , belum pernah punya akun . Tapi giliran mau buat akun ga bisa..kata nya sudah memiliki akun.",2,1,2.0,2.0,2018-03-17 14:23:51,download akun gilir akun tidak bisakata milik akun
Bagus,5,0,,Unknown,2018-03-09 10:58:39,bagus
Untuk memesan tiket semakin mudah,5,0,,Unknown,2018-03-08 17:15:59,mes tiket mudah
"Keren,semakin mudah pesen tiket",5,0,1.1.1,1.1.1,2018-03-08 11:38:54,kerensemakin mudah sen tiket
"Mau pesan tiket ko tiket nya selalu habis, ini beneran aplikasi dari rosalia indah apa bukan sh,",3,0,1.1.1,1.1.1,2018-03-06 21:39:46,pesan tiket ko tiket habis beneran aplikasi rosalia indah bukan sh
Sangat membantu sekali,5,0,1.1.1,1.1.1,2018-03-03 10:25:59,bantu
Aplikasi ini cuma buat pajangan doang brow.. ini g ada fungsinya sama sekali,1,0,,Unknown,2018-03-01 22:17:31,aplikasi pajang doang brow fungsi
Ndak bisa milih kursi masa 😩,3,0,1.1.1,1.1.1,2018-02-25 15:24:38,ndak milih kursi
Aplikasi bosok,1,0,,Unknown,2018-02-25 06:46:57,aplikasi bosok
jika ada promo  harga tlg yg beli lewat online kasih harga promonya juga dong,3,1,1.1.1,1.1.1,2018-02-19 13:48:43,promo harga tlg beli online kasih harga promonya
Aplikasi tidak support untuk memilih tempat duduk..PARAHHH...!!!! Lebih aman langsung beli di pool atau loket..Lebih baik booking di Bo*Bis..itu komen banyak yg kecewa tapi tidak ada respond yang baik dari Adminnya,1,0,,Unknown,2018-02-13 18:46:44,aplikasi tidak support pilih dudukparahhh aman beli pool loketlebih booking bobisitu komen kecewa tidak respond adminnya
"Saya kasih 5 biar tambah semangat admin,soalnya masih banyak bug sana sini,saya tunggu perbaruan berikutnya,thz.",5,0,,Unknown,2018-02-13 10:15:53,kasih biar semangat adminsoalnya bug sinisaya tunggu baru berikutnyathz
"Tidak efektif, agen cabang keuntunganya berkurang jadi enggak enak hati sama agenya klo pesen online.",1,0,1.1.1,1.1.1,2018-02-11 16:16:17,tidak efektif agen cabang keuntunganya kurang hati agenya sen online
"Payah gak bisa buat akun, log nya email tidak terdaftar terus pakai email lain malah di suruh cek email pas di cek ndk ada pberitahuan , pie to Harusnya ada team IT nya yg standby 👎",2,1,1.1.1,1.1.1,2018-02-11 15:17:38,payah tidak akun log email tidak daftar pakai email suruh cek email cek ndk pberitahuan pie to team it standby
Tidak bermanfaat,1,0,1.1.1,1.1.1,2018-02-10 20:23:17,tidak manfaat
"Aplikasi yang sangat bagus Dan sangat membantu , terimakasih PT Rosalia indah transport",5,0,,Unknown,2018-02-10 10:11:36,aplikasi bagus bantu terimakasih pt rosalia indah transport
simple n praktis,5,0,,Unknown,2018-02-07 20:36:18,simple praktis
"Ini bagaimana caara makainya si... Sudah daftar sampai 2 nomor 2 email.. Pas logout ga bisa login lagi,, yg satu bilang email sudah terdaftar... Tapi ngga ada notifikasi. . Perbaiki lagi dech",1,0,,Unknown,2018-02-01 22:35:52,caara maka si daftar nomor email logout tidak login bilang email daftar ngga notifikasi baik dech
Sip mantap,5,0,,Unknown,2018-02-01 00:06:59,sip mantap
Aplikasi kayak Penis ..dancok Jaran..tai asu..Aplikasi Anjing,1,0,,Unknown,2018-01-25 14:39:35,aplikasi kayak penis dancok jarantai asuaplikasi anjing
Knapa saya tidak bisa daftar pdhal sdah daftar,3,1,1.1.1,1.1.1,2018-01-22 19:02:33,knapa tidak daftar pdhal sdah daftar
gaje 😑,1,0,,Unknown,2018-01-22 00:32:37,gaje
Gak bisa daftar gmna nih..saran nya??,2,0,1.1.1,1.1.1,2018-01-18 22:18:42,tidak daftar gmna nihsaran
Ni aplikasi beneran dari rosalia indah bukan sih kok setelah daftar ndak ada konfirmasi emailnya bahkan saya coba daftar 2 kali juga masih sama  Trus sepertinya banyak komentar komentar yg mengeluhkan tentang aplikasi ini,1,15,1.1.1,1.1.1,2018-01-18 08:23:16,ni aplikasi beneran rosalia indah bukan sih daftar ndak konfirmasi email coba daftar trus komentar komentar keluh aplikasi
"Tidak bisa create account, padahal pada saat isi data sudah berhasil,,  tidak konfirmasi apapun masuk ke email,, very bad",1,0,,Unknown,2018-01-15 15:03:09,tidak create account isi data hasil tidak konfirmasi apa email very bad
"Bagus sih tapi bukan memudahkan pemesanan malah tambah susah dalam pemesanan dan tetap sama saja harus pesan langsung di agentnya, tolong untuk pihak pembuat diperbaiki masalah ini",1,0,1.1.1,1.1.1,2018-01-13 12:30:30,bagus sih bukan mudah mesan susah mesan pesan agentnya tolong buat baik
Payah.. sok ikutan era digital.. kayak tiket pesawat. Tapi malah tambah mengecewakan member,1,0,1.1.1,1.1.1,2018-01-13 09:02:29,payah sok ikut era digital kayak tiket pesawat kecewa member
Dftr apliksinya jah gk bsa... aku udh pake 2 email gak ada yng masuk 1 pun .. konfirnsinya parah,1,0,1.1.1,1.1.1,2018-01-12 09:07:11,dftr apliksinya jah tidak bsa pake email tidak yng konfirnsinya parah
Tiket di semua tanggal dan jurusan habis semua. Tolong di benahi. Ini emang benar - benar habis atau bugs. Sangat kecewa. Trimakasih.,2,0,1.1.1,1.1.1,2018-01-07 06:54:31,tiket tanggal jurus habis tolong benah emang habis bugs kecewa trimakasih
"Payah datang ke indomaret atau alfa mart blm bisa,,terusss untuk bca jg blm ada",1,5,1.1.1,1.1.1,2018-01-04 19:31:49,payah indomaret alfa mart blm bisaterusss bca blm
"Kenapa sy sudah melakukan transfer lewat cimb clicks tp g dapet motif e tiket nya.. sy lihat di email g ad jg.  Sy coba lihat stts, tp kode bokingny g ad.. jadi sampai skrng g ad penjelasan kelanjutan tiketnya",3,1,1.1.1,1.1.1,2018-01-04 15:00:05,sy transfer cimb clicks dapet motif tiket sy email ad jg sy coba stts kode bokingny ad skrng ad jelas lanjut tiket
Masa setiap ngecek tiketnya habis Ngga jelasss,2,2,1.1.1,1.1.1,2018-01-03 17:22:21,ngecek tiket habis ngga jelasss
Saya  fans Rosalia indah,5,0,1.1.1,1.1.1,2017-12-31 10:14:34,fans rosalia indah
Susah bgt buat boking ya.,2,1,,Unknown,2017-12-29 20:15:31,susah banget boking
Sudah coba daftar paket email yg berbeda. Tp setelah cek email g ada konfirmasi pendaftaran nya berhasil atau gak. Payah. Gak ada petugas yg ngelola aplikasi ya?,2,23,1.1.1,1.1.1,2017-12-29 11:28:15,coba daftar paket email beda cek email konfirmasi daftar hasil gak payah tidak tugas ngelola aplikasi
Selalu tertulis tiket habis dan hubungi agen terdekat.,3,1,1.1.1,1.1.1,2017-12-27 01:31:24,tulis tiket habis hubung agen dekat
mohon kedepannya bisa pilih tempat duduk....terima kadih,5,1,1.1.1,1.1.1,2017-12-22 08:27:30,depan pilih dudukterima kadih
Payaah.. sudah daftar tpi email konfirmasinya belum masuk sampai skrg..,2,0,1.1.1,1.1.1,2017-12-21 10:15:26,payaah daftar tpi email konfirmasi skrg
Jlk aplikasi ini udh di Boking  tanggal 23 untuk bayarny  tanggal 30 malah gk bsa masuk kode bokingng,2,0,1.1.1,1.1.1,2017-12-17 21:39:58,jlk aplikasi boking tanggal bayarny tanggal tidak bsa kode bokingng
Saya senang dengan aplikasi ini.bs utk membantu untuk mencari tiket dengan mudah,4,0,,Unknown,2017-12-17 14:40:42,senang aplikasi inibs bantu cari tiket mudah
"Tmbahin metode pmbayaran dong, lwat atm bni dll",1,2,1.1.1,1.1.1,2017-12-14 21:26:15,tmbahin metode pmbayaran lwat atm bni dll
(-) Sudah berkali2 cek email msh ga ada notif sdh daftar.  (-) cb booking tnp login bisa. Tp begitu bayar ke indomaret katanya kode booking not found. (-) besar banget MB nya.  (+) sy uninstall,1,0,1.1.1,1.1.1,2017-12-14 19:57:43,kali cek email msh tidak notif sdh daftar cb booking tnp login bayar indomaret kode booking not found banget mb sy uninstall
Sip,5,0,,Unknown,2017-12-09 22:53:23,sip
Daftar sudah tp belum dpt balasan via email....trus booking juga email sama sms lama belum dpt balasan juga padahal pembayaran sudah berhasil.kurang banyak admin kayaknya.jadi msh ragu tiketnya nih.,3,7,1.1.1,1.1.1,2017-12-09 19:01:58,daftar dpt balas via emailtrus booking email sms dpt balas bayar berhasilkurang admin kayaknyajadi msh ragu tiket nih
Tingkatkan,5,0,1.1.1,1.1.1,2017-12-04 22:27:00,tingkat
"Parah bgt, sumpah parah banget jadwal keberangkatan saya jam 12 tapi sampe jam 1 belum juga berangkat, dan tidak ada keteramg yang jelas dari pihak agen, agen serang.",1,0,1.1.1,1.1.1,2017-12-02 13:07:19,parah bgt sumpah parah banget jadwal berangkat jam sampe jam berangkat tidak keteramg agen agen serang
Sangat membantu,5,0,,Unknown,2017-11-30 23:37:37,bantu
Gimana ceritanya ini kode booking sdh di dapat tapi no tujuan Transfer/Virtual acount tidak muncul? Padahal uang sdh siap. Sy transfer kmna ini? coba klo kaya kereta api kan enak.,2,30,1.1.1,1.1.1,2017-11-25 07:08:30,gimana cerita kode booking sdh no tuju transfervirtual acount tidak muncul uang sdh sy transfer kmna coba kaya kereta api
Aplikasi aneh...seharusnya itu kalau tiketnya 2 orang bangkunya di cariin yg sepasang jg jgn berpisah.. Jd g enak bnget... Kacau nih..,1,0,1.1.1,1.1.1,2017-11-24 05:30:57,aplikasi anehseharusnya tiket bangku cariin pasang jgn pisah bnget kacau nih
"Saran saya, untuk menu memilih bangku harus ada. Sama setelah booking tiket, kok menu check booking tdk bisa dibuka. Knp ya? Mhn penjelasannya. Selebihnya armada ROSIN sdh yg bagus bgt. Sukses selalu buat ROSIN",5,0,1.0.1,1.0.1,2017-11-21 09:42:06,saran menu pilih bangku booking tiket menu check booking tidak buka knp mhn jelas lebih armada rosin sdh bagus bgt sukses rosin
Gimana sih ada pilihanya alfamart saya bayar kok katanya masnya gk ada i,2,0,,Unknown,2017-11-20 23:09:13,gimana sih pilihanya alfamart bayar mas tidak
Sangat membantu untuk yang ingin berpergian,5,0,,Unknown,2017-11-19 21:07:06,bantu pergi
Sy udah order 3x. Ada pilihan bayar di indomaret sama Alfamart. Tapi sampek sana not found katanya. 😔,3,3,1.1.1,1.1.1,2017-11-17 10:24:00,sy udah order pilih bayar indomaret alfamart sampek not found
Sebaiknya ada opsi m-bca juga jangan cuma bri dan mandiri saja.. Sy udah booking dan pilih opsi bayar via alfamart tp pas sy datang ke alfamart malah di tolak dan enggak bisa bayar.. Hmm gimana nih nasib booking sy..,3,35,1.1.1,1.1.1,2017-11-16 20:12:47,opsi mbca jangan bri mandiri sy udah booking pilih opsi bayar via alfamart sy alfamart tolak bayar hmm gimana nih nasib booking sy
Ini udh bisa belum sih.... Saya 2 x ke Alfa n Indomaret ga bisa smw. Mau masukin kode booking ga cocok.,2,1,1.0.1,1.0.1,2017-11-14 15:03:27,sih alfa indomaret tidak smw masukin kode booking tidak cocok
Aplikasine joss gandos iki 👍👍👍,5,0,,Unknown,2017-11-09 18:39:39,aplikasine joss gandos iki
Good,5,1,,Unknown,2017-11-07 18:11:16,good
"Saya telah mendaftar, namun tidak ada email yg masuk ke saya. Saya seharusnya mendapatkan idmember dari email. Tolong perbaikin server emailnya.",3,0,1.0.1,1.0.1,2017-11-07 17:10:20,daftar tidak email idmember email tolong perbaikin server email
Kalau nyari jurusan jakarta surabaya yang Executif plus SHD ko gk ad sih di aplikasi padahal bus nya sudah ad,5,2,1.0.1,1.0.1,2017-11-07 15:55:29,nyari jurus jakarta surabaya executif plus shd ko tidak ad sih aplikasi bus ad
"Jossss... Usahakan secepatnya agar pelanggan bisa memilih seat nya sendiri. Biar yg berpasangan duduknya gak terpisah. Masak suami duduk di seat B, istrinya duduk di seat C (untuk yg non Super). Kan lucu... 😂",5,7,1.0.1,1.0.1,2017-11-03 10:44:01,jossss usaha cepat langgan pilih seat biar pasang duduk tidak pisah masak suami duduk seat istri duduk seat non super lucu
Salam rosin mania,5,0,,Unknown,2017-11-02 19:41:06,rosin mania
Semoga kedepanya tambah maju lagi.  Amiin,5,2,1.0.0,1.0.0,2017-11-02 17:08:59,moga depa maju amiin
Alhamdulillah skrng jadi lebih mudah kalo mesen tiket rosin,5,0,,Unknown,2017-11-02 16:09:49,alhamdulillah skrng mudah mesen tiket rosin
Top pokoknya Rosalia indah,5,0,,Unknown,2017-11-02 14:54:47,top pokok rosalia indah
"Mantab ,tambah maju Rosalia indah ,semoga lancar dengan program seperti ini",5,0,,Unknown,2017-11-02 14:01:57,mantab maju rosalia indah moga lancar program
bagus semakin maju bus di Indonesia,5,1,1.0.0,1.0.0,2017-11-02 14:01:42,bagus maju bus indonesia
Sippp,5,2,1.0.0,1.0.0,2017-11-02 12:52:28,sippp
"Lancar mantap,",4,2,1.0.0,1.0.0,2017-11-02 12:45:25,lancar mantap
Ngeblenkk pas regis,3,2,1.0.0,1.0.0,2017-11-02 12:38:45,ngeblenkk regis
Express,5,1,1.0.0,1.0.0,2017-10-31 21:05:00,express
Semakin mantab Perbisan di indonesia,5,5,1.0.0,1.0.0,2017-10-31 19:34:15,mantab bis indonesia
Nice. Sukses selalu Rosalia Indah.,5,1,,Unknown,2017-10-30 15:25:26,nice sukses rosalia indah
Ternyata lancar semua.register segala macam sangat lancar dan bagus..lanjutkan,4,4,1.0.0,1.0.0,2017-10-28 21:27:38,lancar semuaregister lancar baguslanjutkan
"Saya baut akun,  udah ngisi profil lengkap.  Tapi justru ngeblank..  Perbaikin nih aplikasi.",2,3,1.0.0,1.0.0,2017-10-28 18:50:05,baut akun udah ngisi profil lengkap ngeblank perbaikin nih aplikasi
Semoga lebih maju dan terpercaya,5,1,,Unknown,2017-10-27 02:25:42,moga maju percaya
